{"initial_reset_timestamp": 1669940208.377079, "timestamps": [1669940209.2192461, 1669940209.413439, 1669940209.6146522, 1669940209.8186777, 1669940210.0193539, 1669940210.2223318, 1669940210.4312332], "episode_lengths": [150, 150, 150, 150, 150, 150, 150], "episode_rewards": [-150.0, -150.0, -150.0, -150.0, -150.0, -150.0, -150.0], "episode_types": ["t", "t", "t", "t", "t", "t", "t"]}