{"initial_reset_timestamp": 1669940207.0894623, "timestamps": [1669940210.4793293, 1669940210.65088, 1669940210.9790528, 1669940211.271589, 1669940211.5591471, 1669940211.844936], "episode_lengths": [115, 150, 150, 150, 150, 150], "episode_rewards": [-114.0, -150.0, -150.0, -150.0, -150.0, -150.0], "episode_types": ["t", "t", "t", "t", "t", "t", "t"]}