{"initial_reset_timestamp": 1670028196.2689188, "timestamps": [1670028205.434826, 1670028205.6791162, 1670028206.032013, 1670028206.3701186, 1670028206.7551665, 1670028207.0978882, 1670028211.994584, 1670028212.4468472, 1670028212.870165, 1670028213.3835645, 1670028213.7356496, 1670028214.0962868, 1670028214.3977234, 1670028223.167561, 1670028229.4605784, 1670028235.84656, 1670028241.7633233, 1670028247.1810224, 1670028253.2990477, 1670028259.1301737, 1670028270.4065897, 1670028276.5348244, 1670028280.7181773, 1670028287.2654915, 1670028293.5277603, 1670028299.895634, 1670028311.6217089, 1670028317.5313551, 1670028323.0946138, 1670028329.3666422, 1670028335.5676448, 1670028341.7722678, 1670028347.853455, 1670028359.2561076, 1670028365.1252558, 1670028371.3379312, 1670028377.4960594, 1670028383.4491353, 1670028389.6762316, 1670028395.7545116, 1670028407.6813772, 1670028413.3942046, 1670028419.3100889, 1670028424.9824688, 1670028431.0225284, 1670028437.4497566, 1670028443.8473098, 1670028455.795608, 1670028458.6016362, 1670028464.09854, 1670028469.9499533, 1670028476.0675335, 1670028482.4797478, 1670028488.8217168, 1670028500.495075, 1670028506.5692744, 1670028512.052091, 1670028517.7393558, 1670028523.55929, 1670028529.6697102, 1670028541.626338, 1670028547.8658438, 1670028553.8795671, 1670028559.911311, 1670028566.3527732, 1670028572.4599361, 1670028578.5928202, 1670028590.696288, 1670028596.8888187, 1670028603.2429638, 1670028609.0166686, 1670028614.9088109, 1670028620.7931252, 1670028626.6887074, 1670028638.6048203, 1670028644.9442575, 1670028651.1335735, 1670028657.4060683, 1670028663.6430888, 1670028670.1562948, 1670028682.0291376, 1670028688.2918053, 1670028694.6397648, 1670028701.1008646, 1670028707.7590084, 1670028714.1638277, 1670028720.4692903, 1670028732.6459818, 1670028739.2191625, 1670028745.63945, 1670028752.073784, 1670028757.8156595, 1670028764.230718, 1670028770.7585483, 1670028783.1553733, 1670028789.5171633, 1670028796.103487, 1670028802.2640202, 1670028808.2464535, 1670028814.2888281, 1670028826.6527476, 1670028832.8308618, 1670028839.4457333, 1670028845.681903, 1670028852.1425295, 1670028858.3127873, 1670028864.7017808, 1670028876.858533, 1670028883.290768, 1670028889.7942066, 1670028896.074001, 1670028902.5831802, 1670028908.8078506, 1670028915.3437507, 1670028927.217214, 1670028933.1606393, 1670028939.508549, 1670028945.9800415, 1670028952.38108, 1670028958.7419605, 1670028970.9070492, 1670028977.3624797, 1670028983.7181964, 1670028990.2822895, 1670028997.0685465, 1670029003.4613817, 1670029009.5248327, 1670029021.1970534, 1670029027.3100495, 1670029033.527234, 1670029036.6912594, 1670029042.7969346, 1670029048.586412, 1670029054.49908, 1670029065.6619906, 1670029071.7864573, 1670029078.1943579, 1670029084.4742203, 1670029090.6818151, 1670029096.4935484, 1670029101.8264446, 1670029113.7883327, 1670029119.959086, 1670029125.9392889, 1670029131.9181197, 1670029138.0852458, 1670029144.2026947, 1670029156.142632, 1670029162.1222126, 1670029167.8416927, 1670029173.7456858, 1670029179.9533365, 1670029186.4201195, 1670029193.0340343, 1670029204.4256139, 1670029210.4089673, 1670029216.4394965, 1670029222.4779232, 1670029228.4984088, 1670029234.8515148, 1670029241.083534, 1670029253.1860964, 1670029258.7933886, 1670029264.9664729, 1670029271.1738596, 1670029277.0849707, 1670029283.000804, 1670029294.991134, 1670029301.2398877, 1670029307.1731372, 1670029312.894519, 1670029318.9634748, 1670029324.886139, 1670029330.8237002, 1670029342.2342362, 1670029347.9114206, 1670029354.1178033, 1670029360.0466878, 1670029365.934034, 1670029372.0237567, 1670029377.8148272, 1670029389.0943542, 1670029394.8836372, 1670029400.918443, 1670029406.8782535, 1670029413.0789406, 1670029419.351052, 1670029431.2659714, 1670029437.3604703, 1670029443.410024, 1670029449.7506623, 1670029455.8943849, 1670029461.759253, 1670029467.5113916, 1670029479.75746, 1670029485.415018, 1670029491.2908168, 1670029496.8050785, 1670029502.5846896, 1670029508.7515843, 1670029514.5087214, 1670029527.0570447, 1670029533.0162046, 1670029539.0805483, 1670029545.0452912, 1670029551.3115594, 1670029557.259469, 1670029569.4559236, 1670029575.229808, 1670029581.3305037, 1670029587.11604, 1670029593.1868026, 1670029599.3691819, 1670029605.2890713, 1670029616.7539713, 1670029622.5466158, 1670029628.202703, 1670029634.333459, 1670029640.5915117, 1670029646.416265, 1670029652.393685, 1670029664.5024807, 1670029670.3565698, 1670029676.094121, 1670029682.1187406, 1670029688.0819638, 1670029694.5026455, 1670029706.5670104, 1670029712.3402686, 1670029718.0861845, 1670029724.0819929, 1670029730.0390425, 1670029736.091303, 1670029742.136014, 1670029754.4954047, 1670029760.5515902, 1670029766.321193, 1670029771.905726, 1670029778.0075903, 1670029784.2463582, 1670029790.1260061, 1670029802.5838218, 1670029808.5772955, 1670029814.7024074, 1670029820.7982116, 1670029826.7284703, 1670029832.944603, 1670029845.2762647, 1670029851.7909338, 1670029857.8317738, 1670029863.6567667, 1670029869.676586, 1670029875.59464, 1670029881.9013214, 1670029893.9626558, 1670029899.8349562, 1670029906.1257484, 1670029912.180406, 1670029917.713621, 1670029923.8696194, 1670029929.7136292, 1670029941.9707007, 1670029948.120982, 1670029954.1290188, 1670029959.927143, 1670029965.3382654, 1670029971.3562033, 1670029983.5399346, 1670029989.735265, 1670029995.9377105, 1670030001.8222759, 1670030007.9722748, 1670030013.8817422, 1670030019.986373, 1670030032.3669586, 1670030038.6038334, 1670030044.6350675, 1670030050.3345482, 1670030056.0057085, 1670030062.0675488, 1670030068.1591215, 1670030081.1372256, 1670030086.881369, 1670030092.8238614, 1670030098.4227617, 1670030104.134954, 1670030109.9823995, 1670030123.0158713, 1670030129.5802786, 1670030135.4903338, 1670030141.7801745, 1670030147.961534, 1670030153.9425955, 1670030160.3105805, 1670030172.318933, 1670030178.3001926, 1670030184.4580178, 1670030190.4610615, 1670030196.2576094, 1670030202.0167549, 1670030207.973014, 1670030220.9800968, 1670030226.833721, 1670030232.791329, 1670030238.720014, 1670030244.5721598, 1670030250.3873444, 1670030263.5174406, 1670030270.0206642, 1670030276.271828, 1670030282.0998256, 1670030288.0668387, 1670030293.9666874, 1670030299.68203, 1670030313.275974, 1670030319.6133626, 1670030325.582236, 1670030331.572226, 1670030337.529129, 1670030343.3471239, 1670030349.4928763, 1670030363.0181339, 1670030369.2444644, 1670030375.1899877, 1670030381.4269283, 1670030387.6077504, 1670030393.379242, 1670030406.8923306, 1670030412.706498, 1670030418.5258734, 1670030424.3154569, 1670030429.927226, 1670030435.6561122, 1670030440.8681037],