{"initial_reset_timestamp": 1670028200.0364234, "timestamps": [1670028202.5288863, 1670028202.9813318, 1670028203.4367256, 1670028204.0485952, 1670028204.5685458, 1670028205.1519966, 1670028205.361728, 1670028208.6067762, 1670028209.1639314, 1670028209.7403512, 1670028210.2975981, 1670028210.870559, 1670028211.4113214, 1670028211.888641, 1670028216.0205472, 1670028216.5465438, 1670028217.0051754, 1670028217.5170488, 1670028218.0678673, 1670028218.6356595, 1670028219.3209672, 1670028260.8985226, 1670028261.4824333, 1670028262.069421, 1670028262.5966096, 1670028263.3016999, 1670028263.8842812, 1670028264.561389, 1670028307.5545466, 1670028308.2082908, 1670028308.845584, 1670028309.4853222, 1670028310.1086903, 1670028310.7322414, 1670028311.4342215, 1670028353.3226986, 1670028353.8889773, 1670028354.3459005, 1670028355.014511, 1670028355.6762502, 1670028356.3196077, 1670028357.0000825, 1670028399.3390083, 1670028399.8416395, 1670028400.5205448, 1670028401.2521129, 1670028401.9563932, 1670028402.6488092, 1670028403.3623583, 1670028445.7892191, 1670028446.5226903, 1670028447.235372, 1670028447.9285583, 1670028448.606156, 1670028449.2677112, 1670028449.9630566, 1670028491.547349, 1670028492.2458103, 1670028492.9468884, 1670028493.569352, 1670028494.2725332, 1670028494.9842727, 1670028495.685254, 1670028536.4232552, 1670028537.1269004, 1670028537.7893994, 1670028538.4873383, 1670028539.1639633, 1670028539.799608, 1670028540.5694163, 1670028583.261147, 1670028583.9253798, 1670028584.8147132, 1670028585.5371296, 1670028586.24819, 1670028586.9584699, 1670028587.7173831, 1670028629.1237419, 1670028629.6984048, 1670028630.4041595, 1670028631.1004367, 1670028631.81566, 1670028632.515739, 1670028633.2698972, 1670028676.8486779, 1670028677.5498505, 1670028678.2704687, 1670028678.9287853, 1670028679.5327857, 1670028680.2437527, 1670028680.942318, 1670028725.1477087, 1670028725.849013, 1670028726.5892563, 1670028727.3002937, 1670028728.1785712, 1670028728.9363065, 1670028729.678994, 1670028773.595631, 1670028774.1556215, 1670028774.8917148, 1670028775.6135511, 1670028776.3898778, 1670028777.076306, 1670028777.7871382, 1670028821.2413323, 1670028821.9267488, 1670028822.6699507, 1670028823.431455, 1670028824.2166545, 1670028824.9616585, 1670028825.7126415, 1670028869.3069603, 1670028870.0190618, 1670028870.72542, 1670028871.4678276, 1670028872.2230713, 1670028872.951227, 1670028873.6776001, 1670028918.0177667, 1670028918.6668653, 1670028919.4195845, 1670028920.0574358, 1670028920.7621653, 1670028921.4752498, 1670028922.2114546, 1670028965.7555428, 1670028966.407708, 1670028967.0763602, 1670028967.7884626, 1670028968.4965293, 1670028969.189638, 1670028969.88899, 1670029013.8034942, 1670029014.4105563, 1670029015.1166873, 1670029015.8529902, 1670029016.5709445, 1670029017.3453655, 1670029018.0622854, 1670029059.708858, 1670029060.3503993, 1670029061.0257442, 1670029061.5807128, 1670029062.2522006, 1670029062.8930078, 1670029063.5857658, 1670029105.140248, 1670029105.7982152, 1670029106.4680421, 1670029107.0959845, 1670029107.7335498, 1670029108.394114, 1670029109.119392, 1670029109.7816303, 1670029152.0402489, 1670029152.4385152, 1670029152.819522, 1670029153.2207503, 1670029153.8670182, 1670029154.352388, 1670029154.7357054, 1670029155.4095616, 1670029156.1258714, 1670029198.637582, 1670029199.2888858, 1670029199.938728, 1670029200.6059701, 1670029201.2768683, 1670029201.8190506, 1670029202.4765298, 1670029244.7525494, 1670029245.0380673, 1670029245.6838431, 1670029246.3900955, 1670029247.0622075, 1670029247.7546144, 1670029248.4309025, 1670029249.1331155, 1670029290.5826442, 1670029291.3279157, 1670029292.1068664, 1670029292.8033237, 1670029293.5146887, 1670029294.2681441, 1670029294.928936, 1670029336.0121932, 1670029336.703439, 1670029337.3962328, 1670029338.083674, 1670029338.8011289, 1670029339.519334, 1670029340.215622, 1670029381.5862963, 1670029382.2054272, 1670029382.8133028, 1670029383.4455783, 1670029384.0209293, 1670029384.634496, 1670029385.2411258, 1670029427.1415854, 1670029427.669376, 1670029428.3966558, 1670029428.9092643, 1670029429.393144, 1670029430.0123472, 1670029430.527327, 1670029431.2332222, 1670029473.5773177, 1670029474.2735326, 1670029475.1189039, 1670029475.3478224, 1670029476.0851083, 1670029476.5821748, 1670029477.1501539, 1670029477.864158, 1670029518.0043936, 1670029518.3959997, 1670029518.7386334, 1670029519.025589, 1670029519.344851, 1670029519.7033908, 1670029520.3615155, 1670029521.026082, 1670029521.2668433, 1670029521.9305828, 1670029522.19443, 1670029522.5550103, 1670029523.258723, 1670029564.9489484, 1670029565.6261497, 1670029566.2968059, 1670029566.8295026, 1670029567.2048204, 1670029567.8508568, 1670029568.3258548, 1670029568.737327, 1670029568.9696937, 1670029569.396119, 1670029610.4534373, 1670029610.970498, 1670029611.2039464, 1670029611.4672039, 1670029611.8607519, 1670029612.3598561, 1670029612.5996842, 1670029612.8996723, 1670029613.2352865, 1670029613.6641846, 1670029613.9170039, 1670029614.2299368, 1670029614.87522, 1670029656.3774753, 1670029656.9199276, 1670029657.5732064, 1670029658.2612355, 1670029658.907616, 1670029659.6346493, 1670029659.806534, 1670029660.5382242, 1670029702.150858, 1670029702.839305, 1670029703.0437853, 1670029703.4246345, 1670029703.9885418, 1670029704.317873, 1670029704.9713678, 1670029705.1303737, 1670029705.8219533, 1670029706.509424, 1670029747.515411, 1670029748.025037, 1670029748.4810104, 1670029749.1640463, 1670029749.6140456, 1670029749.821812, 1670029750.2702057, 1670029751.015326, 1670029751.6212225, 1670029751.9220464, 1670029752.4791205, 1670029793.222779, 1670029793.503242, 1670029793.6935058, 1670029793.891658, 1670029794.5292816, 1670029794.9234493, 1670029795.1296897, 1670029795.700079, 1670029795.8878543, 1670029796.6127563, 1670029796.9921381, 1670029797.1519608, 1670029797.3679733, 1670029797.948201, 1670029798.21259, 1670029798.6033254, 1670029840.2245615, 1670029840.4587276, 1670029840.7631783, 1670029840.900889, 1670029841.0966053, 1670029841.3553932, 1670029841.8333077, 1670029842.139715, 1670029842.5008929, 1670029843.15257, 1670029843.458575, 1670029844.1911006, 1670029844.8848464, 1670029845.216876, 1670029887.6654987, 1670029888.391097, 1670029889.0968125, 1670029889.7645414, 1670029890.4715407, 1670029891.18416, 1670029891.8716953, 1670029933.0624437, 1670029933.6723125, 1670029933.890976, 1670029934.588963, 1670029934.795344, 1670029935.2231073, 1670029935.654035, 1670029936.2220736, 1670029936.5282705, 1670029936.8605993, 1670029937.1272397, 1670029937.4173832, 1670029937.6351695, 1670029938.018673, 1670029978.9267788, 1670029979.615038, 1670029980.3139024, 1670029981.03297, 1670029981.6842473, 1670029982.3695571, 1670029982.8239143, 1670029983.5098052, 1670030024.889771, 1670030025.31415, 1670030025.5825398, 1670030026.1680145, 1670030026.423032, 1670030026.7408025, 1670030027.0382528, 1670030027.2082524, 1670030027.5220263, 1670030027.8718717, 1670030028.2107067, 1670030028.4586072, 1670030028.7072067, 1670030029.2433925, 1670030029.7037024, 1670030029.8435967, 1670030030.052813, 1670030030.3082345, 1670030071.2752578, 1670030071.605649, 1670030072.1208608, 1670030072.5468667, 1670030072.8319438, 1670030073.0898185, 1670030073.2871325, 1670030073.5419357, 1670030073.748214, 1670030074.0870433, 1670030074.290592, 1670030074.5660224, 1670030074.8664474, 1670030075.1236618, 1670030075.5321348, 1670030075.8035269, 1670030076.2570767, 1670030076.5063403, 1670030076.888043, 1670030077.2565374, 1670030117.6012726, 1670030118.049002, 1670030118.2664828, 1670030118.5169036, 1670030118.9979682, 1670030119.460674, 1670030119.702477, 1670030120.289925, 1670030120.919062, 1670030121.2133734, 1670030121.5435846, 1670030121.8759928, 1670030122.41647, 1670030122.959956, 1670030165.4467955, 1670030166.0339043, 1670030166.2512078, 1670030166.557717, 1670030166.809682, 1670030167.2313547, 1670030167.6867924, 1670030168.262234, 1670030168.5674965, 1670030168.829625, 