{"initial_reset_timestamp": 1670107731.8077822, "timestamps": [1670107740.977099, 1670107741.2321365, 1670107741.683418, 1670107742.1005652, 1670107742.5038233, 1670107742.8968463, 1670107743.2569597, 1670107743.65875, 1670107744.2284598, 1670107744.9096792, 1670107752.1223147, 1670107752.5313628, 1670107752.947466, 1670107753.2975268, 1670107753.8276563, 1670107754.1421294, 1670107754.4633293, 1670107754.7806485, 1670107755.0972111, 1670107755.4251552, 1670107765.2283568, 1670107769.2786334, 1670107773.5086014, 1670107777.45924, 1670107782.3732162, 1670107786.651819, 1670107790.833337, 1670107794.6872325, 1670107798.5012894, 1670107802.6188014, 1670107813.017854, 1670107817.034108, 1670107820.834878, 1670107824.679749, 1670107829.1753392, 1670107833.520186, 1670107835.7299533, 1670107840.222659, 1670107843.5499103, 1670107846.9266384, 1670107858.0082874, 1670107861.5319338, 1670107864.491601, 1670107868.0231032, 1670107871.7333002, 1670107874.3800755, 1670107878.3253875, 1670107880.9902005, 1670107885.0070245, 1670107889.8381433, 1670107894.3733115, 1670107898.2678177, 1670107908.145334, 1670107911.7298079, 1670107915.8869932, 1670107919.97439, 1670107924.132295, 1670107927.8318746, 1670107931.4949322, 1670107935.2164063, 1670107939.0258832, 1670107942.8511221, 1670107953.9795935, 1670107958.0470328, 1670107961.5482712, 1670107965.8353302, 1670107970.077947, 1670107974.1932487, 1670107978.5407252, 1670107982.4437404, 1670107986.3928814, 1670107989.996158, 1670108000.3476663, 1670108004.1793869, 1670108007.9354544, 1670108012.7595847, 1670108017.1565056, 1670108018.986575, 1670108022.729422, 1670108026.6008537, 1670108030.2805057, 1670108034.6644793, 1670108045.2436569, 1670108048.7808664, 1670108052.453856, 1670108056.4676783, 1670108060.2554798, 1670108064.2894542, 1670108067.7482107, 1670108071.5032852, 1670108074.7774932, 1670108078.4474666], "episode_lengths": [100, 100, 100, 100, 100, 100, 100, 100, 100, 100, 100, 100, 100, 100, 100, 100, 100, 100, 100, 100, 100, 100, 100, 100, 100, 100, 100, 100, 100, 100, 100, 100, 100, 100, 100, 100, 58, 100, 74, 85, 100, 100, 76, 100, 86, 60, 100, 65, 100, 100, 100, 93, 100, 100, 100, 100, 100, 100, 100, 100, 100, 100, 100, 100, 100, 100, 100, 100, 100, 100, 100, 100, 100, 100, 100, 100, 100, 100, 100, 100, 100, 100, 100, 100, 100, 100, 100, 100, 79, 100, 97, 100], "episode_rewards": [-100.0, -100.0, -100.0, -100.0, -100.0, -100.0, -100.0, -100.0, -100.0, -100.0, -100.0, -100.0, -100.0, -100.0, -100.0, -100.0, -100.0, -100.0, -100.0, -100.0, -100.0, -100.0, -100.0, -100.0, -100.0, -100.0, -100.0, -100.0, -100.0, -100.0, -100.0, -100.0, -100.0, -100.0, -100.0, -100.0, -57.0, -100.0, -73.0, -84.0, -100.0, -100.0, -75.0, -100.0, -85.0, -59.0, -100.0, -64.0, -100.0, -100.0, -100.0, -92.0, -100.0, -100.0, -100.0, -99.0, -100.0, -100.0, -100.0, -100.0, -100.0, -100.0, -100.0, -100.0, -100.0, -100.0, -100.0, -100.0, -100.0, -100.0, -100.0, -100.0, -100.0, -100.0, -100.0, -100.0, -100.0, -100.0, -100.0, -100.0, -100.0, -100.0, -100.0, -100.0, -100.0, -100.0, -100.0, -100.0, -78.0, -100.0, -96.0, -100.0], "episode_types": ["t", "t", "t", "t", "t", "t", "t", "t", "t", "t", "t", "t", "t", "t", "t", "t", "t", "t", "t", "t", "t", "t", "t", "t", "t", "t", "t", "t", "t", "t", "t", "t", "t", "t", "t", "t", "t", "t", "t", "t", "t", "t", "t", "t", "t", "t", "t", "t", "t", "t", "t", "t", "t", "t", "t", "t", "t", "t", "t", "t", "t", "t", "t", "t", "t", "t", "t", "t", "t", "t", "t", "t", "t", "t", "t", "t", "t", "t", "t", "t", "t", "t", "t", "t", "t", "t", "t", "t", "t", "t", "t", "t", "t"]}