{"initial_reset_timestamp": 1670107734.192603, "timestamps": [1670107736.177856, 1670107736.7869143, 1670107737.2701852, 1670107737.8988786, 1670107738.5027902, 1670107739.0893514, 1670107739.4173837, 1670107739.96384, 1670107740.4259841, 1670107740.9147127, 1670107746.8106773, 1670107747.4522634, 1670107748.149601, 1670107748.499482, 1670107749.1194522, 1670107749.6147645, 1670107750.1186607, 1670107750.7780492, 1670107751.3880315, 1670107751.863096, 1670107756.8400295, 1670107757.2940862, 1670107757.9036233, 1670107758.5039456, 1670107758.9427276, 1670107759.5093167, 1670107759.7686093, 1670107760.3664217, 1670107760.9682243, 1670107761.4000688, 1670107804.2860508, 1670107804.7174642, 1670107805.3346782, 1670107806.0005715, 1670107806.4396498, 1670107806.9996052, 1670107807.594817, 1670107808.0935278, 1670107808.5590107, 1670107809.1879523, 1670107851.6633453, 1670107852.080578, 1670107852.60895, 1670107853.1495256, 1670107853.7401013, 1670107854.291471, 1670107854.991916, 1670107855.5628288, 1670107856.056481, 1670107856.6447656, 1670107857.334186, 1670107900.028905, 1670107900.4559243, 1670107901.1750607, 1670107901.6454053, 1670107902.1339765, 1670107902.7621531, 1670107903.2272358, 1670107903.799697, 1670107904.3741624, 1670107904.8150866, 1670107945.2138686, 1670107945.8675573, 1670107946.5150805, 1670107947.3430238, 1670107948.1009598, 1670107948.5864143, 1670107949.0419436, 1670107949.5982118, 1670107950.031105, 1670107950.5673773, 1670107991.6438837, 1670107992.2210076, 1670107992.6779737, 1670107993.2522712, 1670107993.922866, 1670107994.3787122, 1670107994.9518461, 1670107995.582327, 1670107996.145993, 1670107996.6869097, 1670108036.6657808, 1670108037.1687074, 1670108037.6253831, 1670108038.245175, 1670108038.7643661, 1670108039.2370555, 1670108039.928518, 1670108040.545437, 1670108040.882716, 1670108041.4736798, 1670108081.0545068, 1670108081.7021973, 1670108082.3772538, 1670108082.8801658, 1670108083.4191258, 1670108084.0299914, 1670108084.5107405, 1670108085.1245098, 1670108085.6666489, 1670108086.1169214], "episode_lengths": [100, 100, 100, 100, 100, 100, 100, 100, 100, 100, 100, 100, 100, 100, 100, 100, 100, 100, 100, 100, 100, 100, 100, 100, 100, 100, 100, 100, 100, 100, 100, 100, 100, 100, 100, 100, 100, 100, 100, 100, 100, 100, 100, 77, 100, 100, 100, 100, 100, 100, 100, 100, 100, 100, 100, 100, 100, 100, 100, 100, 100, 100, 100, 100, 100, 100, 100, 100, 100, 100, 100, 100, 100, 100, 100, 100, 100, 100, 100, 100, 100, 100, 100, 100, 100, 100, 100, 100, 100, 100, 100, 100, 100, 100, 100, 100, 100, 100, 100, 100, 100], "episode_rewards": [-100.0, -100.0, -100.0, -100.0, -100.0, -100.0, -100.0, -100.0, -100.0, -100.0, -100.0, -100.0, -100.0, -100.0, -100.0, -100.0, -100.0, -100.0, -100.0, -100.0, -100.0, -100.0, -100.0, -100.0, -100.0, -100.0, -100.0, -100.0, -100.0, -100.0, -100.0, -100.0, -100.0, -100.0, -100.0, -100.0, -100.0, -100.0, -100.0, -100.0, -100.0, -100.0, -100.0, -76.0, -100.0, -100.0, -100.0, -100.0, -100.0, -100.0, -100.0, -100.0, -100.0, -100.0, -100.0, -100.0, -100.0, -100.0, -100.0, -100.0, -100.0, -100.0, -100.0, -100.0, -100.0, -100.0, -100.0, -100.0, -100.0, -100.0, -100.0, -100.0, -100.0, -100.0, -100.0, -100.0, -100.0, -100.0, -100.0, -100.0, -100.0, -100.0, -100.0, -100.0, -100.0, -100.0, -100.0, -100.0, -100.0, -100.0, -100.0, -100.0, -100.0, -100.0, -100.0, -100.0, -100.0, -100.0, -100.0, -100.0, -100.0], "episode_types": ["t", "t", "t", "t", "t", "t", "t", "t", "t", "t", "t", "t", "t", "t", "t", "t", "t", "t", "t", "t", "t", "t", "t", "t", "t", "t", "t", "t", "t", "t", "t", "t", "t", "t", "t", "t", "t", "t", "t", "t", "t", "t", "t", "t", "t", "t", "t", "t", "t", "t", "t", "t", "t", "t", "t", "t", "t", "t", "t", "t", "t", "t", "t", "t", "t", "t", "t", "t", "t", "t", "t", "t", "t", "t", "t", "t", "t", "t", "t", "t", "t", "t", "t", "t", "t", "t", "t", "t", "t", "t", "t", "t", "t", "t", "t", "t", "t", "t", "t", "t", "t"]}