{"initial_reset_timestamp": 1670010101.1521032, "timestamps": [1670010112.5329792, 1670010112.7457228, 1670010113.1025338, 1670010113.4244654, 1670010113.7869844, 1670010114.1261396, 1670010117.7136967, 1670010118.0386748, 1670010118.3616092, 1670010118.6744568, 1670010118.976544, 1670010119.2674453, 1670010119.5647483, 1670010128.0271497, 1670010131.7012513, 1670010139.6247313, 1670010145.6457164, 1670010155.1922503, 1670010164.9268491, 1670010173.3133645, 1670010189.467925, 1670010196.3153114, 1670010204.9313204, 1670010210.41236, 1670010219.8609087, 1670010228.8719745, 1670010248.3975465, 1670010263.1751103, 1670010277.410708, 1670010292.0977206, 1670010301.216169, 1670010314.9589834, 1670010329.6493673, 1670010359.7620113, 1670010372.6248355, 1670010381.3257103, 1670010394.1836114, 1670010405.920992, 1670010414.8640704, 1670010423.6884913, 1670010439.6047666, 1670010448.932346, 1670010457.3510592, 1670010465.6031024, 1670010474.8575313, 1670010488.6855688, 1670010498.1827466, 1670010527.5356362, 1670010542.3870971, 1670010554.6081758, 1670010563.11658, 1670010576.3404167, 1670010584.6774611, 1670010597.8477218, 1670010609.9321485, 1670010622.5351055, 1670010635.4085271, 1670010644.4983475, 1670010651.8814733, 1670010655.5002875, 1670010658.1235423, 1670010673.5754406, 1670010676.2942982, 1670010680.9957533, 1670010687.347123, 1670010695.3611724, 1670010706.4163086, 1670010712.3150513, 1670010725.520167, 1670010735.4215856, 1670010758.314368, 1670010772.7469535, 1670010781.0741277, 1670010788.9493725, 1670010794.0785623, 1670010801.6234365, 1670010807.0422523, 1670010819.6679814, 1670010826.4798408, 1670010839.4715614, 1670010845.7792208, 1670010869.2742045, 1670010881.130706, 1670010891.2323804, 1670010900.8927746, 1670010909.556524, 1670010918.9163349, 1670010931.4980578, 1670010950.1124547, 1670010961.2283683, 1670010969.3321044, 1670010978.2985353, 1670010981.7974102, 1670010987.8529363, 1670010994.8098133, 1670011008.3680315, 1670011017.256584, 1670011019.4550145, 1670011028.7749298, 1670011032.853574, 1670011036.1553056, 1670011039.4046857, 1670011053.602483, 1670011061.0834913, 1670011067.592366, 1670011075.1448042, 1670011082.616245, 1670011106.800384, 1670011112.8060927, 1670011114.8612266, 1670011116.0924597, 1670011122.423474, 1670011124.903051, 1670011129.1136608, 1670011132.9204018, 1670011141.5332365, 1670011143.7937262, 1670011146.4987123, 1670011151.7934682, 1670011166.2143078, 1670011168.4248939, 1670011174.9034832, 1670011179.7423732, 1670011185.6591125, 1670011193.4728405, 1670011202.6411772, 1670011205.1002724, 1670011214.2551916, 1670011232.6693316, 1670011238.0070891, 1670011244.9848633, 1670011249.9137805, 1670011253.604211, 1670011256.953932, 1670011258.1523974, 1670011261.913514, 1670011264.2574716, 1670011267.231438, 1670011271.0887933, 1670011275.9347532, 1670011278.3286047, 1670011295.9719524, 1670011301.8911262, 1670011313.004145, 1670011319.1554983, 1670011321.587368, 1670011326.0789666, 1670011333.8769803, 1670011335.470739, 1670011340.5555007, 1670011347.989335, 1670011354.3510807, 1670011358.6685627, 1670011362.1703923, 1670011365.3973541, 1670011385.8073266, 1670011389.7140422, 1670011391.7838378, 1670011393.0658014, 1670011395.335336, 1670011396.2365515, 1670011399.0578449, 1670011401.2724354, 1670011402.9103289, 1670011405.4120283, 1670011406.573079, 1670011408.289412, 1670011409.7861242, 1670011411.112326, 1670011413.3672218, 1670011416.7906408, 1670011418.3720922, 1670011419.947379, 1670011421.1559653, 1670011422.311057, 1670011424.9663093, 1670011429.1610148, 1670011431.4246023, 1670011442.085669, 1670011445.5888236, 1670011448.6081455, 1670011449.843293, 1670011451.2052348, 1670011453.2160313, 1670011456.1277795, 1670011457.4531503, 1670011458.1613536, 1670011459.9725466, 1670011463.2597053, 1670011467.7178555, 1670011469.925249, 1670011471.6952634, 1670011474.7132611, 1670011478.6541154, 1670011480.8614407, 1670011483.9375486, 1670011486.062533, 1670011488.2662575, 1670011491.1544626, 1670011493.492727, 1670011498.6969357, 1670011502.3383372, 1670011505.4858375, 1670011510.1607378], "episode_lengths": [150, 150, 150, 150, 150, 150, 150, 139, 150, 150, 150, 150, 150, 150, 150, 150, 150, 150, 150, 150, 150, 150, 150, 150, 150, 150, 150, 150, 150, 150, 112, 150, 150, 150, 150, 150, 150, 150, 150, 150, 150, 150, 150, 150, 150, 150, 150, 150, 150, 150, 150, 150, 150, 150, 150, 139, 150, 150, 116, 68, 58, 150, 63, 76, 77, 119, 150, 83, 150, 122, 134, 150, 92, 86, 94, 101, 60, 138, 72, 130, 69, 150, 150, 150, 147, 118, 116, 150, 150, 150, 150, 150, 57, 150, 106, 122, 150, 46, 148, 60, 39, 36, 150, 91, 70, 83, 81, 122, 150, 28, 18, 89, 49, 87, 55, 150, 54, 44, 74, 150, 64, 85, 59, 150, 124, 150, 59, 150, 150, 150, 150, 86, 52, 52, 27, 98, 61, 63, 45, 114, 43, 112, 81, 150, 94, 29, 84, 125, 36, 50, 71, 61, 50, 41, 36, 63, 66, 55, 32, 59, 22, 70, 52, 38, 59, 25, 39, 35, 30, 27, 39, 39, 38, 28, 28, 31, 66, 51, 46, 53, 50, 34, 27, 26, 40, 35, 17, 43, 50, 64, 49, 29, 39, 40, 33, 40, 42, 22, 32, 28, 50, 36, 36, 52], "episode_rewards": [-150.0, -150.0, -150.0, -150.0, -150.0, -150.0, -150.0, -138.0, -150.0, -150.0, -150.0, -150.0, -150.0, -150.0, -150.0, -150.0, -150.0, -150.0, -150.0, -150.0, -150.0, -150.0, -150.0, -150.0, -150.0, -150.0, -150.0, -150.0, -150.0, -150.0, -111.0, -150.0, -150.0, -150.0, -150.0, -150.0, -150.0, -150.0, -150.0, -150.0, -150.0, -150.0, -150.0, -150.0, -150.0, -150.0, -150.0, -150.0, -150.0, -150.0, -150.0, -150.0, -150.0, -150.0, -150.0, -138.0, -150.0, -150.0, -115.0, -67.0, -57.0, -150.0, -62.0, -75.0, -76.0, -118.0, -150.0, -82.0, -150.0, -121.0, -133.0, -150.0, -91.0, -85.0, -93.0, -100.0, -59.0, -137.0, -71.0, -129.0, -68.0, -150.0, -150.0, -150.0, -146.0, -117.0, -115.0, -150.0, -150.0, -150.0, -150.0, -150.0, -56.0, -150.0, -105.0, -121.0, -150.0, -45.0, -147.0, -59.0, -38.0, -35.0, -150.0, -90.0, -69.0, -82.0, -80.0, -121.0, -150.0, -27.0, -17.0, -88.0, -48.0, -86.0, -54.0, -150.0, -53.0, -43.0, -73.0, -150.0, -63.0, -84.0, -58.0, -150.0, -123.0, -150.0, -58.0, -150.0, -150.0, -150.0, -150.0, -85.0, -51.0, -51.0, -26.0, -97.0, -60.0, -62.0, -44.0, -113.0, -42.0, -111.0, -80.0, -150.0, -93.0, -28.0, -83.0, -124.0, -35.0, -49.0, -70.0, -60.0, -49.0, -40.0, -35.0, -62.0, -65.0, -54.0, -31.0, -58.0, -21.0, -69.0, -51.0, -37.0, -58.0, -24.0, -38.0, -34.0, -29.0, -26.0, -38.0, -38.0, -37.0, -27.0, -27.0, -30.0, -65.0, -50.0, -45.0, -52.0, -49.0, -33.0, -26.0, -25.0, -39.0, -34.0, -16.0, -42.0, -49.0, -63.0, -48.0, -28.0, -38.0, -39.0, -32.0, -39.0, -41.0, -21.0, -31.0, -27.0, -49.0, -35.0, -35.0, -51.0], "episode_types": ["t", "t", "t", "t", "t", "t", "t", "t", "t", "t", "t", "t", "t", "t", "t", "t", "t", "t", "t", "t", "t", "t", "t", "t", "t", "t", "t", "t", "t", "t", "t", "t", "t", "t", "t", "t", "t", "t", "t", "t", "t", "t", "t", "t", "t", "t", "t", "t", "t", "t", "t", "t", "t", "t", "t", "t", "t", "t", "t", "t", "t", "t", "t", "t", "t", "t", "t", "t", "t", "t", "t", "t", "t", "t", "t", "t", "t", "t", "t", "t", "t", "t", "t", "t", "t", "t", "t", "t", "t", "t", "t", "t", "t", "t", "t", "t", "t", "t", "t", "t", "t", "t", "t", "t", "t", "t", "t", "t", "t", "t", "t", "t", "t", "t", "t", "t", "t", "t", "t", "t", "t", "t", "t", "t", "t", "t", "t", "t", "t", "t", "t", "t", "t", "t", "t", "t", "t", "t", "t", "t", "t", "t", "t", "t", "t", "t", "t", "t", "t", "t", "t", "t", "t", "t", "t", "t", "t", "t", "t", "t", "t", "t", "t", "t", "t", "t", "t", "t", "t", "t", "t", "t", "t", "t", "t", "t", "t", "t", "t", "t", "t", "t", "t", "t", "t", "t", "t", "t", "t", "t", "t", "t", "t", "t", "t", "t", "t", "t", "t", "t", "t", "t", "t", "t", "t"]}