{"initial_reset_timestamp": 1670015973.624149, "timestamps": [1670015985.9295373, 1670015986.1473331, 1670015986.6011643, 1670015986.9199064, 1670015987.234113, 1670015987.5342684, 1670015994.8517685, 1670015995.1686468, 1670015995.4589992, 1670015995.7535405, 1670015996.097777, 1670015996.4146419, 1670015996.8193023, 1670016017.8239982, 1670016028.519907, 1670016036.1528428, 1670016046.4914262, 1670016056.5816946, 1670016064.0811827, 1670016071.3748248, 1670016086.4095297, 1670016094.1657665, 1670016102.9828942, 1670016114.4936197, 1670016125.582821, 1670016135.1263387, 1670016151.1312807, 1670016157.3318315, 1670016165.4197068, 1670016172.6548314, 1670016179.8929517, 1670016189.9990113, 1670016200.5878825, 1670016219.6643462, 1670016226.68854, 1670016234.0528088, 1670016243.254415, 1670016258.445237, 1670016265.982025, 1670016274.7327619, 1670016291.3625062, 1670016305.8844767, 1670016321.691648, 1670016335.5935645, 1670016341.9502647, 1670016356.467857, 1670016371.9379632, 1670016382.0770342, 1670016405.3694146, 1670016411.6960776, 1670016427.182524, 1670016431.5673065, 1670016439.8438673, 1670016446.1804488, 1670016460.0868957, 1670016473.60203, 1670016482.404386, 1670016492.6721165, 1670016515.2849743, 1670016530.733995, 1670016540.0441206, 1670016549.0920413, 1670016553.175768, 1670016567.6067114, 1670016582.4383235, 1670016608.7042038, 1670016617.7214136, 1670016628.20342, 1670016637.603671, 1670016650.34089, 1670016661.2577796, 1670016668.9610348, 1670016679.8833246, 1670016687.5812047, 1670016699.9369912, 1670016707.8667984, 1670016720.0355496, 1670016730.2000918, 1670016741.8252037, 1670016743.677093, 1670016756.7844272, 1670016759.7685025, 1670016764.7960062, 1670016766.5120919, 1670016772.979254, 1670016774.2324119, 1670016781.3757389, 1670016783.973305, 1670016792.6811845, 1670016798.3594215, 1670016810.4158158, 1670016812.5667167, 1670016814.578101, 1670016818.2571764, 1670016821.5759053, 1670016830.1373332, 1670016831.7707841, 1670016837.8065639, 1670016843.1627564, 1670016845.9699788, 1670016847.585346, 1670016850.654467, 1670016866.1968925, 1670016869.4041727, 1670016878.6180887, 1670016883.6033995, 1670016891.0548096, 1670016894.032772, 1670016901.7757444, 1670016907.0835006, 1670016912.875034, 1670016914.779463, 1670016917.6447842, 1670016921.3221517, 1670016924.4752605, 1670016938.2943258, 1670016947.7777255, 1670016952.7175949, 1670016980.8295593, 1670016982.5785615, 1670016986.2087514, 1670016989.4996088, 1670016991.4118018, 1670016993.686729, 1670016995.1131978, 1670016998.7781427, 1670017000.7670417, 1670017003.4116182, 1670017006.1578224, 1670017008.0143285, 1670017010.2477746, 1670017011.422737, 1670017013.250697, 1670017014.2730362, 1670017015.9598095, 1670017017.473449, 1670017018.8101914, 1670017026.4703245, 1670017028.1745946, 1670017030.6985922, 1670017031.7043457, 1670017032.900213, 1670017035.5062757, 1670017037.7171948, 1670017040.283015, 1670017041.7085238, 1670017043.8483157, 1670017046.005804, 1670017047.149854, 1670017048.8782632, 1670017051.499082, 1670017053.0038345, 1670017055.100845, 1670017057.8028014, 1670017060.192529, 1670017061.637963, 1670017064.4536333, 1670017067.1798267, 1670017068.9457705, 1670017070.313696, 1670017071.2795005, 1670017080.1481943, 1670017081.6394703, 1670017083.2599642, 1670017084.2117763, 1670017085.76272, 1670017086.961161, 1670017090.0871656, 1670017091.4611204, 1670017092.717001, 1670017093.6246383, 1670017095.5313122, 1670017097.379807, 1670017099.0344799, 1670017099.7421181, 1670017100.8194048, 1670017102.3852963, 1670017104.1736932, 1670017105.0158448, 1670017105.9269915, 1670017107.3826017, 1670017108.3349006, 1670017109.450495, 1670017110.3533254, 1670017111.9048917, 1670017115.1898706, 1670017117.0545108, 1670017118.414345, 1670017119.3384063, 1670017127.8208404, 1670017129.071654, 1670017130.657033, 1670017131.9645274, 1670017133.6298635, 1670017134.766858, 1670017136.8447492, 1670017138.7614608, 1670017139.853575, 1670017141.307732, 1670017142.2797408, 1670017143.5126739, 1670017144.6480556, 1670017149.469692, 1670017153.8454032, 1670017155.52207, 1670017157.0718198, 1670017158.9985986, 1670017160.186713, 1670017161.6732154, 1670017162.9353664, 1670017163.7769656, 1670017165.301334, 1670017166.542124, 1670017167.7413864, 1670017169.0729713, 1670017170.1889129, 1670017179.4305086, 1670017181.164245, 1670017182.495435, 1670017184.227512, 1670017185.4229891, 1670017186.3082752, 1670017187.2808852, 1670017188.3774927, 1670017190.1143923, 1670017191.4531622, 1670017192.3632815, 1670017193.4986484, 1670017195.2576847, 1670017196.2863448, 1670017197.2416627, 1670017198.3057315, 1670017199.3023267, 1670017200.3913758, 1670017201.6136038, 1670017202.7565346, 1670017204.1208212, 1670017205.398465, 1670017206.4171689, 1670017207.7161415, 1670017210.1170037, 1670017211.0030766, 1670017214.1937215, 1670017215.4703486, 1670017216.7732177, 1670017218.8779333, 1670017220.518846, 1670017228.6153128, 1670017229.475181, 1670017230.48173, 1670017231.6163986, 1670017233.669734, 1670017235.5017807, 1670017236.9221938, 1670017237.794251, 1670017239.8201787, 1670017240.823491, 1670017241.9112966, 1670017242.6625085, 1670017243.685741, 1670017246.6582367, 1670017248.30855, 1670017251.083078, 1670017252.5802553, 1670017254.7794986, 1670017256.3596485, 1670017257.5924242, 1670017259.0010128, 1670017261.1434617, 1670017262.5332296, 1670017263.9126155, 1670017265.0197282, 1670017266.258565, 1670017267.474837, 1670017268.8575664, 1670017269.9697924], "episode_lengths": [143, 150, 150, 150, 150, 150, 150, 150, 150, 150, 150, 150, 150, 150, 150, 150, 150, 150, 150, 150, 150, 150, 150, 150, 150, 150, 148, 150, 150, 150, 150, 150, 144, 150, 150, 150, 150, 150, 121, 108, 127, 150, 150, 150, 75, 150, 150, 98, 136, 61, 150, 42, 80, 62, 140, 150, 88, 99, 80, 150, 150, 150, 81, 150, 150, 150, 150, 150, 150, 150, 150, 150, 150, 150, 150, 150, 119, 98, 150, 40, 150, 79, 139, 49, 150, 22, 117, 51, 150, 106, 106, 59, 61, 110, 94, 150, 29, 139, 135, 56, 30, 59, 49, 37, 90, 48, 73, 29, 77, 53, 57, 23, 35, 55, 37, 150, 97, 49, 121, 30, 65, 89, 51, 61, 40, 107, 53, 33, 48, 49, 63, 28, 43, 29, 50, 47, 42, 53, 48, 63, 23, 25, 35, 54, 53, 30, 41, 38, 27, 30, 40, 38, 40, 61, 50, 42, 37, 49, 48, 36, 27, 56, 40, 47, 26, 42, 30, 86, 32, 36, 21, 46, 43, 36, 15, 26, 40, 48, 24, 23, 36, 22, 29, 24, 24, 39, 39, 36, 22, 50, 33, 41, 32, 41, 26, 51, 49, 26, 40, 25, 33, 29, 72, 58, 25, 41, 47, 33, 40, 33, 22, 41, 33, 30, 39, 29, 44, 42, 36, 48, 34, 24, 25, 29, 44, 32, 22, 28, 42, 27, 25, 27, 28, 31, 33, 32, 36, 38, 27, 37, 38, 22, 42, 29, 35, 28, 29, 24, 20, 24, 29, 52, 47, 38, 22, 56, 26, 29, 22, 29, 35, 30, 35, 23, 49, 42, 30, 33, 51, 34, 33, 27, 33, 32, 41, 32],