{"initial_reset_timestamp": 1670107396.1537893, "timestamps": [1670107404.8128617, 1670107405.0239267, 1670107405.3523526, 1670107405.6473851, 1670107405.9308715, 1670107406.2160962, 1670107406.5324388, 1670107406.8600929, 1670107407.1691768, 1670107407.456429, 1670107413.793535, 1670107414.0546362, 1670107414.3128552, 1670107414.5928578, 1670107414.9461582, 1670107415.2060075, 1670107415.4825864, 1670107415.7385454, 1670107416.0063097, 1670107416.3031547, 1670107425.8686604, 1670107429.3292067, 1670107433.0774646, 1670107436.182866, 1670107439.9186053, 1670107443.632337, 1670107447.567296, 1670107451.4438367, 1670107455.0729363, 1670107458.6878383, 1670107468.2318208, 1670107471.9581666, 1670107475.7532406, 1670107479.3749993, 1670107483.732761, 1670107487.065156, 1670107491.8006053, 1670107495.9988904, 1670107500.3077328, 1670107504.3766162, 1670107513.8983257, 1670107518.5205998, 1670107523.0095603, 1670107525.416038, 1670107530.121269, 1670107534.365348, 1670107538.2053847, 1670107542.344467, 1670107546.6873477, 1670107550.428993, 1670107561.751303, 1670107565.5287194, 1670107569.149826, 1670107573.017159, 1670107577.7584033, 1670107581.5281293, 1670107586.027003, 1670107589.919274, 1670107593.730965, 1670107598.7263591, 1670107609.8220365, 1670107613.7460248, 1670107617.7620049, 1670107621.4789388, 1670107626.2263253, 1670107628.137818, 1670107631.2135122, 1670107635.2774918, 1670107639.176274, 1670107643.2126398, 1670107645.7946525, 1670107655.4099264, 1670107658.7750103, 1670107661.2802472, 1670107665.224378, 1670107669.119116, 1670107673.595648, 1670107677.7103708, 1670107680.4533603, 1670107685.1026495, 1670107689.1332786, 1670107693.1760027, 1670107704.4562526], "episode_lengths": [100, 100, 100, 100, 100, 100, 100, 100, 100, 100, 100, 100, 100, 100, 100, 100, 100, 100, 100, 100, 100, 100, 100, 84, 100, 100, 100, 100, 100, 100, 100, 100, 100, 100, 100, 100, 100, 100, 100, 100, 100, 100, 100, 60, 100, 100, 100, 100, 100, 100, 100, 100, 100, 100, 100, 100, 100, 100, 100, 100, 100, 100, 100, 100, 100, 48, 79, 100, 100, 100, 62, 100, 82, 62, 100, 100, 100, 100, 75, 100, 100, 100, 100], "episode_rewards": [-100.0, -100.0, -100.0, -100.0, -100.0, -100.0, -100.0, -100.0, -100.0, -100.0, -100.0, -100.0, -100.0, -100.0, -100.0, -100.0, -100.0, -100.0, -100.0, -100.0, -100.0, -100.0, -100.0, -83.0, -100.0, -100.0, -100.0, -100.0, -100.0, -100.0, -100.0, -100.0, -100.0, -100.0, -100.0, -100.0, -100.0, -100.0, -100.0, -100.0, -100.0, -100.0, -100.0, -59.0, -100.0, -100.0, -100.0, -100.0, -100.0, -100.0, -100.0, -100.0, -100.0, -100.0, -100.0, -100.0, -100.0, -100.0, -100.0, -100.0, -100.0, -100.0, -100.0, -100.0, -100.0, -47.0, -78.0, -100.0, -100.0, -100.0, -61.0, -100.0, -81.0, -61.0, -100.0, -100.0, -100.0, -100.0, -74.0, -100.0, -100.0, -100.0, -100.0], "episode_types": ["t", "t", "t", "t", "t", "t", "t", "t", "t", "t", "t", "t", "t", "t", "t", "t", "t", "t", "t", "t", "t", "t", "t", "t", "t", "t", "t", "t", "t", "t", "t", "t", "t", "t", "t", "t", "t", "t", "t", "t", "t", "t", "t", "t", "t", "t", "t", "t", "t", "t", "t", "t", "t", "t", "t", "t", "t", "t", "t", "t", "t", "t", "t", "t", "t", "t", "t", "t", "t", "t", "t", "t", "t", "t", "t", "t", "t", "t", "t", "t", "t", "t", "t", "t"]}