{"initial_reset_timestamp": 1670107398.4206817, "timestamps": [1670107400.387356, 1670107401.0269048, 1670107401.3732507, 1670107401.9437277, 1670107402.3581052, 1670107402.8825088, 1670107403.296069, 1670107403.7936428, 1670107404.3026366, 1670107404.7589407, 1670107408.8970432, 1670107409.4783816, 1670107410.0970707, 1670107410.5381274, 1670107411.1121395, 1670107411.6733696, 1670107412.1272578, 1670107412.6341927, 1670107413.2207546, 1670107413.6477017, 1670107417.5456588, 1670107418.1062267, 1670107418.7521417, 1670107419.3424141, 1670107419.6553319, 1670107420.2115638, 1670107420.633509, 1670107421.1742384, 1670107421.7888322, 1670107422.2434092, 1670107460.701963, 1670107461.2737541, 1670107461.6879377, 1670107462.194103, 1670107462.7776854, 1670107463.2243593, 1670107463.7258213, 1670107464.3416758, 1670107464.8048992, 1670107465.3969305, 1670107506.5140138, 1670107507.0574741, 1670107507.4577765, 1670107507.976446, 1670107508.5213523, 1670107508.9450788, 1670107509.552761, 1670107509.9879045, 1670107510.5601006, 1670107511.1461134, 1670107554.445822, 1670107555.0582492, 1670107555.4634037, 1670107555.9859679, 1670107556.5875497, 1670107557.3724723, 1670107558.3910182, 1670107559.0190878, 1670107559.6640103, 1670107560.0922985, 1670107602.8560398, 1670107603.3997388, 1670107604.0476449, 1670107604.574559, 1670107605.0029905, 1670107605.6973004, 1670107606.408408, 1670107607.1196265, 1670107607.7700834, 1670107608.1654098, 1670107649.3721664, 1670107649.9491866, 1670107650.390952, 1670107650.9569938, 1670107651.539675, 1670107651.941836, 1670107652.5200434, 1670107653.203495, 1670107653.6814404, 1670107654.2184963, 1670107697.0508034, 1670107697.6835577, 1670107698.3578084, 1670107698.8437898, 1670107699.354989, 1670107700.0048993, 1670107700.7249272, 1670107701.5012245, 1670107702.0924957, 1670107702.6903667], "episode_lengths": [100, 100, 100, 100, 100, 100, 100, 100, 100, 100, 100, 100, 100, 100, 100, 100, 100, 100, 100, 100, 100, 100, 100, 100, 100, 100, 100, 100, 100, 100, 100, 100, 100, 100, 100, 100, 100, 100, 100, 100, 100, 100, 100, 100, 100, 100, 100, 100, 100, 100, 100, 100, 100, 100, 100, 100, 100, 100, 100, 100, 100, 100, 100, 100, 100, 100, 100, 100, 100, 100, 100, 100, 100, 100, 100, 100, 100, 100, 100, 100, 100, 100, 100, 100, 100, 100, 100, 100, 100, 100], "episode_rewards": [-100.0, -100.0, -100.0, -100.0, -100.0, -100.0, -100.0, -100.0, -100.0, -100.0, -100.0, -100.0, -100.0, -100.0, -100.0, -100.0, -100.0, -100.0, -100.0, -100.0, -100.0, -100.0, -100.0, -100.0, -100.0, -100.0, -100.0, -100.0, -100.0, -100.0, -100.0, -100.0, -100.0, -100.0, -100.0, -100.0, -100.0, -100.0, -100.0, -100.0, -100.0, -100.0, -100.0, -100.0, -100.0, -100.0, -100.0, -100.0, -100.0, -100.0, -100.0, -100.0, -100.0, -100.0, -100.0, -100.0, -100.0, -100.0, -100.0, -100.0, -100.0, -100.0, -100.0, -100.0, -100.0, -100.0, -100.0, -100.0, -100.0, -100.0, -100.0, -100.0, -100.0, -100.0, -100.0, -100.0, -100.0, -100.0, -100.0, -100.0, -100.0, -100.0, -100.0, -100.0, -100.0, -100.0, -100.0, -100.0, -100.0, -100.0], "episode_types": ["t", "t", "t", "t", "t", "t", "t", "t", "t", "t", "t", "t", "t", "t", "t", "t", "t", "t", "t", "t", "t", "t", "t", "t", "t", "t", "t", "t", "t", "t", "t", "t", "t", "t", "t", "t", "t", "t", "t", "t", "t", "t", "t", "t", "t", "t", "t", "t", "t", "t", "t", "t", "t", "t", "t", "t", "t", "t", "t", "t", "t", "t", "t", "t", "t", "t", "t", "t", "t", "t", "t", "t", "t", "t", "t", "t", "t", "t", "t", "t", "t", "t", "t", "t", "t", "t", "t", "t", "t", "t"]}