{"initial_reset_timestamp": 1670032881.4430356, "timestamps": [1670032883.2872634, 1670032883.888372, 1670032884.4336686, 1670032885.003025, 1670032885.4932642, 1670032885.9205008, 1670032886.5614436, 1670032887.1393685, 1670032887.650246, 1670032888.1217208, 1670032888.5355623, 1670032889.1114364, 1670032889.7372677, 1670032890.2547605, 1670032890.7188368, 1670032891.14705, 1670032891.7506125, 1670032892.3973002, 1670032892.9039109, 1670032893.3105, 1670032899.3661535, 1670032899.723699, 1670032900.2665148, 1670032900.8219192, 1670032901.292005, 1670032901.7505438, 1670032902.3659801, 1670032902.9649317, 1670032903.6529634, 1670032904.160206, 1670032904.4969149, 1670032905.0559702, 1670032905.69974, 1670032906.0966089, 1670032906.5627594, 1670032907.189893, 1670032907.7923543, 1670032908.307321, 1670032908.7664948, 1670032909.3161392, 1670032915.3987052, 1670032915.8649137, 1670032916.341137, 1670032916.9712439, 1670032917.7677844, 1670032918.3468475, 1670032919.0146375, 1670032919.442427, 1670032919.8563907, 1670032920.422889, 1670032921.0694363, 1670032921.4780738, 1670032921.951262, 1670032922.5796156, 1670032923.216391, 1670032923.5378137, 1670032924.0651927, 1670032924.65848, 1670032925.389145, 1670032925.9203024], "episode_lengths": [50, 50, 50, 50, 50, 50, 50, 50, 50, 50, 50, 50, 50, 50, 50, 50, 50, 50, 50, 50, 50, 50, 50, 50, 50, 50, 50, 50, 50, 50, 50, 50, 50, 50, 50, 50, 50, 50, 50, 50, 50, 50, 50, 50, 50, 50, 50, 50, 50, 50, 50, 50, 50, 50, 50, 50, 50, 50, 50, 50], "episode_rewards": [-50.0, -50.0, -50.0, -50.0, -50.0, -50.0, -50.0, -50.0, -50.0, -50.0, -50.0, -50.0, -50.0, -50.0, -50.0, -50.0, -50.0, -50.0, -50.0, -50.0, -50.0, -50.0, -50.0, -50.0, -50.0, -50.0, -50.0, -50.0, -50.0, -50.0, -50.0, -50.0, -50.0, -50.0, -50.0, -50.0, -50.0, -50.0, -50.0, -50.0, -50.0, -50.0, -50.0, -50.0, -50.0, -50.0, -50.0, -50.0, -50.0, -50.0, -50.0, -50.0, -50.0, -50.0, -50.0, -50.0, -50.0, -50.0, -50.0, -50.0], "episode_types": ["t", "t", "t", "t", "t", "t", "t", "t", "t", "t", "t", "t", "t", "t", "t", "t", "t", "t", "t", "t", "t", "t", "t", "t", "t", "t", "t", "t", "t", "t", "t", "t", "t", "t", "t", "t", "t", "t", "t", "t", "t", "t", "t", "t", "t", "t", "t", "t", "t", "t", "t", "t", "t", "t", "t", "t", "t", "t", "t", "t"]}