{"initial_reset_timestamp": 1670032878.971683, "timestamps": [1670032893.3346996, 1670032893.4870627, 1670032893.6299157, 1670032893.7798986, 1670032893.921116, 1670032894.1406908, 1670032894.3488586, 1670032894.836195, 1670032895.105791, 1670032895.3318157, 1670032895.6010828, 1670032895.816876, 1670032896.0300822, 1670032896.2725003, 1670032896.5397494, 1670032896.7721233, 1670032896.9738202, 1670032897.278937, 1670032897.5265157, 1670032897.7241354, 1670032909.3951886, 1670032909.6058116, 1670032909.8286848, 1670032910.2824056, 1670032910.5294776, 1670032910.7825215, 1670032910.9888592, 1670032911.2109053, 1670032911.4031923, 1670032911.6336644, 1670032911.8357143, 1670032912.0500176, 1670032912.2795765, 1670032912.5421588, 1670032912.7610664, 1670032912.9555433, 1670032913.293775, 1670032913.4848406, 1670032913.6833014, 1670032913.8884454], "episode_lengths": [50, 50, 50, 50, 50, 50, 50, 50, 50, 50, 50, 50, 50, 50, 50, 50, 50, 50, 50, 50, 50, 50, 50, 50, 50, 50, 50, 50, 50, 50, 50, 50, 50, 50, 50, 50, 50, 50, 50, 50], "episode_rewards": [-50.0, -50.0, -50.0, -50.0, -50.0, -50.0, -50.0, -50.0, -50.0, -50.0, -50.0, -50.0, -50.0, -50.0, -50.0, -50.0, -50.0, -50.0, -50.0, -50.0, -50.0, -50.0, -50.0, -50.0, -50.0, -50.0, -50.0, -50.0, -50.0, -50.0, -50.0, -50.0, -50.0, -50.0, -50.0, -50.0, -50.0, -50.0, -50.0, -50.0], "episode_types": ["t", "t", "t", "t", "t", "t", "t", "t", "t", "t", "t", "t", "t", "t", "t", "t", "t", "t", "t", "t", "t", "t", "t", "t", "t", "t", "t", "t", "t", "t", "t", "t", "t", "t", "t", "t", "t", "t", "t", "t", "t"]}