{"initial_reset_timestamp": 1670028194.0803711, "timestamps": [1670028239.3268292, 1670028239.5675223, 1670028239.9989886, 1670028240.4162552, 1670028240.7664814, 1670028241.1032124, 1670028346.9257903, 1670028347.2355368, 1670028347.5830526, 1670028347.8837087, 1670028348.20017, 1670028348.5056129, 1670028348.8563008, 1670028614.176886, 1670028878.8069284, 1670029136.140584, 1670029380.4675744, 1670029624.2210767, 1670029869.7344468, 1670030113.9057283, 1670030464.1430407, 1670030720.106101, 1670030977.1719322, 1670031233.905453, 1670031444.551896, 1670031701.9228556, 1670032059.7585936, 1670032315.9330745, 1670032507.972835, 1670032619.8093228, 1670032878.4459522, 1670033119.9317915, 1670033294.5141892, 1670033406.594586, 1670033469.4175575, 1670033493.26891, 1670033505.537457, 1670033528.9558861, 1670033536.0078344, 1670033541.7487755, 1670033555.9441178, 1670033573.2725677, 1670033594.8659022, 1670033635.3702667, 1670033654.8411975, 1670033682.2987285, 1670033706.6788447, 1670033732.5485847, 1670033756.2828336, 1670033782.9289122, 1670033804.3778703, 1670033841.9807165, 1670033867.7234867, 1670033891.1741624, 1670033917.6535, 1670033925.866838, 1670033964.5459294, 1670033993.5750964, 1670034037.6335204, 1670034123.9004045, 1670034139.8451989, 1670034199.6644027, 1670034226.5916233, 1670034253.8086662, 1670034275.527179, 1670034301.040337, 1670034319.142741, 1670034369.1012828, 1670034396.2763402, 1670034420.9667172, 1670034450.9540787, 1670034531.3345242, 1670034554.8108802, 1670034578.0828238, 1670034636.8486834, 1670034699.4247713, 1670034728.6967928, 1670034766.0734766, 1670034782.627791, 1670034805.6448014, 1670034820.7324827, 1670034867.015823, 1670034888.9205523, 1670034910.920713, 1670034969.2813582, 1670034986.4508276, 1670035001.751319, 1670035008.5678697, 1670035015.697407, 1670035041.4629087, 1670035054.048813, 1670035063.7596521, 1670035080.0288994, 1670035095.8208494, 1670035101.8195045, 1670035116.8349845, 1670035121.5970514, 1670035128.9050815, 1670035153.4738414, 1670035161.925932, 1670035178.010543, 1670035193.9770024, 1670035203.5881598, 1670035210.4019117, 1670035229.5215106, 1670035234.0746496, 1670035242.5437381, 1670035250.0362444, 1670035254.6938436, 1670035261.3539891, 1670035267.3195744, 1670035271.5278962, 1670035277.429303, 1670035289.0252411, 1670035296.213008, 1670035305.6429214, 1670035330.65, 1670035349.6135347, 1670035357.4467347, 1670035366.5221047, 1670035375.3141544, 1670035379.8041317, 1670035388.6533258, 1670035402.4741445, 1670035411.1978364, 1670035416.9249809, 1670035427.4488904, 1670035433.516202, 1670035439.8861527, 1670035445.7477267, 1670035461.0434563, 1670035468.312226, 1670035481.3948255, 1670035492.3728032, 1670035509.0093293, 1670035521.7636347, 1670035541.6379242, 1670035547.3856454, 1670035557.58075, 1670035562.5217369, 1670035570.0529747, 1670035579.1118233, 1670035584.9287972, 1670035589.4055998, 1670035597.0530615, 1670035602.7645137, 1670035610.040175, 1670035614.000299, 1670035616.6928995, 1670035620.72532, 1670035626.0356643, 1670035632.874431, 1670035639.3460484, 1670035646.5172038, 1670035655.0872822, 1670035661.246166, 1670035666.3338253, 1670035672.0371332, 1670035683.0786974, 1670035688.2288063, 1670035688.6890047, 1670035692.2160373, 1670035692.897017, 1670035694.0960224, 1670035694.9969008, 1670035695.8831651, 1670035702.5215104, 1670035707.770862, 1670035714.3989983, 1670035718.9916496, 1670035725.2922182, 1670035731.7739491, 1670035736.0938275, 1670035741.525175, 1670035747.675079, 1670035754.3158066, 1670035759.3500593, 1670035764.9678082, 1670035768.3779125, 1670035772.9997647, 1670035778.081643, 1670035783.9880245, 1670035790.31804, 1670035799.263719, 1670035803.6310954, 1670035808.7377856, 1670035820.0312016, 1670035841.627313, 1670035849.2967854, 1670035854.7297947, 1670035859.9848347, 1670035866.090782, 1670035878.1253607, 1670035883.8924675, 1670035888.1384463, 1670035891.8865163, 1670035897.5229197, 1670035905.5029871, 1670035908.707927, 1670035917.9615622, 1670035924.9102182, 1670035929.7353287, 1670035933.899067, 1670035938.9761128, 1670035941.831537, 1670035946.8956056, 1670035952.9646223, 1670035957.5551867, 1670035961.84303, 1670035967.8967216, 1670035972.2993157, 1670035976.9680476, 1670035982.594526, 1670035989.169718, 1670035995.7513607, 1670036017.8690908, 1670036024.4386168, 1670036031.0918555, 1670036035.2753634, 1670036041.8515396, 1670036045.1216063, 1670036052.255363, 1670036056.806918, 1670036062.932301, 1670036068.1872363, 1670036077.4604802, 1670036081.6624424, 1670036085.3890355, 1670036089.152523, 1670036093.121151, 1670036099.056402, 1670036102.0240486, 1670036108.9519434, 1670036113.0565324, 1670036119.243458, 1670036128.7883093, 1670036134.1883595, 1670036138.965034, 1670036145.0676866, 1670036148.6312134, 1670036152.5691774, 1670036155.7557683, 1670036160.4842472, 1670036166.7026424, 1670036172.578495, 1670036193.0881047, 1670036197.4706504, 1670036202.5703275, 1670036210.3544192, 1670036215.0884326, 1670036220.86521, 1670036226.76175, 1670036229.7799163, 1670036235.7636526, 1670036240.4931421, 1670036246.512242, 1670036252.819174, 1670036258.0759642, 1670036265.3268204, 1670036271.3877738, 1670036277.8134959, 1670036282.186139, 1670036286.78331, 1670036292.4280605, 1670036296.8720942, 1670036307.9099696, 1670036316.059382, 1670036320.4375865, 1670036326.828259, 1670036330.528148, 1670036335.362086, 1670036339.1084447, 1670036343.5280874, 1670036349.8618848, 1670036372.1252565, 1670036375.5787838, 1670036381.5389364, 1670036384.113579, 1670036388.3449938, 1670036394.8808458, 1670036399.9511757, 1670036406.1980705, 1670036411.3943048, 1670036416.6606376, 1670036420.8192394, 1670036425.1986184, 1670036428.8199944, 1670036433.0795074, 1670036438.2199278, 1670036442.6168213, 1670036448.0889971, 1670036452.8917773, 1670036455.700847, 1670036460.5429232, 1670036466.1550581, 1670036473.9902444, 1670036479.3197331, 1670036486.1688664, 1670036491.7156587, 1670036494.6533334, 1670036500.0298042, 1670036504.390617, 1670036508.971281, 1670036515.0828223, 1670036522.0383043, 1670036527.2293367, 1670036531.891369, 1670036551.9040737, 1670036554.6763577, 1670036559.0240839, 1670036561.9903653, 1670036567.0489633, 1670036572.1651108, 1670036576.0481632, 1670036580.2213123, 1670036586.0962338, 1670036590.1681292, 1670036595.1886857, 1670036599.1467075, 1670036604.1951811, 1670036608.8005323, 1670036614.3876495, 1670036619.0264354, 1670036622.9046953, 1670036626.7362645, 1670036634.5659914, 1670036641.2258122, 1670036645.222587, 1670036650.5586195, 1670036655.266494, 1670036659.6892574, 1670036664.6350858, 1670036672.122374, 1670036679.8463967, 1670036684.0203671, 1670036689.4890432, 1670036694.3827813, 1670036697.6244023, 1670036701.3273842, 1670036704.6732311, 1670036709.6676788, 1670036712.2555866],