{"initial_reset_timestamp": 1669940249.988194, "timestamps": [1669940253.4336617, 1669940253.6460524, 1669940253.960851, 1669940254.2568893, 1669940254.5080132, 1669940254.8044112, 1669940257.3419745, 1669940257.6214921, 1669940257.9053261, 1669940258.185089, 1669940258.4652646, 1669940258.74534, 1669940259.0224226], "episode_lengths": [150, 150, 150, 150, 125, 150, 150, 150, 150, 150, 150, 150, 150], "episode_rewards": [-150.0, -150.0, -150.0, -150.0, -124.0, -150.0, -150.0, -150.0, -150.0, -150.0, -150.0, -150.0, -150.0], "episode_types": ["t", "t", "t", "t", "t", "t", "t", "t", "t", "t", "t", "t", "t", "t"]}