{"initial_reset_timestamp": 1669940251.3544235, "timestamps": [1669940252.1901248, 1669940252.3875983, 1669940252.5855, 1669940252.780985, 1669940252.9786367, 1669940253.174689, 1669940253.3730977, 1669940255.9035976, 1669940256.1002026, 1669940256.2984862, 1669940256.49473, 1669940256.7096653, 1669940256.9047322, 1669940257.1082394, 1669940257.307204, 1669940259.9582937, 1669940260.150084, 1669940260.3477643, 1669940260.5421057, 1669940260.7397683, 1669940260.9382565, 1669940261.138149, 1669940261.339215], "episode_lengths": [150, 150, 150, 150, 150, 150, 150, 150, 150, 150, 150, 66, 150, 150, 150, 54, 150, 150, 150, 150, 150, 150, 150], "episode_rewards": [-150.0, -150.0, -150.0, -150.0, -150.0, -150.0, -150.0, -150.0, -150.0, -150.0, -150.0, -65.0, -150.0, -150.0, -150.0, -53.0, -150.0, -150.0, -150.0, -150.0, -150.0, -150.0, -150.0], "episode_types": ["t", "t", "t", "t", "t", "t", "t", "t", "t", "t", "t", "t", "t", "t", "t", "t", "t", "t", "t", "t", "t", "t", "t"]}