{"initial_reset_timestamp": 1670114380.227857, "timestamps": [1670114388.1600928, 1670114388.3666523, 1670114388.6737797, 1670114388.9687355, 1670114389.260521, 1670114389.4029496, 1670114389.6364937, 1670114395.120338, 1670114395.4113247, 1670114395.6895933, 1670114395.9675238, 1670114396.2421286, 1670114396.520056, 1670114396.7959213, 1670114405.7673247, 1670114411.0396512, 1670114416.25683, 1670114421.4882848, 1670114426.7813659, 1670114432.046798, 1670114442.0378597, 1670114447.4294724, 1670114451.0518603, 1670114456.5664055, 1670114461.945008, 1670114467.0401473, 1670114472.3033016, 1670114482.1800878, 1670114487.547262, 1670114493.066961, 1670114497.343813, 1670114502.5588403, 1670114507.7908475, 1670114512.9241378, 1670114522.942868, 1670114527.9631407, 1670114533.0641801, 1670114538.2708616, 1670114542.3856804, 1670114547.7682736, 1670114552.599308, 1670114563.7154088, 1670114568.9057662, 1670114571.478844, 1670114575.9649956, 1670114581.1919544, 1670114586.5593417, 1670114591.7220519, 1670114602.2837665, 1670114607.6225772, 1670114612.7934892, 1670114617.983049, 1670114623.2430503, 1670114628.5095477, 1670114633.7511551, 1670114645.363783, 1670114650.6676142, 1670114655.8819427, 1670114660.9251933, 1670114666.082102, 1670114671.2219987, 1670114682.7925756, 1670114687.8432345, 1670114693.1162493, 1670114698.2868252, 1670114703.4973936, 1670114708.6504738, 1670114714.1412995, 1670114725.4925609, 1670114731.050614, 1670114736.248868, 1670114741.4543557, 1670114747.023604, 1670114752.3647442, 1670114757.5997329, 1670114769.4550242, 1670114774.6713154, 1670114779.9313736, 1670114785.0703444, 1670114790.3216736, 1670114795.4985826, 1670114807.2654092, 1670114812.4165483, 1670114817.5840807, 1670114821.623316, 1670114826.8909543, 1670114831.9397812, 1670114836.9993582, 1670114848.9679537, 1670114854.1050353, 1670114859.5061817, 1670114864.875938, 1670114870.1475565, 1670114872.814186, 1670114878.2409456, 1670114889.894453, 1670114895.016177, 1670114900.3925238, 1670114905.836221, 1670114910.8884335, 1670114915.9231062, 1670114927.6411023, 1670114932.8207858, 1670114937.9646626, 1670114943.1048656, 1670114948.44482, 1670114953.5268044, 1670114957.1467404, 1670114969.3443806, 1670114974.1774557, 1670114979.3401957, 1670114984.329212, 1670114989.5324755, 1670114995.0753376, 1670115000.4415886, 1670115012.9711168, 1670115018.263439, 1670115023.4019015, 1670115028.6039948, 1670115033.7710955, 1670115039.1297498, 1670115044.258582, 1670115056.2614229, 1670115061.243849, 1670115066.696582, 1670115071.9989798, 1670115077.2476966, 1670115082.2853034, 1670115094.85945, 1670115100.0985258, 1670115105.235405, 1670115110.2354774, 1670115115.5481188, 1670115120.7334208, 1670115126.265562, 1670115138.379928, 1670115143.7027802, 1670115149.2483652, 1670115154.5686727, 1670115159.7295394, 1670115165.3363743, 1670115170.7385747, 1670115181.5796635, 1670115186.8886209, 1670115191.9943862, 1670115197.3750303, 1670115202.609204, 1670115207.6611319, 1670115220.4622018, 1670115225.1281595, 1670115230.1795926, 1670115235.3040392, 1670115240.6999054, 1670115245.9704661, 1670115251.1948338, 1670115263.5613477, 1670115268.719013, 1670115273.9259188, 1670115279.2310536, 1670115284.5566185, 1670115289.6067147, 1670115294.7384229, 1670115307.5331063, 1670115312.8926673, 1670115317.8898532, 1670115323.176525, 1670115328.5484655, 1670115333.8064916, 1670115346.5325568, 1670115351.8169591, 1670115356.9447956, 1670115362.1984184, 1670115367.4761882, 1670115372.6295292, 1670115377.8113456, 1670115390.0271597, 1670115395.3245802, 1670115400.7493703, 1670115405.936625, 1670115411.0521545, 1670115416.4951239, 1670115421.743461, 1670115434.4675274, 1670115439.7134366, 1670115444.9781861, 1670115450.2002087, 1670115455.3195345, 1670115460.4360058, 1670115472.2730224, 1670115477.3377175, 1670115482.7741115, 1670115488.0139375, 1670115493.3174417, 1670115498.7629626, 1670115504.349569, 1670115516.6443286, 1670115521.7877345, 1670115526.955489, 1670115532.3074384, 1670115537.5872955, 1670115542.836513, 1670115548.0736353, 1670115561.3263962, 1670115566.3967412, 1670115571.4819388, 1670115576.841963, 1670115582.1693313, 1670115587.2437637, 1670115599.9189072, 1670115605.0921087, 1670115610.2847767, 1670115615.4637542, 1670115620.8263943, 1670115626.032475, 1670115631.401518, 1670115643.7666583, 1670115649.3022418, 1670115654.5157216, 1670115659.691429, 1670115664.817727, 1670115670.0646203, 1670115675.3187919, 1670115687.66814, 1670115692.8090363, 1670115698.0262103, 1670115703.2123203, 1670115708.5176785, 1670115713.8307219, 1670115726.3332682, 1670115731.3829203, 1670115736.5453327, 1670115741.9241743, 1670115747.4238343, 1670115752.6095526, 1670115757.914936, 1670115769.728186, 1670115773.1881528, 1670115778.5858808, 1670115783.6978984, 1670115788.8338413, 1670115793.874792, 1670115799.060226, 1670115811.5338068, 1670115816.7348082, 1670115821.8754265, 1670115826.9692166, 1670115832.186546, 1670115837.4602723, 1670115850.010851, 1670115855.0440648, 1670115860.4573724, 1670115865.7514186, 1670115870.964845, 1670115876.5430954, 1670115881.7548075, 1670115894.116747, 1670115899.3666842, 1670115904.518117, 1670115909.64601, 1670115914.9398432, 1670115920.0099146, 1670115925.3661482, 1670115937.3456073, 1670115942.475365, 1670115947.7148147, 1670115953.1439228, 1670115958.3251204, 1670115963.4543185, 1670115975.8090184, 1670115980.9985118, 1670115986.4698105, 1670115991.7688916, 1670115997.049531, 1670116002.2834475, 1670116007.5615141, 1670116020.145283, 1670116025.400711, 1670116030.6820345, 1670116035.8483398, 1670116040.9797983, 1670116046.018267, 1670116051.194654, 1670116063.616057, 1670116068.7528083, 1670116071.4759405, 1670116076.7645788, 1670116081.7814493, 1670116086.9734237, 1670116099.1816323, 1670116104.3260133, 1670116109.6848502, 1670116115.0188863, 1670116120.456828, 1670116125.7719822, 1670116131.0264525, 1670116143.2885375, 1670116148.3186274, 1670116153.5095303, 1670116158.7242239, 1670116164.119515, 1670116169.4359381, 1670116174.5771792, 1670116187.0674288, 1670116192.2783182, 1670116197.3813663, 1670116202.5346146, 1670116207.7784615, 1670116213.1485097, 1670116225.7457528, 1670116230.9298792, 1670116236.2469532, 1670116241.3820262, 1670116246.6318455, 1670116252.168502, 1670116257.4980607, 1670116270.2509158, 1670116275.5829754, 1670116280.759623, 1670116286.0569208, 1670116291.3764126, 1670116296.6969693, 1670116301.8164082, 1670116314.353433, 1670116319.5445347, 1670116324.8570874, 1670116330.1637204, 1670116335.2558794, 1670116340.5704186, 1670116353.041282, 1670116358.343397, 1670116363.5444388, 1670116368.5649967, 1670116370.720419, 1670116376.204785, 1670116381.431287],