{"initial_reset_timestamp": 1669947591.2155352, "timestamps": [1669947599.3433301, 1669947599.5684423, 1669947599.9106092, 1669947600.2556076, 1669947600.5664513, 1669947600.8823693, 1669947607.5832772, 1669947607.8789268, 1669947608.1737106, 1669947608.4796233, 1669947608.7714164, 1669947609.0153985, 1669947609.3067997, 1669947617.8851404, 1669947623.6562586, 1669947630.0846238, 1669947636.3398948, 1669947642.1929166, 1669947648.0709667, 1669947653.9829323, 1669947665.4925191, 1669947671.201074, 1669947677.2832263, 1669947683.6890342, 1669947689.6515632, 1669947695.2792923, 1669947706.5856233, 1669947712.7436419, 1669947718.7429023, 1669947724.838548, 1669947731.4393468, 1669947737.2350945, 1669947742.7225254, 1669947754.059912, 1669947760.170837, 1669947765.8713107, 1669947771.9500587, 1669947776.528123, 1669947782.3952863, 1669947788.2599096, 1669947790.530073, 1669947801.891539, 1669947803.999443, 1669947806.5282557, 1669947812.1336882, 1669947818.00219, 1669947824.3904498, 1669947830.680037, 1669947836.3305345, 1669947843.7302747, 1669947849.3208125, 1669947852.1851282, 1669947857.918084, 1669947863.0259051, 1669947866.1733453, 1669947871.223931, 1669947873.9840307, 1669947876.7201939, 1669947885.2394416, 1669947887.454242, 1669947889.596877, 1669947891.1006505, 1669947892.939672, 1669947895.4182534, 1669947896.5752351, 1669947897.8783386, 1669947900.0695844, 1669947901.6187701, 1669947903.0257869, 1669947909.0331607, 1669947911.4880528, 1669947914.5007563, 1669947915.45317, 1669947918.4438329, 1669947919.531302, 1669947921.1084852, 1669947922.596461, 1669947924.4327416, 1669947926.3504746, 1669947927.0459297, 1669947932.1871107, 1669947933.2879927, 1669947934.0495877, 1669947935.5723429, 1669947936.5471864, 1669947937.9104397, 1669947939.6115906, 1669947940.2106538, 1669947941.6145816, 1669947942.3698385, 1669947942.9606807, 1669947944.3290324, 1669947944.7757926, 1669947945.7352748, 1669947947.519366, 1669947948.1531231, 1669947949.2266757, 1669947950.840803, 1669947956.5098507, 1669947957.6141856, 1669947959.2839403, 1669947960.6984866, 1669947962.303525, 1669947964.0964859, 1669947965.0130982, 1669947966.7789586, 1669947968.8352182, 1669947969.6740987, 1669947970.3571088, 1669947971.273287, 1669947972.3199658, 1669947973.6379235, 1669947974.54916, 1669947975.4201355, 1669947980.16317, 1669947981.6717963, 1669947982.641961, 1669947983.429672, 1669947985.433529, 1669947986.108096, 1669947986.6983178, 1669947987.8638604, 1669947988.5868783, 1669947990.4306, 1669947991.0623186, 1669947991.8414235, 1669947992.4126549, 1669947993.3369465, 1669947995.2537506, 1669947995.8830855, 1669947996.8969193, 1669947997.671248, 1669947998.5053961, 1669947999.600665, 1669948004.3367295, 1669948004.7942715, 1669948005.3963714, 1669948006.3599598, 1669948006.9557683, 1669948007.4784477, 1669948008.6476078, 1669948009.4958746, 1669948010.5361156, 1669948011.3900723, 1669948012.356896, 1669948013.4189427, 1669948014.6572227, 1669948015.4953837, 1669948016.0589602, 1669948016.9955149, 1669948017.790398, 1669948018.4874237, 1669948019.2084663, 1669948020.075912, 1669948020.8590796, 1669948021.6005633, 1669948022.2382226, 1669948022.9797113, 1669948023.5029778, 1669948028.6521566, 1669948029.518096, 1669948029.9832594, 1669948030.6633546, 1669948031.5254116, 1669948032.390832, 1669948033.2087584, 1669948033.8731098, 1669948034.2757707, 1669948034.904587, 1669948035.4676967, 1669948036.2693636, 1669948036.982705, 1669948037.45594, 1669948038.0583787, 1669948038.5106792, 1669948039.2852967, 1669948040.210882, 1669948040.9350336, 1669948041.6714218, 1669948042.3009822, 1669948043.1892946, 1669948043.9487154, 1669948044.6620278, 1669948045.5877163, 1669948046.265119, 1669948046.8160262, 1669948047.4810076, 1669948053.1304996, 1669948053.5511084, 1669948054.054858, 1669948054.761702, 1669948055.2220175, 1669948056.0725164, 1669948056.726088, 1669948057.0403082, 1669948057.408951, 1669948058.034468, 1669948058.6646423, 1669948059.25647, 1669948059.8743925, 1669948060.498, 1669948061.1560936, 1669948061.897979, 1669948062.6818976, 1669948063.2468405, 1669948064.0518413, 1669948064.689842, 1669948065.3855011, 1669948065.935256, 1669948066.4840646, 1669948066.8656368, 1669948068.0618844, 1669948068.5594356, 1669948069.0741386, 1669948069.892093, 1669948070.392129, 1669948075.537007, 1669948076.1705608, 1669948076.840978, 1669948077.6014092, 1669948078.282882, 1669948078.7133965, 1669948079.6368792, 1669948080.1193905, 1669948080.6321237, 1669948081.4295523, 1669948082.0862198, 1669948082.8034537, 1669948083.5582118, 1669948084.6280265, 1669948085.1169612, 1669948085.483276, 1669948086.368483, 1669948087.1231241, 1669948087.7768517, 1669948088.2436774, 1669948088.9294703, 1669948089.5632148, 1669948090.5863636, 1669948090.989669, 1669948091.6007147, 1669948092.2534888, 1669948092.7376282, 1669948093.3076453, 1669948098.7965484, 1669948099.4149463, 1669948099.8492944, 1669948100.3452923, 1669948100.8093085, 1669948101.4089966, 1669948102.2156804, 1669948102.6804008, 1669948103.2141583, 1669948103.816746, 1669948104.5190978, 1669948105.0365288, 1669948105.7335331, 1669948106.2324631, 1669948106.6866105, 1669948107.147566, 1669948107.7574737, 1669948108.3291779, 1669948109.025611, 1669948110.0125747, 1669948110.7158947, 1669948112.0102952, 1669948112.6429825, 1669948113.1353686, 1669948113.9154809, 1669948114.5583913, 1669948115.3917885, 1669948115.9734254, 1669948116.4054735, 1669948117.1907332, 1669948122.4545395, 1669948123.0933619, 1669948123.608716, 1669948124.173545, 1669948124.6961756, 1669948125.1468534, 1669948125.8139935, 1669948126.3403506, 1669948126.7700229, 1669948127.1834624, 1669948128.03779, 1669948128.529427, 1669948129.261262, 1669948130.0964298, 1669948130.7144463, 1669948131.1629527, 1669948131.640048, 1669948132.1328082, 1669948132.745379, 1669948133.447421, 1669948133.960644, 1669948134.5662472, 1669948135.1766253, 1669948135.7143416, 1669948136.3352628, 1669948137.0437028, 1669948137.6953797, 1669948138.4698768, 1669948138.941885, 1669948139.5374563, 1669948140.0525017, 1669948145.3967683, 1669948145.8055525, 1669948146.5159006, 1669948147.1228817, 1669948147.61173, 1669948148.3079145, 1669948148.9912562, 1669948149.4895816, 1669948149.9796205, 1669948150.4372048, 1669948151.025085, 1669948151.5017602, 1669948152.1288316, 1669948152.5663424, 1669948153.1122148, 1669948153.8384535, 1669948154.563009, 1669948155.0663543, 1669948155.497647, 1669948156.0230155, 1669948156.5206945, 1669948157.0109713, 1669948157.6187205, 1669948158.310573, 1669948158.7191925, 1669948159.1224444, 1669948159.5632951, 1669948160.0437346, 1669948160.5237818, 1669948161.0198042, 1669948161.6177607, 1669948162.2491708, 1669948162.9057674],