{"initial_reset_timestamp": 1669942793.0990396, "timestamps": [1669942806.7742286, 1669942806.9079545, 1669942807.0416074, 1669942807.1771042, 1669942807.311898, 1669942807.5208073, 1669942807.724858, 1669942808.0259519, 1669942808.2187293, 1669942808.4093335, 1669942808.620811, 1669942808.8193772, 1669942809.0094616, 1669942809.2030845, 1669942809.3896215, 1669942809.5965786, 1669942809.8071501, 1669942809.9975102, 1669942810.190999, 1669942810.3769844, 1669942819.5262403, 1669942819.7082477, 1669942819.8911822, 1669942820.18859, 1669942820.369643, 1669942820.5507073, 1669942820.7316601, 1669942820.9140816, 1669942821.0941293, 1669942821.2745242, 1669942821.450413, 1669942821.6296713, 1669942821.8123636, 1669942821.9911833, 1669942822.218439, 1669942822.411891, 1669942822.7531385, 1669942822.945422, 1669942823.1382802, 1669942823.3328094], "episode_lengths": [50, 50, 50, 50, 50, 50, 50, 50, 50, 50, 50, 50, 50, 50, 50, 50, 50, 50, 50, 50, 50, 50, 50, 50, 50, 50, 50, 50, 50, 50, 47, 50, 50, 50, 50, 50, 50, 50, 50, 50], "episode_rewards": [-50.0, -50.0, -50.0, -50.0, -50.0, -50.0, -50.0, -50.0, -50.0, -50.0, -50.0, -50.0, -50.0, -50.0, -50.0, -50.0, -50.0, -50.0, -50.0, -50.0, -50.0, -50.0, -50.0, -50.0, -50.0, -50.0, -50.0, -50.0, -50.0, -50.0, -46.0, -50.0, -50.0, -50.0, -50.0, -50.0, -50.0, -50.0, -50.0, -50.0], "episode_types": ["t", "t", "t", "t", "t", "t", "t", "t", "t", "t", "t", "t", "t", "t", "t", "t", "t", "t", "t", "t", "t", "t", "t", "t", "t", "t", "t", "t", "t", "t", "t", "t", "t", "t", "t", "t", "t", "t", "t", "t", "t"]}