{"initial_reset_timestamp": 1669942797.1625724, "timestamps": [1669942799.37972, 1669942799.8034356, 1669942800.2163177, 1669942800.5963342, 1669942800.9618268, 1669942801.3401644, 1669942801.7265756, 1669942802.1115167, 1669942802.5011375, 1669942802.8838406, 1669942803.284562, 1669942803.7020817, 1669942804.2014797, 1669942804.6012716, 1669942804.951743, 1669942805.2907622, 1669942805.6334693, 1669942805.9966779, 1669942806.3639863, 1669942806.7435725, 1669942811.6658602, 1669942812.0278997, 1669942812.402846, 1669942812.7947147, 1669942813.1709313, 1669942813.5770493, 1669942813.9846568, 1669942814.3844564, 1669942814.8864436, 1669942815.273313, 1669942815.667657, 1669942816.0770924, 1669942816.4896176, 1669942816.899394, 1669942817.2995124, 1669942817.7173958, 1669942818.146732, 1669942818.5778124, 1669942819.0124636, 1669942819.450477, 1669942824.6076741, 1669942825.045163, 1669942825.4847798, 1669942825.8944147, 1669942826.4602675, 1669942826.884405, 1669942827.3123615, 1669942827.7415712, 1669942828.1649919, 1669942828.5926878, 1669942829.0231726, 1669942829.443089, 1669942829.8674042, 1669942830.289191, 1669942830.7146492, 1669942831.1051905, 1669942831.4963515, 1669942831.9019816, 1669942832.4665492, 1669942832.8890743], "episode_lengths": [50, 50, 50, 50, 50, 50, 50, 50, 50, 50, 50, 50, 50, 50, 50, 50, 50, 50, 50, 50, 50, 50, 50, 50, 50, 50, 50, 50, 50, 50, 50, 50, 50, 50, 50, 50, 50, 50, 50, 50, 50, 50, 50, 50, 50, 50, 50, 50, 50, 50, 50, 50, 50, 50, 50, 50, 50, 50, 50, 50], "episode_rewards": [-50.0, -50.0, -50.0, -50.0, -50.0, -50.0, -50.0, -50.0, -50.0, -50.0, -50.0, -50.0, -50.0, -50.0, -50.0, -50.0, -50.0, -50.0, -50.0, -50.0, -50.0, -50.0, -50.0, -50.0, -50.0, -50.0, -50.0, -50.0, -50.0, -50.0, -50.0, -50.0, -50.0, -50.0, -50.0, -50.0, -50.0, -50.0, -50.0, -50.0, -50.0, -50.0, -50.0, -50.0, -50.0, -50.0, -50.0, -50.0, -50.0, -50.0, -50.0, -50.0, -50.0, -50.0, -50.0, -50.0, -50.0, -50.0, -50.0, -50.0], "episode_types": ["t", "t", "t", "t", "t", "t", "t", "t", "t", "t", "t", "t", "t", "t", "t", "t", "t", "t", "t", "t", "t", "t", "t", "t", "t", "t", "t", "t", "t", "t", "t", "t", "t", "t", "t", "t", "t", "t", "t", "t", "t", "t", "t", "t", "t", "t", "t", "t", "t", "t", "t", "t", "t", "t", "t", "t", "t", "t", "t", "t"]}