{"initial_reset_timestamp": 1669933974.0095708, "timestamps": [1669933980.00885, 1669933980.221353, 1669933980.5832052, 1669933980.8845258, 1669933981.179061, 1669933981.4808033, 1669933984.9545236, 1669933985.2624395, 1669933985.554698, 1669933985.8649118, 1669933986.188796, 1669933986.4953206, 1669933986.7927957, 1669933993.2150986, 1669933996.587302, 1669934001.0091407, 1669934006.5244539, 1669934012.343371, 1669934018.2087734, 1669934023.7557945, 1669934034.8903959, 1669934040.791582, 1669934045.1498415, 1669934049.891495, 1669934055.624203, 1669934061.5765283, 1669934072.818964, 1669934078.4831734, 1669934083.2935545, 1669934088.643036, 1669934093.1337268, 1669934097.9127753, 1669934103.2612135, 1669934114.491738, 1669934120.3081346, 1669934126.1452038, 1669934131.5630257, 1669934136.7369006, 1669934141.3356204, 1669934145.2132668, 1669934154.3417459, 1669934157.6113741, 1669934163.0372753, 1669934168.5844948, 1669934173.4460375, 1669934178.830969, 1669934184.0020106, 1669934192.7080834, 1669934197.4212615, 1669934198.8242626, 1669934203.857977, 1669934206.3060496, 1669934209.3401186, 1669934214.8905442, 1669934220.4610107, 1669934225.6848545, 1669934235.8511207, 1669934240.9058518, 1669934245.9733434, 1669934250.5048232, 1669934255.4539554, 1669934258.7779858, 1669934262.534725, 1669934272.9446583, 1669934274.7005386, 1669934279.9437723, 1669934284.7089505, 1669934287.860716, 1669934290.4902241, 1669934295.6486247, 1669934297.272927, 1669934301.2883337, 1669934310.6870666, 1669934315.9647882, 1669934321.2523053, 1669934326.5683122, 1669934329.8384478, 1669934334.7139196, 1669934337.0097713, 1669934339.945752, 1669934349.783267, 1669934353.9190068, 1669934358.2313316, 1669934363.2013166, 1669934368.5890899, 1669934370.662384, 1669934375.509919, 1669934380.5610514, 1669934387.5400913, 1669934390.8140688, 1669934395.8504033, 1669934400.9097764, 1669934405.5476325, 1669934406.5191174, 1669934408.4884524, 1669934410.9334116, 1669934413.735059, 1669934417.043324, 1669934427.0944555, 1669934428.3428183, 1669934430.7288432, 1669934432.6852663, 1669934435.376002, 1669934436.6792314, 1669934438.0144784, 1669934440.2059486, 1669934441.325341, 1669934442.5227916, 1669934443.9625108, 1669934446.463516, 1669934448.3700223, 1669934449.4394376, 1669934451.336612, 1669934453.1408741, 1669934455.321391, 1669934456.5106657, 1669934458.9403975, 1669934467.9284055, 1669934469.7562764, 1669934471.2136583, 1669934473.3883512, 1669934474.937427, 1669934478.0743005, 1669934480.6857703, 1669934482.6148207, 1669934484.9008982, 1669934485.9970155, 1669934486.9726381, 1669934489.2703714, 1669934490.879804, 1669934494.1027856, 1669934496.4544606, 1669934498.1289618, 1669934505.611258, 1669934507.3014069, 1669934508.7061079, 1669934510.6529324, 1669934511.9396677, 1669934513.227127, 1669934514.467594, 1669934516.3294833, 1669934518.507312, 1669934519.5950882, 1669934521.5789297, 1669934524.416034, 1669934527.068653, 1669934528.487529, 1669934530.1290522, 1669934532.2433925, 1669934533.488908, 1669934534.5579245, 1669934536.1495736, 1669934538.0379412, 1669934539.1314187, 1669934547.651687, 1669934549.3248622, 1669934550.6115596, 1669934552.782267, 1669934554.4969819, 1669934556.0506163, 1669934557.5540144, 1669934558.941516, 1669934561.0828028, 1669934562.2114422, 1669934562.937571, 1669934564.33168, 1669934565.0409675, 1669934566.1090586, 1669934567.49695, 1669934568.6820486, 1669934569.8155184, 1669934570.7745657, 1669934572.2077298, 1669934573.9999847, 1669934575.4243155, 1669934576.8653247, 1669934578.030045, 1669934585.6849084, 1669934587.1413617, 1669934587.9925067, 1669934590.2624867, 1669934591.4442072, 1669934593.5672865, 1669934594.9863524, 1669934596.6534994, 1669934597.7421923, 1669934599.0291338, 1669934599.7722785, 1669934601.050885, 1669934602.6964695, 1669934604.563442, 1669934605.645013, 1669934607.2697144, 1669934608.6603234, 1669934611.824703, 1669934613.014967, 1669934614.6088197, 1669934616.8122432, 1669934625.2111397, 1669934626.7134948, 1669934627.8272064, 1669934629.094149, 1669934630.7660816, 1669934632.0251207, 1669934633.5588384, 1669934635.9508042, 1669934637.2153187, 1669934638.775128, 1669934640.7941327, 1669934641.7667227, 1669934642.8433454, 1669934644.0796795, 1669934645.360883, 1669934646.3640811, 1669934647.1505566, 1669934648.4965506, 1669934649.3749495, 1669934650.5674949, 1669934652.1682854, 1669934653.8260114, 1669934655.5354238, 1669934657.011688, 1669934658.1791446, 1669934665.5487785, 1669934666.7278085, 1669934668.2747376, 1669934669.1236157, 1669934670.2116973, 1669934671.2548952, 1669934672.1725202, 1669934673.9195626, 1669934676.071143, 1669934677.9956098, 1669934679.0796165, 1669934680.9615574, 1669934683.50196, 1669934686.5959184, 1669934687.7909513, 1669934688.6221828, 1669934690.3843298, 1669934691.902639, 1669934693.0817418, 1669934694.658857, 1669934695.7760224, 1669934697.3371632, 1669934698.33362], "episode_lengths": [150, 150, 150, 150, 150, 150, 150, 150, 150, 150, 150, 150, 150, 150, 150, 150, 150, 150, 150, 150, 150, 150, 150, 150, 150, 150, 150, 150, 129, 150, 150, 150, 150, 150, 150, 150, 147, 150, 150, 133, 118, 89, 150, 150, 132, 150, 150, 119, 150, 41, 150, 61, 82, 150, 150, 150, 150, 150, 150, 150, 150, 93, 108, 150, 47, 150, 141, 96, 78, 150, 51, 132, 150, 150, 150, 150, 94, 150, 70, 87, 150, 150, 150, 150, 150, 56, 131, 148, 59, 100, 150, 150, 150, 30, 66, 77, 79, 96, 114, 34, 65, 51, 77, 39, 41, 71, 33, 34, 41, 70, 54, 30, 50, 50, 71, 40, 83, 114, 51, 40, 59, 42, 88, 70, 52, 62, 32, 26, 71, 45, 101, 75, 51, 46, 51, 44, 59, 40, 39, 41, 60, 66, 32, 56, 79, 74, 38, 46, 57, 32, 29, 42, 56, 33, 82, 47, 34, 59, 48, 43, 47, 42, 73, 37, 24, 45, 24, 40, 46, 37, 33, 30, 43, 49, 41, 39, 31, 29, 38, 23, 66, 38, 66, 44, 48, 31, 39, 21, 36, 47, 48, 32, 46, 41, 116, 39, 57, 78, 66, 41, 29, 36, 46, 34, 40, 65, 33, 41, 58, 26, 29, 39, 43, 34, 31, 52, 33, 44, 49, 47, 45, 39, 30, 33, 39, 48, 28, 35, 33, 26, 45, 57, 53, 29, 52, 68, 98, 35, 25, 54, 44, 34, 45, 31, 43, 27], "episode_rewards": [-150.0, -150.0, -150.0, -150.0, -150.0, -150.0, -150.0, -150.0, -150.0, -150.0, -150.0, -150.0, -150.0, -150.0, -150.0, -150.0, -150.0, -150.0, -150.0, -150.0, -150.0, -150.0, -150.0, -150.0, -150.0, -150.0, -150.0, -150.0, -128.0, -150.0, -150.0, -150.0, -150.0, -150.0, -150.0, -150.0, -146.0, -150.0, -150.0, -132.0, -117.0, -88.0, -150.0, -150.0, -131.0, -150.0, -150.0, -118.0, -150.0, -40.0, -150.0, -60.0, -81.0, -150.0, -150.0, -150.0, -150.0, -150.0, -150.0, -150.0, -150.0, -92.0, -107.0, -150.0, -46.0, -150.0, -140.0, -95.0, -77.0, -150.0, -50.0, -131.0, -150.0, -150.0, -150.0, -150.0, -93.0, -150.0, -69.0, -86.0, -150.0, -150.0, -150.0, -150.0, -150.0, -55.0, -130.0, -147.0, -58.0, -99.0, -150.0, -150.0, -150.0, -29.0, -65.0, -76.0, -78.0, -95.0, -113.0, -33.0, -64.0, -50.0, -76.0, -38.0, -40.0, -70.0, -32.0, -33.0, -40.0, -69.0, -53.0, -29.0, -49.0, -49.0, -70.0, -39.0, -82.0, -113.0, -50.0, -39.0, -58.0, -41.0, -87.0, -69.0, -51.0, -61.0, -31.0, -25.0, -70.0, -44.0, -100.0, -74.0, -50.0, -45.0, -50.0, -43.0, -58.0, -39.0, -38.0, -40.0, -59.0, -65.0, -31.0, -55.0, -78.0, -73.0, -37.0, -45.0, -56.0, -31.0, -28.0, -41.0, -55.0, -32.0, -81.0, -46.0, -33.0, -58.0, -47.0, -42.0, -46.0, -41.0, -72.0, -36.0, -23.0, -44.0, -23.0, -39.0, -45.0, -36.0, -32.0, -29.0, -42.0, -48.0, -40.0, -38.0, -30.0, -28.0, -37.0, -22.0, -65.0, -37.0, -65.0, -43.0, -47.0, -30.0, -38.0, -20.0, -35.0, -46.0, -47.0, -31.0, -45.0, -40.0, -115.0, -38.0, -56.0, -77.0, -65.0, -40.0, -28.0, -35.0, -45.0, -33.0, -39.0, -64.0, -32.0, -40.0, -57.0, -25.0, -28.0, -38.0, -42.0, -33.0, -30.0, -51.0, -32.0, -43.0, -48.0, -46.0, -44.0, -38.0, -29.0, -32.0, -38.0, -47.0, -27.0, -34.0, -32.0, -25.0, -44.0, -56.0, -52.0, -28.0, -51.0, -67.0, -97.0, -34.0, -24.0, -53.0, -43.0, -33.0, -44.0, -30.0, -42.0, -26.0],