{"initial_reset_timestamp": 1670028193.6067863, "timestamps": [1670028211.2779653, 1670028211.5316212, 1670028211.9027326, 1670028212.2577374, 1670028212.6375382, 1670028213.0084393, 1670028222.388314, 1670028222.7345657, 1670028223.0773058, 1670028223.4054537, 1670028223.83846, 1670028224.1709788, 1670028224.3723865, 1670028231.843439, 1670028244.1472468, 1670028257.914471, 1670028271.8099043, 1670028285.6774645, 1670028299.65882, 1670028313.44977, 1670028340.442387, 1670028352.731402, 1670028366.425372, 1670028380.5020936, 1670028394.4827998, 1670028408.5069842, 1670028422.3939853, 1670028449.4649734, 1670028461.8482618, 1670028475.7095108, 1670028489.6940393, 1670028503.775829, 1670028517.5635514, 1670028544.767529, 1670028558.58996, 1670028567.124684, 1670028580.3286939, 1670028594.766324, 1670028609.181982, 1670028623.5785797, 1670028649.6474988, 1670028664.0459604, 1670028677.9762256, 1670028691.2280302, 1670028705.4483247, 1670028719.83221, 1670028734.2414432, 1670028762.5105546, 1670028776.9392254, 1670028782.249894, 1670028796.2420025, 1670028809.5359242, 1670028823.4891205, 1670028837.8920448, 1670028865.8765278, 1670028880.3676767, 1670028894.9542825, 1670028909.2559552, 1670028918.3547208, 1670028931.5770626, 1670028945.5835931, 1670028974.6750326, 1670028989.0643523, 1670029003.4806237, 1670029017.811533, 1670029031.2426276, 1670029043.9715989, 1670029049.5574439, 1670029062.7084126, 1670029088.9906125, 1670029102.5640633, 1670029108.2870495, 1670029117.522373, 1670029131.3302252, 1670029144.7044814, 1670029157.348114, 1670029181.8647654, 1670029192.9209008, 1670029204.5161824, 1670029209.3240075, 1670029219.2711346, 1670029233.0027196, 1670029246.4224374, 1670029253.109478, 1670029266.1135738, 1670029291.118788, 1670029303.5178685, 1670029312.6517134, 1670029326.236613, 1670029340.0440168, 1670029353.605886, 1670029366.9537888, 1670029390.3376055, 1670029402.7114558, 1670029412.382361, 1670029425.8951578, 1670029439.4095619, 1670029453.1631632, 1670029466.8045285, 1670029486.7737591, 1670029489.0243897, 1670029502.5384793, 1670029515.3786206, 1670029527.312545, 1670029536.5637395, 1670029550.1105108, 1670029558.7301042, 1670029566.4509263, 1670029569.5163064, 1670029595.2538993, 1670029608.2699776, 1670029616.2293453, 1670029626.6380064, 1670029639.3609405, 1670029652.630312, 1670029666.3457985, 1670029692.2635612, 1670029699.7288055, 1670029704.5521333, 1670029711.1093624, 1670029724.177698, 1670029737.5525436, 1670029750.7971137, 1670029763.82587, 1670029775.5919855, 1670029803.1912076, 1670029812.9564464, 1670029826.0809357, 1670029832.8890967, 1670029846.3658514, 1670029859.8975976, 1670029872.951686, 1670029899.6373756, 1670029912.6635294, 1670029923.442583, 1670029935.367979, 1670029948.4804995, 1670029961.8376424, 1670029970.5570219, 1670029998.0380583, 1670030010.6248193, 1670030018.616923, 1670030032.0085301, 1670030040.720026, 1670030054.1994321, 1670030063.438089, 1670030074.2930458], "episode_lengths": [150, 150, 150, 150, 150, 150, 150, 150, 150, 150, 150, 150, 79, 150, 150, 150, 150, 150, 150, 150, 150, 150, 150, 150, 150, 150, 150, 150, 150, 150, 150, 150, 150, 150, 150, 98, 150, 150, 150, 150, 132, 150, 150, 150, 150, 150, 150, 150, 150, 54, 150, 150, 150, 150, 150, 150, 150, 150, 103, 150, 150, 150, 150, 150, 150, 150, 150, 64, 150, 150, 150, 61, 103, 150, 150, 150, 150, 120, 125, 52, 110, 150, 150, 76, 150, 150, 136, 99, 150, 150, 150, 150, 130, 150, 113, 150, 150, 150, 150, 66, 26, 150, 150, 140, 102, 150, 94, 84, 32, 147, 150, 88, 119, 150, 150, 150, 142, 86, 55, 73, 150, 150, 150, 150, 133, 150, 111, 150, 77, 150, 150, 150, 150, 150, 119, 135, 150, 150, 100, 150, 150, 87, 150, 94, 150, 106, 124], "episode_rewards": [-150.0, -150.0, -150.0, -150.0, -150.0, -150.0, -150.0, -150.0, -150.0, -150.0, -150.0, -150.0, -78.0, -150.0, -150.0, -150.0, -150.0, -150.0, -150.0, -150.0, -150.0, -150.0, -150.0, -150.0, -150.0, -150.0, -150.0, -150.0, -150.0, -150.0, -150.0, -150.0, -150.0, -150.0, -150.0, -97.0, -150.0, -150.0, -150.0, -150.0, -131.0, -150.0, -150.0, -150.0, -150.0, -150.0, -150.0, -150.0, -150.0, -53.0, -150.0, -150.0, -150.0, -150.0, -150.0, -150.0, -150.0, -150.0, -102.0, -150.0, -150.0, -150.0, -150.0, -150.0, -150.0, -150.0, -150.0, -63.0, -150.0, -150.0, -150.0, -60.0, -102.0, -150.0, -150.0, -150.0, -150.0, -119.0, -124.0, -51.0, -109.0, -150.0, -150.0, -75.0, -150.0, -150.0, -135.0, -98.0, -150.0, -150.0, -150.0, -150.0, -129.0, -150.0, -112.0, -150.0, -150.0, -150.0, -150.0, -65.0, -25.0, -150.0, -150.0, -139.0, -101.0, -150.0, -93.0, -83.0, -31.0, -146.0, -150.0, -87.0, -118.0, -150.0, -150.0, -150.0, -141.0, -85.0, -54.0, -72.0, -149.0, -150.0, -150.0, -150.0, -132.0, -150.0, -110.0, -150.0, -76.0, -150.0, -150.0, -150.0, -150.0, -150.0, -118.0, -134.0, -150.0, -150.0, -99.0, -150.0, -150.0, -86.0, -150.0, -93.0, -150.0, -105.0, -123.0], "episode_types": ["t", "t", "t", "t", "t", "t", "t", "t", "t", "t", "t", "t", "t", "t", "t", "t", "t", "t", "t", "t", "t", "t", "t", "t", "t", "t", "t", "t", "t", "t", "t", "t", "t", "t", "t", "t", "t", "t", "t", "t", "t", "t", "t", "t", "t", "t", "t", "t", "t", "t", "t", "t", "t", "t", "t", "t", "t", "t", "t", "t", "t", "t", "t", "t", "t", "t", "t", "t", "t", "t", "t", "t", "t", "t", "t", "t", "t", "t", "t", "t", "t", "t", "t", "t", "t", "t", "t", "t", "t", "t", "t", "t", "t", "t", "t", "t", "t", "t", "t", "t", "t", "t", "t", "t", "t", "t", "t", "t", "t", "t", "t", "t", "t", "t", "t", "t", "t", "t", "t", "t", "t", "t", "t", "t", "t", "t", "t", "t", "t", "t", "t", "t", "t", "t", "t", "t", "t", "t", "t", "t", "t", "t", "t", "t", "t", "t", "t", "t"]}