{"initial_reset_timestamp": 1670028197.80511, "timestamps": [1670028202.050926, 1670028203.538599, 1670028205.1182108, 1670028206.8133907, 1670028208.3826723, 1670028209.9278042, 1670028211.2127316, 1670028215.268046, 1670028216.5473619, 1670028217.6893537, 1670028219.1540034, 1670028220.1744535, 1670028221.3325005, 1670028221.8205307, 1670028222.2951694, 1670028226.1303, 1670028227.5866323, 1670028228.126671, 1670028228.541837, 1670028228.9834213, 1670028229.4978557, 1670028230.0502849, 1670028230.6845345, 1670028322.9103646, 1670028324.6919627, 1670028326.41267, 1670028328.1169899, 1670028329.877591, 1670028331.4070733, 1670028333.3344164, 1670028427.3871696, 1670028429.1362522, 1670028430.782006, 1670028432.4834526, 1670028434.2841218, 1670028436.1130197, 1670028437.8697534, 1670028531.6244137, 1670028533.3873777, 1670028535.0981886, 1670028536.8565729, 1670028538.5793145, 1670028540.393669, 1670028542.2954056, 1670028637.8550167, 1670028639.6696475, 1670028641.593973, 1670028643.5242665, 1670028645.313909, 1670028647.1066694, 1670028649.005704, 1670028745.7741838, 1670028747.6448233, 1670028749.4788203, 1670028751.3017282, 1670028753.3077874, 1670028755.109608, 1670028757.0114696, 1670028853.6539044, 1670028855.514628, 1670028857.2978966, 1670028859.1211355, 1670028861.0192974, 1670028862.8682547, 1670028864.7758904, 1670028961.1895347, 1670028962.9459283, 1670028964.830508, 1670028966.668455, 1670028968.4214282, 1670028969.5939775, 1670028971.4464467, 1670028973.3016381, 1670029067.3542047, 1670029069.1045754, 1670029070.3923376, 1670029072.1531975, 1670029073.9450872, 1670029075.5594435, 1670029077.2838244, 1670029168.376476, 1670029169.96491, 1670029171.562014, 1670029173.153288, 1670029174.9253135, 1670029176.5407486, 1670029178.243813, 1670029271.2988021, 1670029272.9396026, 1670029274.502098, 1670029276.085536, 1670029277.6454523, 1670029279.1908154, 1670029280.76451, 1670029373.0863645, 1670029373.9296753, 1670029375.582934, 1670029377.2138746, 1670029378.5377638, 1670029379.933101, 1670029381.344332, 1670029383.0651243, 1670029473.2401764, 1670029475.02228, 1670029476.7809262, 1670029478.4690971, 1670029480.1736965, 1670029481.9018767, 1670029483.4786382, 1670029485.169978, 1670029577.1753078, 1670029579.0348518, 1670029580.8268864, 1670029582.629023, 1670029584.2897606, 1670029586.0688093, 1670029587.82835, 1670029678.087658, 1670029679.7808697, 1670029681.6425345, 1670029683.5286667, 1670029685.2715073, 1670029687.0044012, 1670029688.6180654, 1670029779.2573714, 1670029780.6371815, 1670029782.5295005, 1670029783.8157437, 1670029785.6799881, 1670029787.5624592, 1670029789.3550973, 1670029791.0040872, 1670029881.7986133, 1670029882.8288858, 1670029884.6225824, 1670029886.378443, 1670029887.9116747, 1670029889.73724, 1670029891.3943481, 1670029893.059527, 1670029983.6281776, 1670029985.4766796, 1670029987.2032225, 1670029988.50276, 1670029990.4172223, 1670029992.1262598, 1670029993.7082186, 1670029995.400594, 1670030086.2222612, 1670030087.5818949, 1670030089.0090582, 1670030090.8188083, 1670030092.6675804, 1670030094.383315, 1670030096.0886395, 1670030096.793627, 1670030181.7829127, 1670030183.558939, 1670030185.323084, 1670030187.0841913, 1670030188.9122932, 1670030190.700273, 1670030192.5121326, 1670030278.4959233, 1670030279.7211807, 1670030280.847733, 1670030282.6426377, 1670030284.3808494, 1670030286.1550324, 1670030287.982993, 1670030289.713254, 1670030376.6555743, 1670030378.5674183, 1670030380.6917303, 1670030382.6373885, 1670030384.5420082, 1670030386.301917, 1670030388.1592824, 1670030476.265929, 1670030477.856666, 1670030479.675341, 1670030481.615863, 1670030483.45097, 1670030484.4168684, 1670030486.2573323, 1670030488.142056, 1670030575.5619047, 1670030576.83926, 1670030578.2310576, 1670030579.695541, 1670030581.585054, 1670030583.4558988, 1670030585.2691336, 1670030587.2139423, 1670030674.2720919, 1670030676.2489543, 1670030678.1512053, 1670030680.019818, 1670030681.7695513, 1670030683.6117427, 1670030685.4974039, 1670030773.0662608, 1670030774.9483104, 1670030776.2390845, 1670030777.7536864, 1670030779.592634, 1670030781.4567542, 1670030783.0651774, 1670030784.0867012, 1670030870.7431862, 1670030872.5361178, 1670030873.3041556, 1670030875.0816627, 1670030876.967359, 1670030878.841199, 1670030880.615953, 1670030882.257496, 1670030970.3724399, 1670030971.5647454, 1670030973.47162, 1670030975.0605502, 1670030976.9644873, 1670030978.815227, 1670030980.1350353, 1670030981.3515437, 1670031068.366171, 1670031070.2635303, 1670031072.211072, 1670031073.801533, 1670031074.87223, 1670031076.7963395, 1670031078.691628, 1670031080.5896268, 1670031167.4416587, 1670031169.3202736, 1670031170.4688978, 1670031171.7089608, 1670031173.8002536, 1670031175.410901, 1670031177.1837447, 1670031179.1193836, 1670031180.9992476, 1670031267.8473535, 1670031269.4258416, 1670031270.550074, 1670031271.8011708, 1670031273.6014812, 1670031275.4636254, 1670031277.384913, 1670031279.2948744, 1670031366.8072736, 1670031368.6289725, 1670031370.5409384, 1670031371.9152505, 1670031372.6093934, 1670031374.5265288, 1670031376.3312862, 1670031378.2149932, 1670031465.2778778, 1670031467.088675, 1670031468.8988051, 1670031470.0376527, 1670031470.7805598, 1670031472.6461666, 1670031474.4952502, 1670031476.015382, 1670031564.1761198, 1670031565.993627, 1670031567.8402412, 1670031569.5900986, 1670031571.443864, 1670031573.2818491, 1670031575.1064343, 1670031663.530991, 1670031665.3241537, 1670031667.0216312, 1670031668.8615584, 1670031670.6509135, 1670031671.9080176, 1670031673.749965, 1670031761.0223906, 1670031762.8633773, 1670031764.6172304, 1670031766.3220286, 1670031767.6654494, 1670031768.9533367, 1670031770.777824, 1670031772.547016, 1670031861.373177, 1670031863.2660565, 1670031865.010086, 1670031866.8309128, 1670031868.6911867, 1670031869.519722, 1670031871.414769, 1670031872.557735, 1670031960.3123462, 1670031961.626932, 1670031963.417764, 1670031965.2892532, 1670031967.0839565, 1670031968.948905, 1670031970.8742537, 1670031972.6856234, 1670032060.470342, 1670032062.2493129, 1670032064.0453713, 1670032065.8494473, 1670032067.7215092, 1670032069.1819763, 1670032070.5113401, 1670032071.5366604, 1670032159.755833, 1670032161.4053757, 1670032163.210278, 1670032165.0244908, 1670032166.6997726, 1670032168.474299, 1670032170.2424536, 1670032258.231945, 1670032259.0832012, 1670032260.3052354, 1670032262.0764112, 1670032263.6928606, 1670032265.4404767, 1670032266.9346013, 1670032268.6988893, 1670032351.2516909, 1670032353.004568, 1670032354.5392966, 1670032356.2098336, 1670032357.1341162, 1670032358.8175747, 1670032360.6091244, 1670032361.6672454, 1670032448.8475504, 1670032450.7861662, 1670032452.6916506, 1670032454.535885, 1670032456.354968, 1670032458.0949287, 1670032459.8822057, 1670032548.425517, 1670032549.4385161, 1670032551.3460753, 1670032553.3151119, 1670032555.2637577, 1670032557.2049985, 1670032558.9542518, 1670032560.7066464, 1670032648.2669597, 1670032650.2387772, 1670032652.1650233, 1670032653.722359, 1670032655.6027992, 1670032657.4958656, 1670032658.8474946, 1670032660.7168689, 1670032748.6859663, 1670032749.8642647, 1670032751.6452754, 1670032753.5266545, 1670032754.8481488, 1670032756.7332027, 1670032758.0320787, 1670032759.9516623, 1670032846.373266, 1670032848.2558331, 1670032850.0602934, 1670032851.7957742, 1670032853.6890569, 1670032855.5148911, 1670032857.3817754, 1670032859.1333954, 1670032946.8071597, 1670032948.7574425, 1670032950.682476, 1670032952.4357362, 1670032954.4249444, 1670032956.312819, 1670032958.2229002],