{"initial_reset_timestamp": 1669940781.4401965, "timestamps": [1669940788.4276657, 1669940788.670993, 1669940788.9627023, 1669940789.2653208, 1669940789.5671015, 1669940789.8671646, 1669940793.7511833, 1669940794.0616472, 1669940794.358909, 1669940794.6514912, 1669940794.9479764, 1669940795.2507977, 1669940795.5360675, 1669940802.7283833, 1669940807.234618, 1669940813.013064, 1669940820.5227754, 1669940828.0983903, 1669940835.6110828, 1669940842.8273296, 1669940856.741455, 1669940862.8811016, 1669940868.4974582, 1669940876.015387, 1669940883.7737522, 1669940891.1814568, 1669940905.0890117, 1669940911.888888, 1669940918.719733, 1669940924.263631, 1669940930.082428, 1669940937.1947348, 1669940944.1879714, 1669940957.7112544, 1669940964.452434, 1669940971.515167, 1669940978.2365792, 1669940983.7813568, 1669940989.6849291, 1669940996.7177773, 1669941010.5126548, 1669941017.5460632, 1669941023.9592314, 1669941029.8224947, 1669941035.8481848, 1669941039.913038, 1669941041.312633, 1669941043.9597907, 1669941047.314841, 1669941059.0015268, 1669941065.7140937, 1669941072.520305, 1669941079.375676, 1669941081.9188418, 1669941088.9246905, 1669941093.9380429, 1669941100.357574, 1669941110.4936237, 1669941115.9896233, 1669941118.9570165, 1669941125.7514033, 1669941132.8601463, 1669941139.6975381, 1669941142.7410154, 1669941144.944261, 1669941155.7049313, 1669941159.0984356, 1669941165.6288261, 1669941167.3381093, 1669941172.8690908, 1669941176.827795, 1669941179.8009326, 1669941186.9219668, 1669941190.4743733, 1669941196.8941555, 1669941208.9365525, 1669941212.0752833, 1669941218.684436, 1669941221.4948907, 1669941228.2445228, 1669941231.1360474, 1669941234.9399776, 1669941239.0471044, 1669941245.2971416, 1669941254.6981144, 1669941261.1945505, 1669941264.5420952, 1669941269.5099432, 1669941272.999702, 1669941278.9569, 1669941282.4044714, 1669941285.1693466, 1669941291.5551994, 1669941301.037008, 1669941306.8433597, 1669941309.6678984, 1669941316.1268716, 1669941320.2533042, 1669941323.5622756, 1669941325.3735006, 1669941327.3745584, 1669941329.9875686, 1669941331.8851283, 1669941334.3716376, 1669941337.56075, 1669941340.3806512, 1669941342.0930693, 1669941343.7924714, 1669941345.1605647, 1669941352.5109534, 1669941356.0693953, 1669941357.5554354, 1669941359.4609487, 1669941361.1442032, 1669941362.7817543, 1669941363.8996232, 1669941365.3202949, 1669941366.96523, 1669941368.336204, 1669941370.3507476, 1669941372.6269276, 1669941375.4012365, 1669941377.927104, 1669941379.173252, 1669941381.1502213, 1669941385.5211914, 1669941387.1249485, 1669941391.2277846, 1669941393.1139956, 1669941404.6958518, 1669941406.5667758, 1669941408.4135342, 1669941410.1283398, 1669941411.7102375, 1669941412.72379, 1669941413.9746487, 1669941415.9038038, 1669941417.6759124, 1669941420.0814323, 1669941421.0769138, 1669941422.7427263, 1669941424.0436566, 1669941425.1869197, 1669941427.207362, 1669941429.012233, 1669941430.8577726, 1669941431.78073, 1669941433.3477504, 1669941435.5879114, 1669941436.4224744, 1669941437.9484375, 1669941440.2758257, 1669941441.2975428, 1669941442.757191, 1669941451.8869526, 1669941453.2139907, 1669941454.757906, 1669941456.0126748, 1669941457.0786183, 1669941458.1184318, 1669941460.1953273, 1669941462.5012386, 1669941463.848332, 1669941467.1977403, 1669941469.7648854, 1669941471.3360384, 1669941473.6394856, 1669941476.4444299, 1669941477.6656497, 1669941480.3940232, 1669941481.5649438, 1669941482.5490813, 1669941483.8229718, 1669941484.9575195, 1669941486.1114347, 1669941488.4539738, 1669941489.4567697, 1669941490.319455, 1669941492.1411192, 1669941502.3309786, 1669941503.9030213, 1669941505.0403497, 1669941507.165907, 1669941508.9993403, 1669941511.2348175, 1669941512.1368906, 1669941513.374947, 1669941515.4201784, 1669941516.955503, 1669941518.8776438, 1669941520.0234365, 1669941521.509802, 1669941523.0894554, 1669941524.9924214, 1669941526.6342895, 1669941528.8709779, 1669941529.8992877, 1669941532.2587502, 1669941533.1805074, 1669941534.6633518, 1669941536.6738777, 1669941537.6390185, 1669941539.481316, 1669941541.1044943, 1669941543.1832628, 1669941551.2505996, 1669941552.5377653, 1669941554.0593138, 1669941555.3815782, 1669941557.320179, 1669941558.532182, 1669941560.2511263, 1669941562.153535, 1669941563.3251042, 1669941564.8940277, 1669941567.9138227, 1669941570.4317262, 1669941571.6030886, 1669941574.7039182, 1669941576.5558252, 1669941578.28858, 1669941580.416854, 1669941582.353061, 1669941584.935043, 1669941586.5814319, 1669941587.8822641, 1669941590.396662, 1669941592.730291, 1669941594.3912396, 1669941595.4665067, 1669941605.408358, 1669941606.1658823, 1669941606.9534352, 1669941607.8158233, 1669941609.967398, 1669941611.093103, 1669941612.8974755, 1669941614.4230773, 1669941616.605839, 1669941617.8495977, 1669941619.4313083, 1669941621.0585108, 1669941623.0976236, 1669941624.6141264, 1669941626.9448164, 1669941629.1183605, 1669941630.5556276, 1669941632.1850235, 1669941633.5523505, 1669941634.9136996, 1669941636.4410324, 1669941637.7711952, 1669941639.385868, 1669941640.818455, 1669941642.7726793, 1669941644.5258465, 1669941646.0649853, 1669941656.2289789, 1669941657.8405914, 1669941659.6336424, 1669941661.1759918, 1669941663.1459386, 1669941665.4006817, 1669941666.4740906, 1669941667.5386136, 1669941668.598302, 1669941670.5462208, 1669941672.2126665, 1669941674.1790464, 1669941675.1296275, 1669941677.0464995, 1669941678.202985, 1669941679.5909693, 1669941682.1101124, 1669941684.515177, 1669941685.928547, 1669941687.4538977, 1669941689.3457882, 1669941691.5955174, 1669941692.8943157, 1669941694.6383324, 1669941696.4290957, 1669941697.9048822], "episode_lengths": [150, 150, 123, 150, 150, 150, 150, 150, 150, 150, 150, 150, 150, 150, 150, 150, 150, 150, 150, 150, 150, 150, 150, 150, 150, 150, 150, 150, 150, 150, 150, 150, 150, 150, 150, 150, 150, 150, 150, 149, 150, 150, 131, 126, 127, 86, 31, 66, 94, 150, 150, 150, 150, 50, 150, 109, 150, 150, 150, 64, 150, 150, 150, 65, 45, 103, 79, 150, 42, 150, 112, 69, 150, 76, 150, 116, 69, 150, 63, 150, 71, 104, 110, 150, 61, 145, 72, 111, 76, 132, 75, 61, 150, 150, 150, 61, 141, 90, 71, 38, 45, 57, 39, 51, 67, 62, 39, 39, 33, 23, 108, 38, 53, 44, 42, 27, 34, 39, 30, 45, 50, 61, 53, 24, 40, 96, 34, 95, 45, 103, 42, 44, 34, 35, 24, 30, 46, 44, 70, 27, 45, 38, 30, 50, 44, 42, 19, 33, 50, 18, 36, 53, 26, 34, 31, 30, 37, 30, 23, 20, 45, 48, 27, 73, 55, 34, 50, 62, 27, 67, 32, 29, 40, 32, 33, 69, 29, 25, 48, 44, 35, 24, 48, 43, 49, 19, 27, 45, 32, 42, 23, 31, 34, 40, 36, 49, 21, 59, 21, 36, 49, 26, 47, 42, 59, 34, 37, 44, 32, 46, 28, 36, 39, 23, 32, 63, 52, 24, 69, 41, 37, 46, 41, 56, 38, 30, 60, 56, 40, 24, 39, 22, 23, 26, 65, 30, 53, 39, 52, 27, 35, 36, 43, 34, 52, 46, 29, 32, 29, 26, 33, 27, 34, 31, 42, 37, 35, 37, 35, 39, 34, 47, 55, 26, 26, 29, 49, 48, 52, 23, 49, 26, 31, 61, 53, 32, 32, 42, 48, 27, 40, 38, 30],