{"initial_reset_timestamp": 1669947591.401332, "timestamps": [1669947599.1924214, 1669947599.4141662, 1669947599.736689, 1669947600.0437984, 1669947600.3430204, 1669947600.6456482, 1669947607.1764343, 1669947607.466414, 1669947607.7748456, 1669947608.0839078, 1669947608.4073348, 1669947608.7106488, 1669947609.0101678, 1669947618.3488162, 1669947624.0864131, 1669947630.298015, 1669947636.3032544, 1669947641.8540623, 1669947647.2074182, 1669947652.9171987, 1669947664.418628, 1669947670.2456627, 1669947676.3802485, 1669947682.9739692, 1669947688.6814783, 1669947692.2039585, 1669947697.8087237, 1669947709.2890742, 1669947713.4041946, 1669947719.3522487, 1669947725.4975836, 1669947731.8669724, 1669947737.9691274, 1669947740.7272382, 1669947742.8763247, 1669947754.5080407, 1669947756.9505582, 1669947761.2901747, 1669947767.2170851, 1669947768.6862707, 1669947770.8305893, 1669947772.7382374, 1669947779.2323503, 1669947782.0013378, 1669947785.705506, 1669947788.639997, 1669947799.3505955, 1669947801.663571, 1669947807.43558, 1669947812.2440608, 1669947816.0684237, 1669947822.0873494, 1669947827.753702, 1669947831.592297, 1669947833.528933, 1669947842.1003766, 1669947844.1536741, 1669947848.33956, 1669947852.3177445, 1669947858.0004969, 1669947859.654251, 1669947863.5742667, 1669947866.0660617, 1669947867.642304, 1669947871.059939, 1669947872.5833886, 1669947874.4628332, 1669947876.5512888, 1669947882.320554, 1669947884.8115904, 1669947885.4287875, 1669947886.4081771, 1669947889.64945, 1669947890.503986, 1669947891.394168, 1669947892.4298117, 1669947894.8435135, 1669947897.5375247, 1669947898.6581464, 1669947899.4640074, 1669947901.1637485, 1669947906.5739737, 1669947907.8748584, 1669947908.4512618, 1669947909.1813796, 1669947911.1849341, 1669947912.0400727, 1669947912.894854, 1669947913.5594528, 1669947914.4875727, 1669947915.288998, 1669947916.208358, 1669947917.369852, 1669947918.5151694, 1669947919.4153025, 1669947920.9239583, 1669947921.4481454, 1669947922.8893719, 1669947923.7329814, 1669947924.2861235, 1669947925.7610412, 1669947931.0661392, 1669947931.7813632, 1669947932.5296052, 1669947933.7226846, 1669947934.680098, 1669947935.6514988, 1669947936.531689, 1669947937.9917786, 1669947939.0690372, 1669947939.5951347, 1669947940.4583495, 1669947941.0924382, 1669947941.7375295, 1669947942.7835789, 1669947943.707223, 1669947944.7161336, 1669947945.4229114, 1669947946.215965, 1669947947.1730564, 1669947947.9427142, 1669947949.2037852, 1669947949.9574475, 1669947950.7111616, 1669947956.5570698, 1669947957.794919, 1669947958.673234, 1669947959.6108196, 1669947960.3492184, 1669947961.0900946, 1669947962.6162412, 1669947963.2848046, 1669947964.0424087, 1669947964.741492, 1669947965.590144, 1669947966.5670476, 1669947967.3104234, 1669947968.476549, 1669947969.330379, 1669947970.1486099, 1669947971.101804, 1669947972.2927303, 1669947973.8731337, 1669947974.990197, 1669947975.7866058, 1669947976.9401116, 1669947982.7485366, 1669947983.6672142, 1669947984.3334029, 1669947985.3896244, 1669947986.2356598, 1669947987.0037315, 1669947987.9813187, 1669947988.7363112, 1669947989.4651747, 1669947990.1934116, 1669947991.0546944, 1669947992.1220896, 1669947993.1322126, 1669947993.8636632, 1669947994.8372474, 1669947995.360065, 1669947996.391738, 1669947996.9501665, 1669947998.1288242, 1669947998.8300297, 1669947999.900346, 1669948000.5397193, 1669948001.0647895, 1669948001.7768772, 1669948002.255508, 1669948007.6550555, 1669948008.0063722, 1669948008.7952077, 1669948009.3005831, 1669948010.1908088, 1669948010.912772, 1669948012.102928, 1669948013.0758717, 1669948013.905345, 1669948015.0007386, 1669948015.9936934, 1669948016.5449748, 1669948017.3347032, 1669948017.8441293, 1669948018.438775, 1669948019.0975416, 1669948019.795945, 1669948020.5942888, 1669948021.2225237, 1669948021.847349, 1669948022.6153214, 1669948023.180101, 1669948024.3764493, 1669948024.988819, 1669948025.561301, 1669948026.4488537, 1669948027.2613075, 1669948032.5390162, 1669948033.2054677, 1669948034.309288, 1669948034.978538, 1669948035.8016064, 1669948036.682363, 1669948037.32696, 1669948038.3255672, 1669948039.6326275, 1669948040.5967965, 1669948041.5578272, 1669948042.1027174, 1669948043.1139326, 1669948044.0505338, 1669948044.8269987, 1669948045.375165, 1669948045.7667294, 1669948046.46632, 1669948047.1968422, 1669948048.0740535, 1669948048.7685897, 1669948049.2009046, 1669948049.7613637, 1669948050.7448575, 1669948051.3532782, 1669948051.8265443, 1669948052.3711934, 1669948056.9824638, 1669948057.7569833, 1669948058.261002, 1669948059.246037, 1669948059.6975765, 1669948060.1440232, 1669948060.795872, 1669948061.4615097, 1669948062.1523538, 1669948062.6791873, 1669948063.7636302, 1669948064.4106176, 1669948065.1574194, 1669948065.89321, 1669948066.8316169, 1669948067.5792522, 1669948068.3733897, 1669948069.183114, 1669948070.095596, 1669948070.7710607, 1669948071.3926444, 1669948072.2351134, 1669948073.2338874, 1669948073.8635612, 1669948074.44329, 1669948074.8559377, 1669948075.7308624, 1669948081.0682676, 1669948081.603395, 1669948082.2940915, 1669948082.7709403, 1669948083.2613475, 1669948083.8460355, 1669948084.6479545, 1669948085.0487175, 1669948085.6961427, 1669948086.1097434, 1669948086.9964752, 1669948088.528984, 1669948089.418573, 1669948090.1024601, 1669948090.6227472, 1669948091.1877868, 1669948091.643111, 1669948092.2377105, 1669948092.8695822, 1669948093.6551716, 1669948094.2244523, 1669948094.8991334, 1669948095.755505, 1669948096.4671056, 1669948097.2422101, 1669948097.8176086, 1669948098.5902853, 1669948104.1675556, 1669948104.6976914, 1669948105.0380974, 1669948105.4444304, 1669948106.1256979, 1669948106.5532012, 1669948107.1596618, 1669948107.6565704, 1669948108.1736238, 1669948108.9420888, 1669948109.5835302, 1669948110.0947406, 1669948111.3011541, 1669948112.0384862, 1669948112.4737778, 1669948113.076432, 1669948113.626295, 1669948114.301111, 1669948114.7831025, 1669948115.4367797, 1669948116.4706972, 1669948117.4872038, 1669948118.0235922, 1669948118.558066, 1669948119.0244691, 1669948119.8754485, 1669948120.5770013, 1669948126.164687, 1669948126.7726407, 1669948127.4983184, 1669948127.8832247, 1669948128.5067577, 1669948129.074895, 1669948129.6402369, 1669948130.1799212, 1669948130.8555028, 1669948131.4974866, 1669948131.8870065, 1669948132.3420043, 1669948132.777862, 1669948133.3663993, 1669948133.8664474, 1669948134.2470171, 1669948134.8074496, 1669948135.446219, 1669948135.9217887, 1669948136.6944497, 1669948137.4455912, 1669948138.235283, 1669948138.853219, 1669948139.4110022, 1669948140.296405, 1669948140.7974918, 1669948141.4169736, 1669948142.0319517, 1669948147.8526037, 1669948148.464855, 1669948149.2775927, 1669948149.8820808, 1669948150.907158, 1669948151.5617328, 1669948152.0391762, 1669948152.5437639, 1669948153.170977, 1669948153.8918054, 1669948154.421964, 1669948155.1058385, 1669948155.7958057, 1669948156.2355666, 1669948156.768283, 1669948157.3155184, 1669948157.7886505, 1669948158.5644915, 1669948159.412285, 1669948159.7505836, 1669948160.3678708, 1669948161.1041067, 1669948161.96268, 1669948162.5794542, 1669948163.162393, 1669948163.755916, 1669948164.4722116],