{"initial_reset_timestamp": 1670028632.7827845, "timestamps": [1670028635.1679423, 1670028635.6911066, 1670028636.2425342, 1670028636.6985612, 1670028637.345234, 1670028638.0099227, 1670028638.5695295, 1670028638.976352, 1670028639.5486257, 1670028640.179354, 1670028640.7813547, 1670028641.4000092, 1670028642.1966867, 1670028642.8601315, 1670028643.501184, 1670028644.1267128, 1670028644.6718524, 1670028645.14773, 1670028645.7453368, 1670028646.3605201, 1670028652.5138414, 1670028653.1103668, 1670028653.7119555, 1670028654.259473, 1670028654.7601514, 1670028655.3278449, 1670028655.8715868, 1670028656.3637278, 1670028656.9419212, 1670028657.543675, 1670028658.193915, 1670028658.753836, 1670028659.26928, 1670028659.9047327, 1670028660.57198, 1670028661.231489, 1670028661.8590374, 1670028662.483078, 1670028663.0004282, 1670028663.633204, 1670028670.2954247, 1670028670.88905, 1670028671.4748704, 1670028672.0578682, 1670028672.6874034, 1670028673.1776612, 1670028673.8238015, 1670028674.4492967, 1670028674.970735, 1670028675.3825054, 1670028676.0037553, 1670028676.6158051, 1670028677.260666, 1670028677.9031055, 1670028678.49044, 1670028679.0413837, 1670028679.4894123, 1670028680.1297004, 1670028680.8424428, 1670028681.415863, 1670028752.3356447, 1670028753.1345053, 1670028753.6699307, 1670028754.0936303, 1670028754.7255707, 1670028755.3280125, 1670028755.7969189, 1670028756.39715, 1670028756.95189, 1670028757.4838047, 1670028757.9774945, 1670028758.5457888, 1670028759.1330752, 1670028759.7427108, 1670028760.5643344, 1670028761.0814266, 1670028761.5718439, 1670028762.2175605, 1670028762.831508, 1670028763.5166893, 1670028835.9630227, 1670028836.4652927, 1670028837.0836768, 1670028837.7173727, 1670028838.3790193, 1670028838.9837604, 1670028839.8123899, 1670028840.4192631, 1670028841.0005152, 1670028841.51322, 1670028842.0771558, 1670028842.6448867, 1670028843.0758135, 1670028843.6730535, 1670028844.2880654, 1670028844.881312, 1670028845.4858284, 1670028845.8973632, 1670028846.5514033, 1670028847.377329, 1670028920.7473567, 1670028921.4588022, 1670028922.0401661, 1670028922.6961522, 1670028923.3219085, 1670028923.900567, 1670028924.4328177, 1670028924.8903825, 1670028925.455407, 1670028926.0492904, 1670028926.65209, 1670028927.1953514, 1670028927.6965747, 1670028928.2389927, 1670028928.958003, 1670028929.53463, 1670028930.097126, 1670028930.532133, 1670028931.0880334, 1670028931.656851], "episode_lengths": [50, 50, 50, 50, 50, 50, 50, 50, 50, 50, 50, 50, 50, 50, 50, 50, 50, 50, 50, 50, 50, 50, 50, 50, 50, 50, 50, 50, 50, 50, 50, 50, 50, 50, 50, 50, 50, 50, 50, 50, 50, 50, 50, 50, 50, 50, 50, 50, 50, 50, 50, 50, 50, 50, 50, 50, 50, 50, 50, 50, 50, 50, 50, 50, 50, 50, 50, 50, 50, 50, 50, 50, 50, 50, 50, 50, 50, 50, 50, 50, 50, 50, 50, 50, 50, 50, 50, 50, 50, 50, 50, 50, 50, 50, 50, 50, 50, 50, 50, 50, 50, 50, 50, 50, 50, 50, 50, 50, 50, 50, 50, 50, 50, 50, 50, 50, 50, 50, 50, 50], "episode_rewards": [-50.0, -50.0, -50.0, -50.0, -50.0, -50.0, -50.0, -50.0, -50.0, -50.0, -50.0, -50.0, -50.0, -50.0, -50.0, -50.0, -50.0, -50.0, -50.0, -50.0, -50.0, -50.0, -50.0, -50.0, -50.0, -50.0, -50.0, -50.0, -50.0, -50.0, -50.0, -50.0, -50.0, -50.0, -50.0, -50.0, -50.0, -50.0, -50.0, -50.0, -50.0, -50.0, -50.0, -50.0, -50.0, -50.0, -50.0, -50.0, -50.0, -50.0, -50.0, -50.0, -50.0, -50.0, -50.0, -50.0, -50.0, -50.0, -50.0, -50.0, -50.0, -50.0, -50.0, -50.0, -50.0, -50.0, -50.0, -50.0, -50.0, -50.0, -50.0, -50.0, -50.0, -50.0, -50.0, -50.0, -50.0, -50.0, -50.0, -50.0, -50.0, -50.0, -50.0, -50.0, -50.0, -50.0, -50.0, -50.0, -50.0, -50.0, -50.0, -50.0, -50.0, -50.0, -50.0, -50.0, -50.0, -50.0, -50.0, -50.0, -50.0, -50.0, -50.0, -50.0, -50.0, -50.0, -50.0, -50.0, -50.0, -50.0, -50.0, -50.0, -50.0, -50.0, -50.0, -50.0, -50.0, -50.0, -50.0, -50.0], "episode_types": ["t", "t", "t", "t", "t", "t", "t", "t", "t", "t", "t", "t", "t", "t", "t", "t", "t", "t", "t", "t", "t", "t", "t", "t", "t", "t", "t", "t", "t", "t", "t", "t", "t", "t", "t", "t", "t", "t", "t", "t", "t", "t", "t", "t", "t", "t", "t", "t", "t", "t", "t", "t", "t", "t", "t", "t", "t", "t", "t", "t", "t", "t", "t", "t", "t", "t", "t", "t", "t", "t", "t", "t", "t", "t", "t", "t", "t", "t", "t", "t", "t", "t", "t", "t", "t", "t", "t", "t", "t", "t", "t", "t", "t", "t", "t", "t", "t", "t", "t", "t", "t", "t", "t", "t", "t", "t", "t", "t", "t", "t", "t", "t", "t", "t", "t", "t", "t", "t", "t", "t"]}