{"initial_reset_timestamp": 1670028630.0147634, "timestamps": [1670028646.3910508, 1670028646.5761552, 1670028646.7292073, 1670028646.8915768, 1670028647.047307, 1670028647.3198035, 1670028647.5548716, 1670028648.0205493, 1670028648.244821, 1670028648.4799387, 1670028648.6863892, 1670028648.9558234, 1670028649.1953692, 1670028649.4242148, 1670028649.6166558, 1670028649.8231208, 1670028650.0387628, 1670028650.2718434, 1670028650.5191338, 1670028650.7356281, 1670028663.7497642, 1670028663.9903042, 1670028664.1932905, 1670028664.5970266, 1670028664.8484337, 1670028665.0649958, 1670028665.2667136, 1670028665.4966738, 1670028665.693444, 1670028665.9103546, 1670028666.1341326, 1670028666.3689232, 1670028666.6201653, 1670028666.8385997, 1670028667.0985668, 1670028667.3580406, 1670028667.8179603, 1670028668.0836096, 1670028668.3598366, 1670028668.601113, 1670028684.573593, 1670028687.912735, 1670028691.3115501, 1670028694.8445423, 1670028698.4908216, 1670028701.9883897, 1670028705.3930507, 1670028708.6061978, 1670028712.1561544, 1670028715.7334764, 1670028719.408267, 1670028723.0403244, 1670028726.4653084, 1670028729.923369, 1670028733.3502905, 1670028736.8405304, 1670028740.1653204, 1670028743.591399, 1670028747.1123722, 1670028750.6233923, 1670028766.39492, 1670028770.1517208, 1670028773.8558228, 1670028776.3622434, 1670028779.9693468, 1670028783.4020178, 1670028786.0156252, 1670028789.4270186, 1670028792.9144192, 1670028796.8341916, 1670028800.318474, 1670028803.517475, 1670028806.8063617, 1670028810.302264, 1670028812.2966561, 1670028814.1685905, 1670028816.2290182, 1670028818.4895618, 1670028820.0363095, 1670028822.1745317, 1670028824.6539464, 1670028827.1304846, 1670028828.8538747, 1670028830.5429006, 1670028832.5110188, 1670028849.0649939, 1670028851.5039334, 1670028853.2649534, 1670028856.805103, 1670028858.9765368, 1670028860.9535964, 1670028862.3055794, 1670028863.6240022, 1670028865.0423763, 1670028866.9013238, 1670028868.1098218, 1670028869.767188, 1670028872.9196954, 1670028875.2110395, 1670028878.738702, 1670028880.441807, 1670028883.1056075, 1670028885.1069043, 1670028887.3481686, 1670028889.0565202, 1670028890.0656412, 1670028891.5036771, 1670028893.702523, 1670028895.936275, 1670028898.1251354, 1670028900.6496482, 1670028902.3649583, 1670028906.1052547, 1670028907.4391496, 1670028910.1859586, 1670028911.5885086, 1670028913.9248157, 1670028915.860232, 1670028918.4745972, 1670028933.9516294, 1670028936.1663053, 1670028939.4942353, 1670028941.4476109, 1670028943.7176464, 1670028944.7779636, 1670028947.123662, 1670028950.2069597, 1670028952.7181578, 1670028954.2601192, 1670028957.3777823, 1670028959.5126443, 1670028960.3113189, 1670028962.0016012, 1670028965.3047264, 1670028966.8288364, 1670028968.9506593, 1670028970.0954247, 1670028972.3295388, 1670028975.6157227, 1670028977.1872773, 1670028980.9328592, 1670028984.407584, 1670028986.8456607, 1670028988.879192, 1670028991.2222843, 1670028993.230412, 1670028996.8584576, 1670028998.0747764], "episode_lengths": [50, 50, 50, 50, 50, 50, 50, 50, 50, 50, 50, 50, 50, 50, 50, 50, 50, 50, 50, 50, 50, 50, 50, 50, 50, 50, 50, 50, 50, 50, 50, 50, 50, 50, 50, 50, 50, 50, 50, 50, 50, 50, 50, 50, 50, 50, 50, 50, 50, 50, 50, 50, 50, 50, 50, 50, 50, 50, 50, 50, 45, 50, 50, 36, 50, 50, 36, 50, 50, 50, 50, 50, 50, 50, 27, 28, 28, 30, 22, 35, 34, 36, 20, 23, 26, 50, 36, 25, 50, 29, 27, 18, 18, 20, 27, 16, 23, 45, 32, 50, 24, 40, 27, 31, 25, 14, 21, 31, 31, 26, 34, 23, 50, 18, 38, 18, 32, 27, 39, 45, 30, 47, 26, 31, 13, 31, 43, 34, 16, 46, 31, 11, 23, 50, 20, 32, 16, 30, 46, 20, 50, 42, 35, 28, 31, 29, 50, 14], "episode_rewards": [-50.0, -50.0, -50.0, -50.0, -50.0, -50.0, -50.0, -50.0, -50.0, -50.0, -50.0, -50.0, -50.0, -50.0, -50.0, -50.0, -50.0, -50.0, -50.0, -50.0, -50.0, -50.0, -50.0, -50.0, -50.0, -50.0, -50.0, -50.0, -50.0, -50.0, -50.0, -50.0, -50.0, -50.0, -50.0, -50.0, -50.0, -50.0, -50.0, -50.0, -50.0, -50.0, -50.0, -50.0, -50.0, -50.0, -50.0, -50.0, -50.0, -50.0, -50.0, -50.0, -50.0, -50.0, -50.0, -50.0, -50.0, -50.0, -50.0, -50.0, -44.0, -50.0, -50.0, -35.0, -50.0, -50.0, -35.0, -50.0, -50.0, -50.0, -50.0, -50.0, -50.0, -50.0, -26.0, -27.0, -27.0, -29.0, -21.0, -34.0, -33.0, -35.0, -19.0, -22.0, -25.0, -50.0, -35.0, -24.0, -50.0, -28.0, -26.0, -17.0, -17.0, -19.0, -26.0, -15.0, -22.0, -44.0, -31.0, -50.0, -23.0, -39.0, -26.0, -30.0, -24.0, -13.0, -20.0, -30.0, -30.0, -25.0, -33.0, -22.0, -50.0, -17.0, -37.0, -17.0, -31.0, -26.0, -38.0, -44.0, -29.0, -46.0, -25.0, -30.0, -12.0, -30.0, -42.0, -33.0, -15.0, -45.0, -30.0, -10.0, -22.0, -50.0, -19.0, -31.0, -15.0, -29.0, -45.0, -19.0, -50.0, -41.0, -34.0, -27.0, -30.0, -28.0, -50.0, -13.0], "episode_types": ["t", "t", "t", "t", "t", "t", "t", "t", "t", "t", "t", "t", "t", "t", "t", "t", "t", "t", "t", "t", "t", "t", "t", "t", "t", "t", "t", "t", "t", "t", "t", "t", "t", "t", "t", "t", "t", "t", "t", "t", "t", "t", "t", "t", "t", "t", "t", "t", "t", "t", "t", "t", "t", "t", "t", "t", "t", "t", "t", "t", "t", "t", "t", "t", "t", "t", "t", "t", "t", "t", "t", "t", "t", "t", "t", "t", "t", "t", "t", "t", "t", "t", "t", "t", "t", "t", "t", "t", "t", "t", "t", "t", "t", "t", "t", "t", "t", "t", "t", "t", "t", "t", "t", "t", "t", "t", "t", "t", "t", "t", "t", "t", "t", "t", "t", "t", "t", "t", "t", "t", "t", "t", "t", "t", "t", "t", "t", "t", "t", "t", "t", "t", "t", "t", "t", "t", "t", "t", "t", "t", "t", "t", "t", "t", "t", "t", "t", "t", "t"]}