{"initial_reset_timestamp": 1669940420.7853916, "timestamps": [1669940424.30335, 1669940424.4792874, 1669940424.8013885, 1669940425.100843, 1669940425.3918135, 1669940425.6816502, 1669940428.248308, 1669940428.5496743, 1669940428.841996, 1669940429.1395192, 1669940429.4353476, 1669940429.724319, 1669940430.0155041, 1669940433.0787055, 1669940434.5291429, 1669940435.9675088, 1669940437.3529427, 1669940438.7523453, 1669940440.3624022, 1669940441.8979924, 1669940445.4251769, 1669940446.8261776, 1669940448.2190754, 1669940449.6731434, 1669940451.0579274, 1669940452.4211953, 1669940453.556775, 1669940456.8186471, 1669940458.1595936, 1669940458.702226, 1669940460.057811, 1669940461.4425135, 1669940462.5875382, 1669940463.286956, 1669940464.3387053, 1669940467.9065945, 1669940468.9523885, 1669940470.015568, 1669940471.4043536, 1669940472.778861, 1669940474.1474226, 1669940475.483176, 1669940478.8910928, 1669940480.2774096, 1669940481.4725387, 1669940482.7464094, 1669940484.0921137, 1669940485.507694, 1669940486.6008005, 1669940487.1859381, 1669940490.6359324, 1669940492.0036488, 1669940492.854922, 1669940493.3720844, 1669940494.7743807, 1669940495.598739, 1669940497.0247476, 1669940498.4084682, 1669940502.0398574, 1669940503.4407923, 1669940504.7272327, 1669940505.502919, 1669940506.6266868, 1669940507.0361462, 1669940508.414931, 1669940509.8036432, 1669940510.656593, 1669940511.1266942, 1669940514.7387636, 1669940515.5118382, 1669940515.9907205, 1669940517.628014, 1669940519.2075331, 1669940519.7860992, 1669940520.4250598, 1669940521.5720544, 1669940522.3283086, 1669940522.7411258, 1669940523.1683397, 1669940523.7855232, 1669940527.626447, 1669940528.0627246, 1669940528.5075881, 1669940528.830892, 1669940530.0608332, 1669940530.5293167, 1669940531.2169323, 1669940532.3045752, 1669940532.7982838, 1669940533.5838647, 1669940534.0523458, 1669940534.5405638, 1669940535.3529122, 1669940535.7356632, 1669940536.3981485, 1669940536.7905047, 1669940540.1698103, 1669940540.7605603, 1669940541.217141, 1669940541.7609015, 1669940542.2032952, 1669940542.8305378, 1669940543.1265254, 1669940543.5178452, 1669940543.9865031, 1669940544.5571852, 1669940544.9659896, 1669940545.319684, 1669940545.743682, 1669940546.178472, 1669940546.6113544, 1669940546.9583995, 1669940547.319224, 1669940548.0504172, 1669940548.5487988, 1669940548.991206, 1669940549.3692303, 1669940549.746249, 1669940553.2643785, 1669940553.5817587, 1669940553.9621642, 1669940554.405814, 1669940554.6768172, 1669940555.047168, 1669940555.3528087, 1669940555.6462393, 1669940556.0828629, 1669940556.6313436, 1669940556.9375691, 1669940557.3378036, 1669940557.6971445, 1669940558.1015837, 1669940558.3512967, 1669940558.8169274, 1669940559.2377312, 1669940559.6061003, 1669940560.1182833, 1669940560.434876, 1669940560.7347815, 1669940561.1646817, 1669940561.479341, 1669940561.7294002, 1669940562.077145, 1669940562.36586, 1669940562.6288025, 1669940563.0850668, 1669940563.4422305, 1669940563.714865, 1669940567.350973, 1669940567.8458426, 1669940568.1493032, 1669940568.434855, 1669940568.7190552, 1669940569.0753589, 1669940569.4850805, 1669940569.8259256, 1669940570.097895, 1669940570.469389, 1669940570.7966087, 1669940571.1949275, 1669940571.4851909, 1669940571.838076, 1669940572.1696198, 1669940572.4779022, 1669940572.904514, 1669940573.6323833, 1669940573.9703393, 1669940574.2979743, 1669940574.799525, 1669940575.3390093, 1669940575.8982878, 1669940576.4062622, 1669940576.7582996, 1669940577.353566, 1669940581.1287107, 1669940581.548985, 1669940581.918486, 1669940582.2588773, 1669940582.6603887, 1669940582.9328525, 1669940583.2786722, 1669940583.6203873, 1669940584.2384398, 1669940584.5412977, 1669940584.9736784, 1669940585.3948925, 1669940585.8195682, 1669940586.2271042, 1669940586.5911152, 1669940586.8879173, 1669940587.2473845, 1669940587.6411533, 1669940588.1378498, 1669940588.607828, 1669940588.9187436, 1669940589.1661308, 1669940589.433666, 1669940589.8048537, 1669940590.2533684, 1669940590.6587417, 1669940591.022422, 1669940591.407775, 1669940595.3056407, 1669940595.6989567, 1669940596.169747, 1669940596.5414896, 1669940596.89877, 1669940597.2441232, 1669940597.55405, 1669940597.8881013, 1669940598.1550765, 1669940598.8180993, 1669940599.101834, 1669940599.4000018, 1669940599.8365142, 1669940600.3280518, 1669940600.6872993, 1669940600.9932523, 1669940601.2756352, 1669940601.6005213, 1669940601.9308333, 1669940602.1580489, 1669940602.4979093, 1669940602.858423, 1669940603.0973575, 1669940603.3977742, 1669940603.7325912, 1669940604.0439239, 1669940604.3533213, 1669940604.7862287, 1669940605.0812223, 1669940605.4491565, 1669940605.983008, 1669940606.2397387, 1669940606.5339806, 1669940610.667401, 1669940611.195485, 1669940611.5593932, 1669940611.9316819, 1669940612.3514469, 1669940612.6884792, 1669940613.1317544, 1669940613.6082795, 1669940613.900181, 1669940614.1431582, 1669940614.6391726, 1669940614.8813179, 1669940615.3944025, 1669940615.6620297, 1669940616.0941455, 1669940616.451325, 1669940616.7966294, 1669940617.0730877, 1669940617.3303173, 1669940617.6323142, 1669940617.9792569, 1669940618.3384748, 1669940618.6657014, 1669940618.9318264, 1669940619.2874694, 1669940619.606625, 1669940620.062041, 1669940620.4926376, 1669940620.881698, 1669940621.474579, 1669940625.9666579, 1669940626.2750514, 1669940626.5674038, 1669940626.9752924, 1669940627.4225726, 1669940627.7611628, 1669940628.1654558, 1669940628.4674172, 1669940628.8470526, 1669940629.3115351, 1669940629.6208794, 1669940629.9306881, 1669940630.2679784, 1669940630.746093, 1669940631.1618764, 1669940631.3570712, 1669940631.6427066, 1669940631.9412417, 1669940632.2341094, 1669940632.6279278, 1669940633.061156, 1669940633.3793623, 1669940633.677822, 1669940634.0880852, 1669940634.3724415, 1669940634.6805031, 1669940634.9213305, 1669940635.1960943, 1669940635.5460052, 1669940635.8473368, 1669940636.139884, 1669940636.5059636, 1669940636.841089, 1669940637.0886235, 1669940641.322974, 1669940641.666161, 1669940642.0967464, 1669940642.486842, 1669940642.851558, 1669940643.1411192, 1669940643.4223475, 1669940643.7591171, 1669940644.1166284, 1669940644.3868418, 1669940644.6731348, 1669940645.0027018, 1669940645.2815993, 1669940645.6058598, 1669940646.0353901, 1669940646.2833922, 1669940646.5509317, 1669940646.8641574, 1669940647.2284086, 1669940647.5559633, 1669940647.9399014, 1669940648.3426397, 1669940648.6357868, 1669940649.0117567, 1669940649.3833146, 1669940649.6276646, 1669940649.9317286, 1669940650.2344754, 1669940650.5087175, 1669940650.797513, 1669940651.0617251, 1669940651.3201497, 1669940651.5680952, 1669940651.8535404, 1669940652.3205266, 1669940656.318509, 1669940656.6864448, 1669940656.8758616, 1669940657.3487768, 1669940657.674426, 1669940658.025812, 1669940658.341363, 1669940658.732374, 1669940659.053472, 1669940659.3766785, 1669940659.726283, 1669940660.0675938, 1669940660.423668, 1669940660.7411978, 1669940661.0653758, 1669940661.392614, 1669940661.6748185, 1669940661.9338367, 1669940662.2995749, 1669940662.6661694, 1669940663.035986, 1669940663.3471248, 1669940663.6918542, 1669940663.9753556, 1669940664.2429826, 1669940664.6771402, 1669940664.9820073, 1669940665.3175793, 1669940665.6578147, 1669940666.0038784, 1669940666.4561498, 1669940666.8179874, 1669940667.1843166, 1669940667.4968548],