{"initial_reset_timestamp": 1670015975.6056821, "timestamps": [1670015986.4398506, 1670015986.591957, 1670015986.9613366, 1670015987.3164132, 1670015987.6288064, 1670015987.9545536, 1670015988.31122, 1670015995.8457506, 1670015996.149211, 1670015996.5133042, 1670015996.85448, 1670015997.1458073, 1670015997.4545817, 1670016013.4680085, 1670016026.146956, 1670016033.3875566, 1670016042.7141879, 1670016051.4513245, 1670016060.492985, 1670016067.6481867, 1670016083.1182823, 1670016089.6131227, 1670016099.5216188, 1670016109.0194693, 1670016120.145088, 1670016131.9578218, 1670016140.9290104, 1670016155.3333032, 1670016160.8577929, 1670016170.1691637, 1670016177.7397604, 1670016185.8553386, 1670016196.3992732, 1670016218.1741402, 1670016225.2891812, 1670016232.5835025, 1670016241.9381552, 1670016257.5587857, 1670016266.8309271, 1670016279.52637, 1670016282.5761728, 1670016304.4000874, 1670016320.2569106, 1670016333.593461, 1670016345.7144668, 1670016358.6540236, 1670016368.7849226, 1670016373.1977687, 1670016388.5337121, 1670016412.2890995, 1670016427.786098, 1670016439.47586, 1670016454.5563407, 1670016461.5120363, 1670016467.9022355, 1670016482.6464007, 1670016496.316619, 1670016527.0354514, 1670016534.7326114, 1670016543.4229987, 1670016552.0011358, 1670016566.2419257, 1670016581.1076548, 1670016595.966959, 1670016617.8274162, 1670016628.1538923, 1670016630.2262418, 1670016637.3004632, 1670016640.1411965, 1670016649.555101, 1670016654.9608605, 1670016664.4253228, 1670016666.9170058, 1670016674.023836, 1670016685.4505475, 1670016692.5111518, 1670016703.7455685, 1670016707.0868337, 1670016722.2625594, 1670016736.2067726, 1670016740.3925722, 1670016743.5727704, 1670016755.8812952, 1670016758.6620328, 1670016763.7974865, 1670016765.7429988, 1670016766.8221743, 1670016768.5513742, 1670016773.4662967, 1670016775.5118065, 1670016779.1934142, 1670016784.878369, 1670016789.121244, 1670016794.9791076, 1670016797.9521112, 1670016801.805571, 1670016811.1603208, 1670016812.7917871, 1670016814.4824882, 1670016816.2235801, 1670016819.107704, 1670016820.7750924, 1670016823.4533453, 1670016829.6256475, 1670016833.0122492, 1670016834.107952, 1670016839.4023817, 1670016842.2365763, 1670016844.8085291, 1670016847.3455262, 1670016850.8387146, 1670016865.1394434, 1670016874.2161496, 1670016881.663511, 1670016887.7967446, 1670016893.6121998, 1670016897.7307668, 1670016903.3291209, 1670016908.2849264, 1670016914.2926712, 1670016916.4112773, 1670016919.9359043, 1670016922.7058287, 1670016928.4048028, 1670016932.861133, 1670016939.014832, 1670016946.1482444, 1670016949.9704003, 1670016953.2594872, 1670016975.5430958, 1670016981.2388136, 1670016983.1542962, 1670016984.8500383, 1670016988.0299401, 1670016990.1572409, 1670016991.210529, 1670016994.0291388, 1670016995.9892263, 1670016997.060006, 1670016998.3568914, 1670016999.8498244, 1670017001.6760283, 1670017004.6961083, 1670017006.4391198, 1670017007.9386754, 1670017009.7448804, 1670017011.422916, 1670017013.6137526, 1670017014.7733843, 1670017015.9224453, 1670017018.081311, 1670017026.506147, 1670017028.667145, 1670017030.6644225, 1670017032.4498355, 1670017035.3753192, 1670017036.769162, 1670017037.930089, 1670017039.795889, 1670017041.3939571, 1670017043.473578, 1670017046.5296566, 1670017047.7608669, 1670017050.7481685, 1670017052.5699487, 1670017055.394167, 1670017056.7269742, 1670017059.0648203, 1670017060.2633698, 1670017063.649723, 1670017065.9922314, 1670017068.4371848, 1670017070.026932, 1670017070.6845284, 1670017079.4833238, 1670017081.111228, 1670017083.1822596, 1670017084.2044017, 1670017085.6146097, 1670017087.0063052, 1670017088.3743913, 1670017090.0950007, 1670017091.8290875, 1670017092.808418, 1670017093.655707, 1670017095.0546553, 1670017096.5883794, 1670017100.282384, 1670017101.3833528, 1670017102.2381349, 1670017104.1677182, 1670017105.272286, 1670017106.220822, 1670017107.378361, 1670017108.7774765, 1670017110.8465905, 1670017113.2166483, 1670017116.16379, 1670017117.6869168, 1670017118.832366, 1670017126.428004, 1670017127.6262338, 1670017128.9756982, 1670017130.1600084, 1670017132.1000252, 1670017133.235935, 1670017134.6082695, 1670017137.019129, 1670017138.5239806, 1670017139.827188, 1670017141.3680115, 1670017142.3537314, 1670017143.570104, 1670017144.5338597, 1670017146.2650638, 1670017148.597029, 1670017151.0662408, 1670017155.557438, 1670017156.412369, 1670017157.9974, 1670017159.8402154, 1670017161.9280558, 1670017163.1888108, 1670017164.201262, 1670017165.9026515, 1670017167.4360497, 1670017177.007253, 1670017178.1687233, 1670017179.6825643, 1670017181.1719568, 1670017182.2305865, 1670017183.4284055, 1670017185.149053, 1670017186.4597812, 1670017187.6952772, 1670017188.61154, 1670017190.6647677, 1670017191.6297555, 1670017192.8950086, 1670017193.998975, 1670017195.3535495, 1670017196.4930332, 1670017197.9443545, 1670017198.8897276, 1670017199.96368, 1670017201.0699844, 1670017203.0078104, 1670017204.5743604, 1670017205.6685786, 1670017206.6617765, 1670017207.7891173, 1670017210.254571, 1670017212.8126152, 1670017214.7378385, 1670017225.605788, 1670017226.7775373, 1670017228.9362223, 1670017230.1960623, 1670017231.547805, 1670017233.0372193, 1670017234.5692737, 1670017236.484465, 1670017237.636538, 1670017238.8184934, 1670017240.0837255, 1670017241.1209178, 1670017242.5108275, 1670017244.0807786, 1670017246.8578258, 1670017248.089906, 1670017250.8370264, 1670017252.8687325, 1670017255.1529346, 1670017256.4650764, 1670017257.6147559, 1670017259.2242012, 1670017261.578241, 1670017262.9507914, 1670017264.5794196, 1670017265.6823132], "episode_lengths": [83, 150, 150, 150, 150, 150, 150, 150, 150, 150, 150, 150, 150, 150, 150, 150, 150, 150, 150, 150, 150, 150, 150, 150, 150, 150, 150, 150, 150, 150, 150, 150, 150, 150, 150, 150, 150, 150, 150, 150, 57, 150, 150, 144, 138, 129, 98, 42, 150, 150, 150, 113, 150, 70, 76, 150, 133, 150, 98, 150, 150, 150, 150, 150, 150, 150, 52, 94, 60, 91, 52, 150, 59, 150, 150, 114, 150, 61, 150, 138, 65, 67, 150, 60, 150, 49, 30, 51, 92, 32, 66, 113, 69, 100, 60, 47, 111, 42, 49, 49, 81, 43, 69, 87, 59, 29, 150, 77, 66, 41, 76, 53, 98, 72, 59, 57, 40, 56, 49, 63, 26, 43, 45, 60, 51, 68, 73, 38, 32, 60, 62, 32, 28, 73, 51, 26, 72, 54, 32, 37, 44, 34, 37, 39, 43, 47, 41, 55, 36, 32, 70, 54, 59, 53, 45, 45, 33, 26, 34, 38, 39, 62, 29, 46, 34, 62, 32, 39, 31, 62, 31, 70, 49, 19, 58, 45, 61, 29, 41, 40, 31, 46, 45, 26, 21, 33, 39, 96, 28, 21, 52, 34, 25, 29, 36, 57, 28, 40, 38, 30, 32, 33, 32, 30, 50, 26, 32, 58, 36, 36, 47, 27, 36, 27, 35, 31, 33, 64, 24, 42, 51, 56, 31, 26, 45, 39, 64, 30, 40, 36, 28, 30, 47, 38, 34, 23, 53, 24, 32, 29, 33, 34, 40, 25, 30, 34, 54, 47, 33, 29, 36, 34, 45, 27, 53, 31, 56, 32, 34, 37, 41, 52, 31, 31, 31, 26, 37, 43, 31, 21, 32, 39, 56, 37, 31, 39, 58, 34, 43, 30],