{"initial_reset_timestamp": 1670108205.4581735, "timestamps": [1670108217.0195215, 1670108217.2349207, 1670108217.664608, 1670108218.0297415, 1670108218.3722668, 1670108218.7781224, 1670108219.1340616, 1670108219.4779375, 1670108219.830949, 1670108220.207159, 1670108227.4108815, 1670108227.6953607, 1670108227.9846566, 1670108228.3106987, 1670108228.7237883, 1670108229.0574539, 1670108229.3842304, 1670108229.7594147, 1670108230.1253, 1670108230.4511936, 1670108240.8575084, 1670108244.5262237, 1670108248.7824354, 1670108253.0555785, 1670108257.9075565, 1670108262.3215919, 1670108266.2856524, 1670108270.448644, 1670108272.9203548, 1670108276.5392725, 1670108287.5674322, 1670108291.5523787, 1670108295.0403707, 1670108298.855934, 1670108302.6235495, 1670108305.9108508, 1670108310.302263, 1670108315.3091838, 1670108317.9300365, 1670108322.006338, 1670108333.147686, 1670108336.2124813, 1670108340.5909762, 1670108344.4250414, 1670108348.383452, 1670108352.417534, 1670108356.1642528, 1670108360.1787431, 1670108364.125712, 1670108367.2840972, 1670108370.5315957, 1670108380.0010111, 1670108383.7926953, 1670108387.0217006, 1670108390.865863, 1670108395.5088108, 1670108399.8656504, 1670108404.3705163, 1670108408.149986, 1670108412.6768918, 1670108416.6643655, 1670108421.217767, 1670108431.4145157, 1670108435.0518732, 1670108438.6485968, 1670108442.19717, 1670108445.8186395, 1670108448.54371, 1670108452.3500037, 1670108456.1145992, 1670108459.9349415, 1670108463.4154043, 1670108472.0595324, 1670108475.187382, 1670108478.933508, 1670108481.2706358, 1670108484.8788726, 1670108488.4485905, 1670108492.219889, 1670108495.9051638, 1670108499.6318727, 1670108503.3338382, 1670108506.9670694, 1670108516.5212789, 1670108519.8778343, 1670108523.5506861, 1670108527.0466626, 1670108530.395546, 1670108533.978217, 1670108537.5562909, 1670108541.2914705, 1670108544.7867613, 1670108548.6290236, 1670108558.497683, 1670108562.0371847, 1670108565.6687462, 1670108569.2520258, 1670108572.8808532, 1670108576.4736362, 1670108580.089627, 1670108583.6367495, 1670108587.3128724, 1670108590.8831708, 1670108600.265286, 1670108603.8750098, 1670108607.3614452, 1670108610.8959424, 1670108614.420169, 1670108617.5069537, 1670108618.888164, 1670108622.5024674, 1670108625.9547486, 1670108629.6130373, 1670108639.2282138, 1670108642.7068627, 1670108646.2177603, 1670108649.9387004, 1670108653.570443, 1670108657.127463, 1670108660.606656, 1670108664.130856, 1670108667.5506396, 1670108671.2410855, 1670108680.856189, 1670108684.5024936, 1670108688.047689, 1670108691.6849356, 1670108695.2680395, 1670108698.7457893, 1670108702.2893832, 1670108705.8551965, 1670108709.293153, 1670108712.7106779, 1670108721.6298242, 1670108724.606543, 1670108728.0921156, 1670108731.468873, 1670108735.1022983, 1670108738.5597699, 1670108742.0270617, 1670108745.5474145, 1670108749.2589731, 1670108752.7805264, 1670108762.3926044, 1670108766.0676556, 1670108769.6810443, 1670108773.4726472, 1670108776.8608797, 1670108780.4700544, 1670108784.0891883, 1670108787.540636, 1670108790.927906, 1670108794.6633258, 1670108804.1022177, 1670108807.8271782, 1670108811.3221474, 1670108814.8239906, 1670108818.3684793, 1670108821.9826362, 1670108825.5061069, 1670108829.0168443, 1670108832.5995746, 1670108836.0721247, 1670108845.571003, 1670108849.0610757, 1670108852.4673457, 1670108855.9357722, 1670108859.555011, 1670108863.0546, 1670108866.5277424, 1670108870.090975, 1670108873.5414505, 1670108877.143283, 1670108887.3479233, 1670108890.7501209, 1670108894.4311075, 1670108897.850566, 1670108901.3455703, 1670108904.8140688, 1670108908.2413518, 1670108911.7958245, 1670108915.2746966, 1670108917.746616, 1670108927.1673198, 1670108930.7190218, 1670108934.1339521, 1670108937.6784124, 1670108941.18753, 1670108944.629121, 1670108948.2630975, 1670108951.9073992, 1670108955.5744898, 1670108959.1040478, 1670108969.072111, 1670108972.5469694, 1670108975.5753162, 1670108979.0553336, 1670108982.5760508, 1670108986.0920897, 1670108989.6427627, 1670108993.1145074, 1670108996.5295112, 1670109000.0473478, 1670109010.1792045, 1670109013.7094052, 1670109017.138499, 1670109020.5210223, 1670109024.0246043, 1670109027.510043, 1670109030.9188383, 1670109034.3893707, 1670109038.165106, 1670109041.7951925, 1670109052.0795615, 1670109055.5355196, 1670109059.1577578, 1670109062.7294128, 1670109066.2846346, 1670109069.921715, 1670109073.3857267, 1670109076.9594846, 1670109080.5767865, 1670109084.023388, 1670109094.4497006, 1670109097.9467874, 1670109101.560891, 1670109104.96701, 1670109108.4503136, 1670109111.9114938, 1670109115.2418103, 1670109118.689761, 1670109122.3014562, 1670109125.7558835, 1670109136.520541, 1670109140.0877972, 1670109143.5683827, 1670109147.1137614, 1670109150.4915838, 1670109154.1274624, 1670109157.604162, 1670109161.1514225, 1670109164.7733195, 1670109168.3347368, 1670109178.966984, 1670109182.4793673, 1670109185.9591613, 1670109189.5540273, 1670109193.0960176, 1670109196.5987809, 1670109200.090041, 1670109203.6632082, 1670109207.3600864, 1670109210.996337, 1670109221.083392, 1670109223.9512846, 1670109227.820696, 1670109231.8044322, 1670109235.2112072, 1670109238.6532476, 1670109242.3697274, 1670109246.303155, 1670109250.0176203, 1670109253.7924283, 1670109265.6691563, 1670109269.3638952, 1670109272.98982, 1670109276.8028014, 1670109280.703645, 1670109284.6914065, 1670109288.379692, 1670109291.9268367, 1670109295.9684215, 1670109299.759496, 1670109311.5679765, 1670109315.076975, 1670109318.62462, 1670109322.2368731, 1670109326.015193, 1670109329.7906075, 1670109333.5799668, 1670109337.0817792, 1670109340.7823906, 1670109344.5678272, 1670109356.666484, 1670109360.2917829, 1670109364.012943, 1670109367.6692076, 1670109371.3816924, 1670109375.0211618, 1670109378.8877487, 1670109382.4824555, 1670109385.9731896, 1670109389.2852168, 1670109401.1920238, 1670109404.8045115, 1670109408.3232706, 1670109411.9545546, 1670109415.5736067, 1670109419.328751, 1670109422.986522, 1670109426.6592607, 1670109430.9511042, 1670109434.7216797, 1670109446.0340734, 1670109449.5543933, 1670109453.2194998, 1670109457.1773489, 1670109461.224971, 1670109465.0343125, 1670109468.589054, 1670109472.2686298, 1670109475.5509899, 1670109479.4339588, 1670109493.1595364, 1670109497.2472079, 1670109501.8389618, 1670109506.0281885, 1670109510.9388907, 1670109514.8508089, 1670109517.8498712, 1670109520.764921, 1670109524.8510606, 1670109528.7168128, 1670109542.2918508, 1670109545.9859667, 1670109549.8915017, 1670109554.6562438, 1670109558.3853128, 1670109563.0097904, 1670109567.0024867, 1670109570.8990886, 1670109574.9985151, 1670109579.5123754, 1670109593.1077626, 1670109596.8545196, 1670109600.4548726, 1670109604.1874378, 1670109608.3417656, 1670109612.6198702, 1670109616.7608724, 1670109620.417006, 1670109624.4068296, 1670109628.1861897, 1670109641.4241328, 1670109645.3868303, 1670109649.0881774, 1670109653.1952853, 1670109656.9589276, 1670109660.8002057, 1670109664.445937, 1670109668.2775655, 1670109672.2337093, 1670109677.1153526, 1670109690.8463147, 1670109695.0961604, 1670109699.8184376, 1670109704.3666966, 1670109708.3632696, 1670109712.8712242, 1670109716.736029, 1670109720.459771, 1670109721.5230024, 1670109725.0840168, 1670109738.1354187, 1670109742.5018716, 1670109747.0061026, 1670109751.539278, 1670109755.7875335, 1670109760.3444214, 1670109764.6252334, 1670109768.8163302, 1670109772.5498405, 1670109776.3304672, 1670109788.8443866, 1670109792.6268446, 1670109796.179766, 1670109800.3707592, 1670109804.6259978, 1670109808.7515593, 1670109813.614275, 1670109816.3559337, 1670109820.1544683, 1670109824.1562946, 1670109836.2605493, 1670109841.019214, 1670109844.6723125, 1670109848.503285, 1670109852.0274575, 1670109855.7427695, 1670109859.5588915, 1670109863.2314644, 1670109867.210234, 1670109871.4458296, 1670109883.8058755, 1670109887.6389735, 1670109891.034579, 1670109895.1622982, 1670109899.1439126, 1670109902.8660202, 1670109906.7791872, 1670109910.7147639, 