{"initial_reset_timestamp": 1670028200.5458982, "timestamps": [1670028202.9291058, 1670028203.3985784, 1670028203.9694846, 1670028204.5603578, 1670028205.161564, 1670028205.3683147, 1670028205.5720725, 1670028209.1669142, 1670028209.7350488, 1670028210.2936096, 1670028210.8411326, 1670028211.5304706, 1670028211.9021516, 1670028212.4250045, 1670028216.014619, 1670028216.542878, 1670028217.0164444, 1670028217.5237546, 1670028218.060219, 1670028218.6010911, 1670028219.137921, 1670028260.479106, 1670028261.0106578, 1670028261.6684124, 1670028262.3128448, 1670028263.0066648, 1670028263.7138717, 1670028264.2383714, 1670028306.4309256, 1670028307.1263752, 1670028307.8385031, 1670028308.5385284, 1670028309.2408214, 1670028309.9430113, 1670028310.6427274, 1670028353.1769516, 1670028353.6676736, 1670028354.2860234, 1670028355.0003536, 1670028355.6637862, 1670028356.3628683, 1670028357.000058, 1670028399.2689779, 1670028399.8050215, 1670028400.4642973, 1670028401.1780791, 1670028401.8850946, 1670028402.5614247, 1670028403.1665971, 1670028445.261145, 1670028445.813712, 1670028446.5170186, 1670028447.2236402, 1670028447.9168336, 1670028448.5973754, 1670028449.2466972, 1670028491.2370436, 1670028491.889907, 1670028492.4494457, 1670028493.1676688, 1670028493.8931909, 1670028494.6358426, 1670028495.3968427, 1670028536.2563195, 1670028536.9135475, 1670028537.6108627, 1670028538.3054998, 1670028538.9611428, 1670028539.6219494, 1670028540.0450451, 1670028581.7076313, 1670028582.380642, 1670028583.2355368, 1670028583.871912, 1670028584.5708737, 1670028585.2606654, 1670028585.9841883, 1670028628.7173808, 1670028629.3883848, 1670028630.0542915, 1670028630.7461808, 1670028631.5761166, 1670028632.2976706, 1670028633.0219257, 1670028675.4092553, 1670028676.067411, 1670028676.7470493, 1670028677.446292, 1670028678.166102, 1670028678.8151178, 1670028679.4749568, 1670028723.2775407, 1670028723.9383464, 1670028724.6341047, 1670028725.3300803, 1670028726.080175, 1670028726.7820797, 1670028727.505849, 1670028771.431895, 1670028772.1193964, 1670028772.7287836, 1670028773.411187, 1670028774.05497, 1670028774.6871, 1670028775.4095268, 1670028819.1598783, 1670028819.8332615, 1670028820.517734, 1670028821.2272837, 1670028821.9194236, 1670028822.6662376, 1670028823.410955, 1670028867.0649915, 1670028867.85072, 1670028868.589023, 1670028869.1954353, 1670028869.8734896, 1670028870.5370328, 1670028871.213733, 1670028916.0478446, 1670028916.7539697, 1670028917.4141214, 1670028917.9969242, 1670028918.6434314, 1670028919.334308, 1670028919.9130943, 1670028963.203587, 1670028963.8176556, 1670028964.3639574, 1670028965.0053737, 1670028965.7097242, 1670028966.362571, 1670028967.0805204, 1670029010.815573, 1670029011.493098, 1670029012.2388954, 1670029012.9489484, 1670029013.6563292, 1670029014.369982, 1670029015.1056376, 1670029057.3410215, 1670029057.8597565, 1670029058.507217, 1670029059.1588812, 1670029059.6956725, 1670029060.2633846, 1670029060.8532343, 1670029103.5358217, 1670029104.1103802, 1670029104.6223347, 1670029105.3142352, 1670029106.0159023, 1670029106.7196639, 1670029107.4004598, 1670029148.982206, 1670029149.5230978, 1670029150.0682926, 1670029150.7775214, 1670029151.31779, 1670029151.9993603, 1670029152.6522527, 1670029193.4351652, 1670029194.0997114, 1670029194.814077, 1670029195.4490132, 1670029196.2103226, 1670029196.8560064, 1670029197.5317385, 1670029238.960828, 1670029239.6041598, 1670029240.369018, 1670029240.9849815, 1670029241.6941059, 1670029242.3096948, 1670029242.9326224, 1670029283.8821478, 1670029284.587623, 1670029285.3162773, 1670029286.0404286, 1670029286.7660162, 1670029287.4288695, 1670029288.0978107, 1670029330.3726463, 1670029331.0627453, 1670029331.6405928, 1670029332.309571, 1670029333.184691, 1670029333.8772016, 1670029334.5628712, 1670029376.2089489, 1670029376.7636654, 1670029377.4574845, 1670029378.0456433, 1670029378.702026, 1670029379.352542, 1670029379.867427, 1670029421.071047, 1670029421.7306383, 1670029422.3686879, 1670029423.0868819, 1670029423.812687, 1670029424.3801615, 1670029425.0811577, 1670029466.7085505, 1670029467.3692617, 1670029468.080274, 1670029468.7813087, 1670029469.4999113, 1670029470.2054446, 1670029470.8820937, 1670029510.5841117, 1670029511.2774057, 1670029511.9379566, 1670029512.6251574, 1670029513.295014, 1670029513.965612, 1670029514.615945, 1670029556.4893484, 1670029557.0911467, 1670029557.8295982, 1670029558.5541654, 1670029559.2542787, 1670029559.9962437, 1670029560.699669, 1670029601.7588754, 1670029602.3395655, 1670029602.978267, 1670029603.6710255, 1670029604.3334436, 1670029605.01934, 1670029605.66139, 1670029647.0413706, 1670029647.7839804, 1670029648.4228888, 1670029649.074037, 1670029649.7580676, 1670029650.3545456, 1670029651.0091307, 1670029691.3411555, 1670029691.9758945, 1670029692.6058495, 1670029693.2514453, 1670029693.9066942, 1670029694.5892317, 1670029695.2736003, 1670029736.4922504, 1670029737.1515205, 1670029737.7663875, 1670029738.3813329, 1670029738.8672445, 1670029739.513574, 1670029740.2254107, 1670029781.1733599, 1670029781.7800188, 1670029782.3816411, 1670029783.0587964, 1670029783.7569168, 1670029784.392968, 1670029785.0658264, 1670029825.6636076, 1670029826.3163714, 1670029827.0184066, 1670029827.680639, 1670029828.2214608, 1670029828.8271751, 1670029829.429728, 1670029870.1363225, 1670029870.8063016, 1670029871.6247427, 1670029872.1870193, 1670029872.867697, 1670029873.42753, 1670029874.0627804, 1670029916.583707, 1670029917.2128613, 1670029918.043174, 1670029918.7027054, 1670029919.2929943, 1670029919.9614456, 1670029920.5984476, 1670029961.442871, 1670029962.0576108, 1670029962.727029, 1670029963.3874347, 1670029964.1680634, 1670029964.8414106, 1670029965.5165064, 1670030006.6425865, 1670030007.2978387, 1670030007.9820657, 1670030008.6275322, 1670030009.283847, 1670030009.8956077, 1670030010.615207, 1670030052.488523, 1670030053.1049447, 1670030053.756345, 1670030054.429864, 1670030055.1468012, 1670030055.730987, 1670030056.226143, 1670030096.9189396, 1670030097.5809267, 1670030098.0557086, 1670030098.646438, 1670030099.3305395, 1670030099.9674897, 1670030100.5029554, 1670030141.7350545, 1670030142.4785044, 1670030143.167022, 1670030143.7815552, 1670030144.428028, 1670030145.1298018, 1670030145.806898, 1670030188.511064, 1670030189.07929, 1670030189.6965322, 1670030190.3911328, 1670030191.0893955, 1670030191.759796, 1670030192.3742757, 1670030233.3918443, 1670030234.0547016, 1670030234.7837322, 1670030235.3843439, 1670030236.0706747, 1670030236.6391203, 1670030237.3655655, 1670030279.2102764, 1670030279.8950584, 1670030280.5938962, 1670030281.2852733, 1670030281.9513714, 1670030282.5897532, 1670030283.2412856, 1670030323.856326, 1670030324.5555544, 1670030325.2331722, 1670030325.9096217, 1670030326.61493, 1670030327.3177474, 1670030328.034244, 1670030370.323657, 1670030370.847474, 1670030371.5411072, 1670030372.2902505, 1670030372.9821022, 1670030373.6873608, 1670030374.3585653],