{"initial_reset_timestamp": 1670028196.9778564, "timestamps": [1670028205.636815, 1670028205.8772252, 1670028206.2331932, 1670028206.575102, 1670028207.0083246, 1670028207.4633207, 1670028212.5472069, 1670028212.8829858, 1670028213.2050338, 1670028213.6254482, 1670028213.9739468, 1670028214.3111086, 1670028214.6178753, 1670028223.066845, 1670028229.0805042, 1670028235.3160663, 1670028241.7094846, 1670028247.1111054, 1670028253.408179, 1670028259.0154777, 1670028270.142648, 1670028275.7719488, 1670028281.9799342, 1670028287.864865, 1670028294.140807, 1670028300.5605536, 1670028312.7359064, 1670028318.8566685, 1670028324.929089, 1670028331.2321374, 1670028337.3279178, 1670028343.4281855, 1670028349.6013896, 1670028360.8674014, 1670028366.8010616, 1670028372.6878822, 1670028379.0826612, 1670028385.0162134, 1670028391.2036896, 1670028397.4741125, 1670028409.062666, 1670028415.1378415, 1670028420.5692677, 1670028426.3778412, 1670028432.291408, 1670028438.34849, 1670028450.1224055, 1670028455.9379008, 1670028461.657954, 1670028467.8538883, 1670028474.3897438, 1670028480.4121609, 1670028486.6943932, 1670028498.388431, 1670028504.0993502, 1670028509.7362192, 1670028515.5132196, 1670028521.3826506, 1670028527.4602375, 1670028533.6560404, 1670028545.1581628, 1670028547.8415966, 1670028554.0616384, 1670028559.6617503, 1670028565.7155473, 1670028571.7721748, 1670028577.8592842, 1670028589.7460566, 1670028595.73199, 1670028601.8915625, 1670028607.8703966, 1670028614.4324884, 1670028620.6704404, 1670028626.713473, 1670028638.882472, 1670028645.2030318, 1670028651.3656452, 1670028657.253279, 1670028663.0193548, 1670028669.2970786, 1670028680.8390706, 1670028686.9762392, 1670028693.1792371, 1670028699.4831207, 1670028705.9877102, 1670028712.210856, 1670028718.8145628, 1670028731.149684, 1670028737.7021658, 1670028743.8596313, 1670028750.2014103, 1670028756.3741555, 1670028762.6861527, 1670028768.9488177, 1670028781.0903163, 1670028787.3428085, 1670028793.6511736, 1670028799.904033, 1670028806.1084282, 1670028812.5495043, 1670028824.6211324, 1670028830.93354, 1670028837.2060597, 1670028843.6881118, 1670028850.0230596, 1670028855.9372656, 1670028862.310578, 1670028874.3291903, 1670028880.8234873, 1670028887.4505327, 1670028893.6054604, 1670028900.4728587, 1670028906.8602724, 1670028913.3083296, 1670028924.9105456, 1670028931.0335052, 1670028937.4137704, 1670028943.8635614, 1670028947.8405566, 1670028954.3602612, 1670028960.207033, 1670028971.5254679, 1670028978.1184998, 1670028984.7859628, 1670028991.0228589, 1670028997.7325425, 1670029003.9460812, 1670029015.5667624, 1670029021.7609594, 1670029027.8790393, 1670029033.8784776, 1670029040.0905142, 1670029046.2742572, 1670029052.402869, 1670029063.3707151, 1670029069.5981429, 1670029075.9836764, 1670029082.321833, 1670029088.783307, 1670029094.5732453, 1670029100.7762065, 1670029111.9031637, 1670029117.9322324, 1670029124.247333, 1670029130.428088, 1670029136.1669059, 1670029141.9318864, 1670029152.90735, 1670029158.7635093, 1670029164.855548, 1670029170.509674, 1670029176.3299637, 1670029182.4520268, 1670029188.700636, 1670029199.670843, 1670029205.8657293, 1670029212.0649843, 1670029217.9776626, 1670029223.9145467, 1670029229.9272432, 1670029235.91891, 1670029247.3330305, 1670029252.9455764, 1670029258.5633516, 1670029264.536388, 1670029270.787443, 1670029276.9129794, 1670029288.7264497, 1670029294.6884513, 1670029300.7265146, 1670029306.7140574, 1670029313.066086, 1670029319.3214064, 1670029325.324238, 1670029336.9869213, 1670029342.9964583, 1670029348.673342, 1670029354.738569, 1670029360.5796163, 1670029366.7291377, 1670029372.8667648, 1670029383.940173, 1670029389.920215, 1670029395.810104, 1670029402.0204737, 1670029408.1432753, 1670029413.980746, 1670029425.6924963, 1670029431.269783, 1670029437.206604, 1670029443.4040117, 1670029449.4481332, 1670029455.528888, 1670029461.5596137, 1670029473.366483, 1670029479.0920324, 1670029484.740037, 1670029490.1364374, 1670029495.991453, 1670029501.6074905, 1670029507.7116797, 1670029518.9075408, 1670029524.9569192, 1670029530.9518132, 1670029537.0711143, 1670029543.4263086, 1670029549.350283, 1670029561.3544579, 1670029567.4572356, 1670029573.56745, 1670029579.1502366, 1670029584.9502995, 1670029590.7228677, 1670029597.0057223, 1670029608.1453867, 1670029613.947791, 1670029620.2616184, 1670029626.1838071, 1670029632.1831183, 1670029637.9434266, 1670029643.9355192, 1670029655.4328265, 1670029661.0551867, 1670029667.2197213, 1670029672.7075138, 1670029678.5735424, 1670029684.3514175, 1670029695.7736285, 1670029701.8813517, 1670029707.739225, 1670029713.6090474, 1670029719.4398887, 1670029725.1113074, 1670029731.0428808, 1670029742.7187824, 1670029748.2882898, 1670029754.507152, 1670029760.4695816, 1670029766.4796996, 1670029772.05974, 1670029777.972357, 1670029789.805961, 1670029795.6114507, 1670029801.4423766, 1670029807.3540823, 1670029813.1634877, 1670029818.7315578, 1670029829.9607553, 1670029835.875627, 1670029841.6852388, 1670029847.6810777, 1670029853.707818, 1670029859.4734497, 1670029865.3889155, 1670029876.6307738, 1670029882.8441944, 1670029889.0148265, 1670029895.3774784, 1670029901.5789063, 1670029907.9516943, 1670029913.6493187, 1670029925.2662487, 1670029931.0746906, 1670029936.7451077, 1670029942.6786962, 1670029948.744064, 1670029954.6515768, 1670029966.0864727, 1670029972.290303, 1670029978.1884117, 1670029983.825412, 1670029989.73712, 1670029995.8356066, 1670030001.6938589, 1670030013.110914, 1670030019.4722455, 1670030025.7280397, 1670030031.751923, 1670030038.2398474, 1670030044.4576538, 1670030049.791144, 1670030060.5174558, 1670030066.961177, 1670030072.8992302, 1670030078.8264387, 1670030084.4757948, 1670030090.1853812, 1670030100.9970133, 1670030106.8727872, 1670030112.3988118, 1670030118.5925055, 1670030124.566062, 1670030130.8280256, 1670030136.4240904, 1670030148.1691494, 1670030154.1063998, 1670030160.245961, 1670030166.4180162, 1670030172.9315298, 1670030179.1987846, 1670030185.4362206, 1670030196.7219326, 1670030202.3774748, 1670030208.5494132, 1670030214.263222, 1670030220.2513225, 1670030226.1358144, 1670030237.9130914, 1670030243.4469519, 1670030249.3881805, 1670030255.2349594, 1670030261.2634962, 1670030267.4032025, 1670030274.1124055, 1670030285.5048506, 1670030291.2345731, 1670030296.959814, 1670030302.9819963, 1670030308.795894, 1670030314.6035485, 1670030320.4597054, 1670030332.791357, 1670030338.7569246, 1670030344.2539885, 1670030350.632516, 1670030356.7960064, 1670030362.8159952, 1670030374.8686886, 1670030381.0127423, 1670030386.9997563, 1670030392.9925234, 1670030399.197551, 1670030404.8693206, 1670030410.6159477],