{"initial_reset_timestamp": 1669940187.75246, "timestamps": [1669940188.6800518, 1669940188.884274, 1669940189.0898628, 1669940189.3023844, 1669940189.5080206, 1669940189.7115765, 1669940189.9186425], "episode_lengths": [150, 150, 150, 150, 150, 150, 150], "episode_rewards": [-150.0, -150.0, -150.0, -150.0, -150.0, -150.0, -150.0], "episode_types": ["t", "t", "t", "t", "t", "t", "t"]}