{"initial_reset_timestamp": 1669940186.3092988, "timestamps": [1669940189.98258, 1669940190.195734, 1669940190.5126085, 1669940190.8088045, 1669940191.095317, 1669940191.3369613, 1669940191.5732164], "episode_lengths": [150, 150, 150, 150, 150, 120, 116], "episode_rewards": [-150.0, -150.0, -150.0, -150.0, -150.0, -119.0, -115.0], "episode_types": ["t", "t", "t", "t", "t", "t", "t", "t"]}