{"initial_reset_timestamp": 1670015974.5962532, "timestamps": [1670015986.2990303, 1670015986.6130526, 1670015986.9965973, 1670015987.3472347, 1670015987.6851883, 1670015988.0029354, 1670015995.4068363, 1670015995.712902, 1670015996.0206463, 1670015996.3415518, 1670015996.744729, 1670015997.0735989, 1670015997.3796256, 1670016018.6584013, 1670016029.2283354, 1670016036.4135125, 1670016046.3802624, 1670016056.2230084, 1670016063.697395, 1670016070.9668152, 1670016086.5040302, 1670016094.543805, 1670016103.2571733, 1670016114.8598888, 1670016125.8213809, 1670016135.1943727, 1670016151.0268984, 1670016157.3900192, 1670016165.9841497, 1670016173.2805078, 1670016180.8504956, 1670016190.892385, 1670016202.6497893, 1670016221.2437086, 1670016228.0531971, 1670016235.906755, 1670016245.0239542, 1670016259.7562013, 1670016269.348338, 1670016281.8716805, 1670016301.8223486, 1670016317.7825434, 1670016331.8311687, 1670016345.1531322, 1670016360.1938643, 1670016375.6820395, 1670016400.9167428, 1670016415.8491669, 1670016431.3493445, 1670016446.7076945, 1670016461.5966358, 1670016475.1010098, 1670016490.3308167, 1670016522.1813965, 1670016534.9036179, 1670016543.6549644, 1670016552.2844265, 1670016566.7284262, 1670016581.5894215, 1670016596.4162166, 1670016614.0199392, 1670016625.6761103, 1670016630.572019, 1670016637.8526962, 1670016650.9114993, 1670016661.5027428, 1670016668.9867814, 1670016681.3264098, 1670016690.9624424, 1670016698.6714683, 1670016706.9723964, 1670016721.5143998, 1670016736.6378171, 1670016744.3631217, 1670016757.0116518, 1670016761.6652055, 1670016767.0204122, 1670016770.488746, 1670016779.7844226, 1670016785.353639, 1670016791.6528797, 1670016796.52235, 1670016804.704139, 1670016815.6299422, 1670016820.7262888, 1670016828.6654708, 1670016835.599696, 1670016840.660473, 1670016847.1216805, 1670016866.7495959, 1670016881.6450467, 1670016896.7927713, 1670016911.7025192, 1670016923.4453127, 1670016937.2296388, 1670016951.636545, 1670016981.4528928, 1670016988.6117089, 1670016994.1779191, 1670016996.7656178, 1670017003.5981896, 1670017009.7699707, 1670017015.2932024, 1670017024.5352287, 1670017029.8923283, 1670017037.068169, 1670017044.6168485, 1670017052.789468, 1670017059.8898866, 1670017067.4213912, 1670017074.6087632, 1670017079.8540967, 1670017085.0136938, 1670017090.0810928, 1670017095.737064, 1670017100.0616138, 1670017103.9733224, 1670017109.4161618, 1670017122.5916917, 1670017127.0711195, 1670017130.0651855, 1670017132.0458915, 1670017136.8441725, 1670017142.2003713, 1670017143.4747536, 1670017148.2740662, 1670017157.2241795, 1670017165.8199408, 1670017169.296857, 1670017171.8549092, 1670017174.011063, 1670017176.1384852, 1670017179.3743029, 1670017181.2961688, 1670017184.1122074, 1670017186.0994267, 1670017188.2379413, 1670017189.5326464, 1670017191.6732576, 1670017193.5429127, 1670017195.2917671, 1670017196.1586227, 1670017197.3553045, 1670017199.1960745, 1670017200.9050844, 1670017202.0555935, 1670017209.9864461, 1670017212.1429808, 1670017215.8475382, 1670017217.6614406, 1670017220.493702, 1670017222.6101296, 1670017224.3097258, 1670017225.607012, 1670017227.7851572, 1670017230.1093574, 1670017231.4466147, 1670017232.3098724, 1670017234.2827303, 1670017235.6111763, 1670017236.7025256, 1670017238.2976947, 1670017240.035438, 1670017241.8403819, 1670017242.6489651, 1670017243.1808784, 1670017245.9580872, 1670017250.6210744, 1670017252.1430824], "episode_lengths": [150, 150, 150, 150, 150, 150, 150, 150, 150, 150, 150, 150, 150, 150, 150, 150, 150, 150, 150, 150, 150, 150, 150, 150, 150, 150, 150, 150, 150, 150, 150, 150, 150, 150, 150, 150, 128, 150, 150, 150, 150, 150, 150, 150, 150, 150, 150, 150, 150, 150, 150, 150, 150, 150, 150, 150, 150, 150, 150, 150, 106, 150, 113, 100, 150, 150, 150, 150, 150, 90, 150, 144, 150, 150, 150, 123, 150, 91, 150, 109, 99, 91, 150, 150, 150, 150, 150, 136, 150, 150, 150, 150, 150, 150, 150, 150, 150, 150, 150, 72, 150, 150, 150, 150, 150, 150, 150, 150, 150, 150, 64, 150, 150, 150, 150, 114, 101, 150, 150, 150, 83, 51, 123, 143, 35, 88, 150, 56, 93, 71, 61, 59, 91, 49, 80, 58, 58, 33, 56, 48, 44, 25, 29, 49, 50, 31, 25, 48, 66, 41, 43, 51, 51, 34, 57, 60, 37, 21, 53, 33, 29, 45, 48, 51, 27, 19, 42, 64, 31], "episode_rewards": [-150.0, -150.0, -150.0, -150.0, -150.0, -150.0, -150.0, -150.0, -150.0, -150.0, -150.0, -150.0, -150.0, -150.0, -150.0, -150.0, -150.0, -150.0, -150.0, -150.0, -150.0, -150.0, -150.0, -150.0, -150.0, -150.0, -150.0, -150.0, -150.0, -150.0, -150.0, -150.0, -150.0, -150.0, -150.0, -150.0, -127.0, -150.0, -150.0, -150.0, -150.0, -150.0, -150.0, -150.0, -150.0, -150.0, -150.0, -150.0, -150.0, -150.0, -150.0, -150.0, -150.0, -150.0, -150.0, -150.0, -150.0, -150.0, -150.0, -150.0, -105.0, -150.0, -112.0, -99.0, -150.0, -150.0, -150.0, -150.0, -150.0, -89.0, -150.0, -143.0, -150.0, -150.0, -150.0, -122.0, -150.0, -90.0, -150.0, -108.0, -98.0, -90.0, -150.0, -150.0, -150.0, -150.0, -150.0, -135.0, -150.0, -150.0, -150.0, -150.0, -150.0, -150.0, -150.0, -150.0, -150.0, -150.0, -150.0, -71.0, -150.0, -150.0, -150.0, -150.0, -150.0, -150.0, -150.0, -150.0, -150.0, -150.0, -63.0, -150.0, -150.0, -150.0, -150.0, -113.0, -100.0, -150.0, -150.0, -150.0, -82.0, -50.0, -122.0, -142.0, -34.0, -87.0, -150.0, -55.0, -92.0, -70.0, -60.0, -58.0, -90.0, -48.0, -79.0, -57.0, -57.0, -32.0, -55.0, -47.0, -43.0, -24.0, -28.0, -48.0, -49.0, -30.0, -24.0, -47.0, -65.0, -40.0, -42.0, -50.0, -50.0, -33.0, -56.0, -59.0, -36.0, -20.0, -52.0, -32.0, -28.0, -44.0, -47.0, -50.0, -26.0, -18.0, -41.0, -63.0, -30.0], "episode_types": ["t", "t", "t", "t", "t", "t", "t", "t", "t", "t", "t", "t", "t", "t", "t", "t", "t", "t", "t", "t", "t", "t", "t", "t", "t", "t", "t", "t", "t", "t", "t", "t", "t", "t", "t", "t", "t", "t", "t", "t", "t", "t", "t", "t", "t", "t", "t", "t", "t", "t", "t", "t", "t", "t", "t", "t", "t", "t", "t", "t", "t", "t", "t", "t", "t", "t", "t", "t", "t", "t", "t", "t", "t", "t", "t", "t", "t", "t", "t", "t", "t", "t", "t", "t", "t", "t", "t", "t", "t", "t", "t", "t", "t", "t", "t", "t", "t", "t", "t", "t", "t", "t", "t", "t", "t", "t", "t", "t", "t", "t", "t", "t", "t", "t", "t", "t", "t", "t", "t", "t", "t", "t", "t", "t", "t", "t", "t", "t", "t", "t", "t", "t", "t", "t", "t", "t", "t", "t", "t", "t", "t", "t", "t", "t", "t", "t", "t", "t", "t", "t", "t", "t", "t", "t", "t", "t", "t", "t", "t", "t", "t", "t", "t", "t", "t", "t", "t", "t", "t", "t"]}