{"initial_reset_timestamp": 1670015977.7260308, "timestamps": [1670015980.8429017, 1670015981.9900582, 1670015983.1934857, 1670015984.0030966, 1670015985.188968, 1670015985.7729793, 1670015986.224348, 1670015989.308077, 1670015990.427874, 1670015991.5456817, 1670015992.7586882, 1670015993.5802896, 1670015994.227763, 1670015994.8448863, 1670015995.333189, 1670015998.9633336, 1670016000.9473479, 1670016002.7273788, 1670016004.4633985, 1670016005.5877473, 1670016006.736466, 1670016008.2208257, 1670016009.9106941, 1670016072.7610404, 1670016073.5939574, 1670016074.4125812, 1670016075.227607, 1670016075.9949875, 1670016077.1404557, 1670016078.9404304, 1670016143.9420702, 1670016144.7768068, 1670016145.496275, 1670016146.3253455, 1670016147.1494582, 1670016147.948562, 1670016148.7994273, 1670016208.9019735, 1670016209.9657655, 1670016210.8660538, 1670016212.611811, 1670016214.3468235, 1670016215.9947553, 1670016216.8980415, 1670016284.1230752, 1670016284.8262548, 1670016285.549598, 1670016286.8552067, 1670016288.1841736, 1670016289.4388807, 1670016290.8431716, 1670016391.2172384, 1670016392.6483052, 1670016394.3759809, 1670016395.8468904, 1670016396.5538895, 1670016397.190041, 1670016398.7685723, 1670016500.626109, 1670016502.6889777, 1670016504.7558646, 1670016506.8079073, 1670016508.0317726, 1670016510.06149, 1670016512.1463475, 1670016514.3431396, 1670016601.546771, 1670016603.6006296, 1670016605.4108288, 1670016606.8886492, 1670016607.601886, 1670016608.3883765, 1670016609.4725256, 1670016675.3718712, 1670016676.005759, 1670016676.6949706, 1670016677.392833, 1670016678.0939677, 1670016678.8143985, 1670016679.594951, 1670016749.4746408, 1670016749.9907932, 1670016750.888668, 1670016751.5278769, 1670016752.1670728, 1670016753.1417797, 1670016754.735946, 1670016806.1958594, 1670016806.8897889, 1670016807.5756004, 1670016808.18753, 1670016808.9190843, 1670016809.6301982, 1670016810.3560007, 1670016810.9591498, 1670016854.0960088, 1670016855.401214, 1670016856.6758595, 1670016857.6371884, 1670016858.3838067, 1670016859.9535255, 1670016862.047766, 1670016864.185221, 1670016961.698663, 1670016963.7714887, 1670016965.870251, 1670016967.957074, 1670016970.145997, 1670016972.2287338, 1670016974.325249, 1670017019.8579447, 1670017020.3588166, 1670017020.9444325, 1670017021.515748, 1670017022.0698328, 1670017022.6322181, 1670017023.0554702, 1670017070.1041603, 1670017070.7323596, 1670017071.3170662, 1670017072.0226438, 1670017072.6000235, 1670017072.9844995, 1670017073.5922856, 1670017074.1833098, 1670017112.80455, 1670017114.473547, 1670017115.940637, 1670017116.6065257, 1670017117.2685862, 1670017117.8939075, 1670017118.5497339, 1670017160.4878135, 1670017161.194314, 1670017161.8739045, 1670017162.2566535, 1670017162.9791229, 1670017163.6627653, 1670017164.3544407, 1670017164.758115, 1670017165.4993002, 1670017203.7604058, 1670017204.1614766, 1670017204.813169, 1670017205.1658218, 1670017205.6616669, 1670017206.1714342, 1670017206.6824749, 1670017207.1304333, 1670017207.7444723, 1670017208.5778322, 1670017255.2217076, 1670017255.712528, 1670017255.919062, 1670017256.2297735, 1670017256.9309595, 1670017257.6988206, 1670017258.0716183, 1670017258.566349, 1670017259.2045052, 1670017259.5588913, 1670017259.9465759, 1670017295.5456831, 1670017296.6087513, 1670017297.2919576, 1670017297.89786, 1670017298.7728124, 1670017299.2012658, 1670017299.6378486, 1670017300.7041428, 1670017301.993304, 1670017302.9208317, 1670017303.9016294, 1670017304.2076654, 1670017304.5540926, 1670017305.9850707, 1670017345.659756, 1670017346.2579622, 1670017346.5451813, 1670017346.9231226, 1670017347.648091, 1670017348.3934999, 1670017348.69576, 1670017349.0310357, 1670017349.6344163, 1670017350.3808756, 1670017394.696234, 1670017395.391873, 1670017396.1502037, 1670017396.538239, 1670017397.179315, 1670017397.559578, 1670017397.9503608, 1670017398.2290497, 1670017398.8438575, 1670017399.1533754, 1670017399.5077066, 1670017399.8995514, 1670017461.8309433, 1670017462.6112075, 1670017463.334627, 1670017464.7556484, 1670017465.4288702, 1670017466.4027338, 1670017466.8826935, 1670017467.7206907, 1670017468.2996998, 1670017468.8905425, 1670017528.419703, 1670017529.6123357, 1670017530.6829915, 1670017531.449536, 1670017531.9633317, 1670017534.1184728, 1670017535.4588003, 1670017536.8571672, 1670017538.3323853, 1670017540.5960004, 1670017541.8830385, 1670017543.069985, 1670017638.3181267, 1670017640.4594376, 1670017641.1739013, 1670017641.8832293, 1670017643.6155775, 1670017644.2870564, 1670017645.4028034, 1670017645.9377375, 1670017647.06909, 1670017649.0526469, 1670017649.7604272, 1670017650.625786, 1670017652.3255987, 1670017712.108558, 1670017712.9045458, 1670017714.7477067, 1670017715.6251829, 1670017716.7425013, 1670017718.5398114, 1670017720.1910613, 1670017721.3057785, 1670017723.4014964, 1670017724.7631915, 1670017726.1119685, 1670017782.0615027, 1670017782.5054886, 1670017783.161257, 1670017783.4083316, 1670017783.7345526, 1670017784.119728, 1670017784.3624325, 1670017784.8021898, 1670017785.3872087, 1670017785.732924, 1670017786.1863801, 1670017786.6906908, 1670017787.0115583, 1670017787.3594954, 1670017846.190909, 1670017847.1087582, 1670017849.1329794, 1670017850.6320968, 1670017851.8665693, 1670017853.9686265, 1670017856.0252726, 1670017857.463729, 1670017858.4509058, 1670017859.6126902, 1670017860.7001104, 1670017952.1541054, 1670017952.6590889, 1670017953.4462328, 1670017953.9732757, 1670017954.5982685, 1670017954.9856043, 1670017955.497016, 1670017956.0507355, 1670017956.7216012, 1670017957.1385956, 1670017957.4613883, 1670018007.1173322, 1670018007.5378308, 1670018008.1425774, 1670018008.5270295, 1670018009.0543928, 1670018009.4499784, 1670018009.7975588, 1670018010.2905183, 1670018011.453335, 1670018012.3865163, 1670018013.8791685, 1670018014.3915184, 1670018069.540095, 1670018070.0626545, 1670018070.3718135, 1670018070.94544, 1670018071.415909, 1670018071.8288312, 1670018072.3570454, 1670018073.03526, 1670018073.8614206, 1670018074.2748702, 1670018074.6868148, 1670018075.3889444, 1670018115.743753, 1670018116.394177, 1670018116.904003, 1670018117.2165563, 1670018118.1388366, 1670018118.3844914, 1670018118.8207083, 1670018119.0913265, 1670018119.7006629, 1670018120.302372, 1670018121.133842, 1670018121.779774, 1670018167.826571, 1670018168.6493177, 1670018169.4384954, 1670018170.8213873, 1670018171.5051734, 1670018171.9480884, 1670018172.3053253, 1670018172.681434, 1670018173.0286834, 1670018173.310547, 1670018173.8061237, 1670018174.4232957, 1670018175.03434, 1670018219.8278737, 1670018220.2774806, 1670018220.8455532, 1670018221.266215, 1670018221.5765443, 1670018222.2081296, 1670018222.736458, 1670018223.130436, 1670018223.6232536, 1670018224.0392585, 1670018224.5793383, 1670018267.9406164, 1670018268.9523895, 1670018270.8734753, 1670018272.412285, 1670018272.9730752, 1670018273.473141, 1670018273.9282048, 1670018274.5030801, 1670018274.8842587, 1670018275.3169236, 1670018275.9064226, 1670018276.4435546, 1670018276.7533503, 1670018333.0649927, 1670018333.5564327, 1670018334.1295693, 1670018334.498194, 1670018335.2468958, 1670018336.1491592, 1670018337.1147397, 1670018337.4391093, 1670018337.8582077, 1670018338.3891027, 1670018338.9164555, 1670018339.258959, 1670018399.3703704, 1670018399.6868439, 1670018399.92515, 1670018400.3579774, 1670018400.6236038, 1670018400.8888302, 1670018401.3318827, 1670018401.8219776, 1670018402.3666506, 1670018402.6743174, 1670018403.0132456, 1670018403.6964974, 1670018404.1871762, 1670018404.5926564, 1670018451.5121012, 1670018453.030471, 1670018453.8259182, 1670018455.938509, 1670018457.2546315, 1670018458.4437335, 1670018460.55882, 1670018461.2892873, 1670018462.3391953, 1670018463.5907037, 1670018464.1679351, 1670018465.6625662, 1670018558.997948, 1670018561.0934503, 1670018562.2701972, 1670018563.4835138, 1670018564.6983647, 1670018566.821607, 1670018568.175435, 1670018568.813683, 1670018569.3706973, 1670018570.3000205, 1670018571.1964998, 