{"initial_reset_timestamp": 1669945237.7362688, "timestamps": [1669945239.0707147, 1669945239.4470286, 1669945239.8622813, 1669945240.280953, 1669945240.7030056, 1669945241.1121678, 1669945241.5291362, 1669945244.0227497, 1669945244.2712355, 1669945244.5597396, 1669945244.8435814, 1669945245.102508, 1669945245.385998, 1669945245.6682944, 1669945245.9671533, 1669945248.6644647, 1669945248.9695988, 1669945249.2917259, 1669945249.646654, 1669945250.0572252, 1669945250.445126, 1669945250.852962, 1669945251.2589688, 1669945282.4865398, 1669945283.1390836, 1669945283.726125, 1669945284.350253, 1669945285.0049214, 1669945285.6114538, 1669945286.2516518, 1669945320.7652762, 1669945321.286848, 1669945321.875925, 1669945322.490781, 1669945323.0958982, 1669945323.7195573, 1669945324.2981207, 1669945358.356299, 1669945358.7756019, 1669945359.363877, 1669945359.9060519, 1669945360.4455378, 1669945361.0627055, 1669945361.6727657, 1669945397.1628633, 1669945397.6814046, 1669945398.1851287, 1669945398.7533116, 1669945399.3245654, 1669945399.8841603, 1669945400.4429984, 1669945435.6597712, 1669945435.9877856, 1669945436.234611, 1669945436.7148252, 1669945437.1716945, 1669945437.6362543, 1669945438.1443179, 1669945438.6706357, 1669945473.8496172, 1669945474.606896, 1669945475.233077, 1669945475.8533566, 1669945476.5405838, 1669945476.9240038, 1669945477.5646906, 1669945478.2179387, 1669945519.8200576, 1669945520.6140738, 1669945521.417164, 1669945522.2272556, 1669945523.0529523, 1669945523.8978605, 1669945524.7077682, 1669945567.0056932, 1669945567.8326504, 1669945568.422005, 1669945569.1831884, 1669945570.0956728, 1669945570.507591, 1669945571.3479614, 1669945572.158702, 1669945615.5069158, 1669945616.2164314, 1669945616.9346929, 1669945617.6886013, 1669945618.4673197, 1669945619.2647088, 1669945620.0312543, 1669945663.7034338, 1669945664.3972704, 1669945664.9924922, 1669945665.7373612, 1669945666.4931865, 1669945667.187796, 1669945667.946001, 1669945712.8595011, 1669945713.5242887, 1669945714.1749408, 1669945714.8331187, 1669945715.4822264, 1669945716.1185412, 1669945716.718137, 1669945761.0264509, 1669945761.5702186, 1669945762.1344235, 1669945762.5004199, 1669945763.2919502, 1669945763.9596462, 1669945764.6969523, 1669945765.4178586, 1669945808.6546106, 1669945809.1034665, 1669945809.5910256, 1669945810.3831463, 1669945810.7813919, 1669945811.6073666, 1669945812.3628132, 1669945813.115869, 1669945813.8105628, 1669945857.2629411, 1669945858.0136302, 1669945858.7648685, 1669945859.5413485, 1669945860.061832, 1669945860.8440087, 1669945861.2217522, 1669945861.7260535, 1669945862.4944324, 1669945904.7941165, 1669945905.5067492, 1669945906.017044, 1669945906.6984727, 1669945907.3519223, 1669945907.969212, 1669945908.726094, 1669945909.4577656, 1669945953.4564426, 1669945953.8588061, 1669945954.3800576, 1669945954.8033006, 1669945955.1601622, 1669945955.4829934, 1669945955.7314904, 1669945956.1291587, 1669945956.7388256, 1669945957.1587143, 1669945957.69203, 1669945958.3331366, 1669946003.0878189, 1669946003.690092, 1669946004.1568227, 1669946004.5844884, 1669946004.995166, 1669946005.3755317, 1669946005.7080076, 1669946006.105693, 1669946006.5861754, 1669946006.9117308, 1669946007.337562, 1669946050.5691507, 1669946051.4237287, 1669946051.827305, 1669946052.5835605, 1669946053.2939785, 1669946053.7351968, 1669946054.1757097, 1669946054.742997, 1669946055.1723797, 1669946055.9575787, 1669946094.3276253, 1669946094.9523773, 1669946095.564222, 1669946096.0266716, 1669946096.884456, 1669946097.2736015, 1669946097.791227, 1669946098.2249835, 1669946098.453616, 1669946098.8184726, 1669946099.094966, 1669946099.9021978, 1669946139.013494, 1669946139.3313823, 1669946139.6262171, 1669946139.9922757, 1669946140.396191, 1669946140.779925, 1669946141.2972007, 1669946141.6671999, 1669946142.36022, 1669946142.946736, 1669946143.2734115, 1669946143.5850267, 1669946143.9646645, 1669946144.3136103, 1669946144.7080655, 1669946185.409024, 1669946185.889597, 1669946186.2500298, 1669946186.5528922, 1669946187.2889662, 1669946187.8938456, 1669946188.249143, 1669946188.8453212, 1669946189.1371784, 1669946189.418681, 1669946189.8718336, 1669946190.555515, 1669946229.698594, 1669946230.0859442, 1669946230.4861624, 1669946230.8875976, 1669946231.2149673, 1669946231.8616714, 1669946232.6312973, 1669946232.9874344, 1669946233.4253967, 1669946233.8203733, 1669946234.2102897, 1669946234.8033688, 1669946235.2616239, 1669946235.7827024, 1669946276.3951182, 1669946277.0674698, 1669946277.5746145, 1669946277.9620824, 1669946278.2714198, 1669946278.7157164, 1669946279.619438, 1669946280.1517627, 1669946280.504445, 1669946281.2394805, 1669946281.5890265, 1669946282.0929382, 1669946321.786457, 1669946322.269589, 1669946322.603519, 1669946323.2485979, 1669946323.8500547, 1669946324.29323, 1669946324.8660529, 1669946325.4070244, 1669946325.6861212, 1669946326.0082362, 1669946326.3124354, 1669946326.7580557, 1669946327.3474376, 1669946327.961831, 1669946328.7605922, 1669946370.7222157, 1669946371.2590373, 1669946371.5305703, 1669946371.9613433, 1669946372.465821, 1669946372.8250256, 1669946373.3055155, 1669946374.0791337, 1669946374.8590925, 1669946375.4081388, 1669946375.8692741, 1669946376.3079586, 1669946421.2317088, 1669946421.8794, 1669946422.4074464, 1669946423.0716102, 1669946424.07201, 1669946424.7987068, 1669946425.6574664, 1669946426.1826305, 1669946426.6885867, 1669946427.2511754, 1669946427.7005765, 1669946472.8911138, 1669946473.556218, 1669946473.865465, 1669946474.1927848, 1669946474.5992827, 1669946474.8589034, 1669946475.6885364, 1669946476.2109106, 1669946476.9992392, 1669946477.4834442, 1669946478.2001398, 1669946479.0690405, 1669946524.6172483, 1669946524.885132, 1669946525.3010097, 1669946525.6654718, 1669946526.2561495, 1669946526.7665157, 1669946527.3429675, 1669946528.0625708, 1669946528.9161804, 1669946529.534862, 1669946530.413757, 1669946575.937769, 1669946576.3957307, 1669946576.9140403, 1669946577.1467185, 1669946577.8172526, 1669946578.1748083, 1669946578.5559785, 1669946578.9973788, 1669946579.492397, 1669946580.0743396, 1669946580.619852, 1669946581.04947, 1669946626.624741, 1669946627.1345367, 1669946627.8575099, 1669946628.2144544, 1669946628.83828, 1669946629.1816366, 1669946629.539776, 1669946629.9773831, 1669946630.7678373, 1669946631.429592, 1669946631.9388204, 1669946632.632993, 1669946680.5372024, 1669946680.8957624, 1669946681.318617, 1669946681.8285341, 1669946682.2867804, 1669946682.7487404, 1669946683.2453432, 1669946683.5247216, 1669946683.838926, 1669946684.6040325, 1669946685.097923, 1669946685.4212444, 1669946685.7670743, 1669946731.9018266, 1669946732.7336595, 1669946733.6949658, 1669946734.2648547, 1669946734.7391267, 1669946735.290497, 1669946735.6548142, 1669946736.1036224, 1669946736.8362596, 1669946737.2112432, 1669946737.6752653, 1669946738.4078913, 1669946782.708815, 1669946783.679972, 1669946784.1641135, 1669946785.1892228, 1669946785.8097172, 1669946786.373918, 1669946786.727159, 1669946787.6053221, 1669946787.8815773, 1669946788.4520853, 1669946788.9178567, 1669946789.1916518, 1669946834.4230282, 1669946834.839958, 1669946835.5205772, 1669946836.5180874, 1669946837.4832315, 1669946837.92838, 1669946838.8805537, 1669946839.1854436, 1669946839.543647, 1669946840.162604, 1669946840.6107953, 1669946884.6220815, 1669946885.5633078, 1669946886.2581577, 1669946887.0158966, 1669946887.3858202, 1669946887.9363081, 1669946888.1758587, 1669946888.8196342, 1669946889.7561007, 1669946890.11603, 1669946890.700886, 1669946891.157641, 1669946891.8822587, 1669946936.911797, 1669946937.3533204, 1669946938.2398982, 1669946938.9185436, 1669946939.4951475, 1669946940.0178971, 1669946940.648961, 1669946941.0549712, 1669946942.015803, 1669946942.6791735, 1669946943.059934, 1669946988.2189255, 1669946988.65042, 1669946989.0066588, 1669946989.5789154, 1669946990.0174427, 1669946990.657351, 1669946991.2401626, 1669946991.6309144, 1669946992.0475116, 1669946992.5513232, 