{"initial_reset_timestamp": 1669945235.6751263, "timestamps": [1669945241.586177, 1669945241.7890496, 1669945242.098299, 1669945242.3940613, 1669945242.6776078, 1669945242.9600413, 1669945245.972897, 1669945246.2534995, 1669945246.5356646, 1669945246.8134987, 1669945247.0930219, 1669945247.3719473, 1669945247.6485388, 1669945252.3442314, 1669945255.115864, 1669945258.2947993, 1669945262.1956112, 1669945267.7172098, 1669945273.5179682, 1669945279.2520976, 1669945289.9650664, 1669945295.3093832, 1669945300.3302884, 1669945304.2328138, 1669945308.9178977, 1669945314.1901276, 1669945324.361186, 1669945329.6305003, 1669945334.9457488, 1669945340.0911672, 1669945345.0140474, 1669945349.19925, 1669945353.9049134, 1669945363.3763, 1669945368.658387, 1669945373.993268, 1669945379.5316792, 1669945385.1449738, 1669945390.1113393, 1669945392.5564644, 1669945395.166656, 1669945402.2464087, 1669945406.103666, 1669945411.3586411, 1669945416.4716237, 1669945421.6043694, 1669945426.6369946, 1669945427.830325, 1669945431.7155719, 1669945440.2364953, 1669945442.5944927, 1669945447.4896123, 1669945452.3769326, 1669945455.5698962, 1669945458.0493677, 1669945460.1212676, 1669945463.0114596, 1669945466.4298298, 1669945468.4753597, 1669945478.2223809, 1669945483.3953557, 1669945486.068974, 1669945491.4022872, 1669945497.1658168, 1669945503.513115, 1669945510.3997815, 1669945517.2028618, 1669945530.3461282, 1669945536.7593803, 1669945542.633369, 1669945548.3999867, 1669945554.2866485, 1669945558.3059442, 1669945564.4431474, 1669945575.2906373, 1669945581.7140875, 1669945588.0256698, 1669945594.2730572, 1669945598.676338, 1669945604.6703897, 1669945611.262249, 1669945623.712693, 1669945630.2319891, 1669945636.6302502, 1669945643.539212, 1669945650.1627157, 1669945653.439866, 1669945658.4617896, 1669945661.8679578, 1669945672.7604244, 1669945676.5350845, 1669945677.9297245, 1669945684.8264713, 1669945688.4320662, 1669945690.946048, 1669945696.554684, 1669945703.4191065, 1669945709.5667536, 1669945717.6672895, 1669945720.296156, 1669945723.408907, 1669945725.0644503, 1669945729.9777486, 1669945731.2279959, 1669945734.9114892, 1669945740.4757595, 1669945746.0733602, 1669945750.8889506, 1669945757.820905, 1669945765.65841, 1669945770.4966252, 1669945773.7893796, 1669945779.754058, 1669945784.376901, 1669945790.6659024, 1669945794.3974226, 1669945796.849444, 1669945799.923571, 1669945802.5040383, 1669945803.9735265, 1669945814.0264833, 1669945816.7854965, 1669945822.8183558, 1669945825.9665544, 1669945829.081426, 1669945830.5909553, 1669945833.2857852, 1669945835.5429115, 1669945837.9942021, 1669945840.3124168, 1669945841.6104608, 1669945842.821646, 1669945845.1295211, 1669945846.648437, 1669945847.8706193, 1669945849.9495852, 1669945851.401838, 1669945853.9428835, 1669945862.5405848, 1669945865.1706507, 1669945866.9812465, 1669945868.7508109, 1669945870.268653, 1669945872.0251353, 1669945872.9074826, 1669945874.4910283, 1669945876.1002202, 1669945877.8052278, 1669945879.3683212, 1669945880.6830413, 1669945882.8361342, 1669945885.0151293, 1669945886.2890582, 1669945887.1757312, 1669945888.0977678, 1669945889.0385058, 1669945890.4987879, 1669945891.402761, 1669945893.5144658, 1669945894.9270802, 1669945896.701783, 1669945898.3940039, 1669945899.943014, 1669945901.1021204, 1669945902.2425587, 1669945903.4618957, 1669945910.6007168, 1669945912.2228289, 1669945913.9148433, 1669945915.9197788, 1669945918.728555, 1669945920.9734051, 1669945922.6406794, 1669945923.8544672, 1669945926.901361, 1669945928.5756214, 1669945930.4869642, 1669945931.7948763, 1669945933.245137, 1669945934.8780053, 1669945937.439155, 1669945938.7608528, 1669945939.9851165, 1669945941.2832053, 1669945944.0330787, 1669945946.9508946, 1669945949.8034468, 1669945951.4021187, 1669945958.6671257, 1669945959.8754003, 1669945960.8667245, 1669945962.7678833, 1669945963.8365328, 1669945964.9064317, 1669945965.9005437, 1669945967.6385925, 1669945968.7379727, 1669945970.598895, 1669945971.8195376, 1669945973.5008364, 1669945975.2309012, 1669945977.1457767, 1669945978.9750152, 1669945980.1789746, 1669945981.6127627, 1669945982.8467708, 1669945984.1820216, 1669945985.26153, 1669945986.4702477, 1669945987.6820488, 1669945989.5013835, 1669945991.0849886, 1669945993.2574308, 1669945994.3684995, 1669945995.5660894, 1669945996.8286767, 1669945998.0279264, 1669945999.5730772, 1669946000.7648342, 1669946008.0390012, 1669946009.076741, 1669946010.02861, 1669946011.936522, 1669946013.100453, 1669946014.2990391, 1669946015.5813003, 1669946017.6762197, 1669946019.3987362, 1669946020.6848056, 1669946021.9734123, 1669946023.772304, 1669946025.7951918, 1669946027.7860153, 1669946029.3234959, 1669946030.9149039, 1669946033.5002248, 1669946035.0531123, 1669946036.9724782, 1669946038.560611, 1669946039.7684038, 1669946041.4143558, 1669946042.7816653, 1669946044.2127485, 1669946046.4421282, 1669946047.4869728, 1669946048.9377718], "episode_lengths": [150, 150, 150, 150, 150, 150, 104, 150, 150, 150, 150, 150, 150, 150, 150, 150, 150, 150, 150, 150, 150, 150, 150, 150, 150, 150, 150, 150, 150, 150, 150, 150, 150, 150, 150, 150, 150, 150, 150, 83, 90, 79, 103, 150, 150, 150, 150, 35, 116, 150, 81, 150, 147, 94, 72, 59, 85, 98, 54, 102, 150, 75, 150, 150, 150, 150, 150, 150, 150, 150, 150, 150, 101, 150, 98, 150, 150, 150, 109, 150, 150, 150, 150, 150, 150, 150, 80, 130, 92, 136, 94, 33, 150, 78, 54, 121, 150, 150, 77, 74, 77, 38, 124, 27, 84, 132, 121, 107, 150, 44, 122, 82, 150, 104, 150, 92, 58, 71, 60, 32, 78, 59, 143, 73, 81, 39, 70, 58, 59, 52, 30, 28, 59, 36, 28, 48, 33, 58, 42, 63, 44, 42, 36, 42, 21, 37, 36, 41, 37, 31, 52, 52, 35, 25, 24, 24, 38, 22, 54, 37, 46, 42, 37, 25, 27, 27, 34, 41, 40, 49, 62, 47, 36, 27, 70, 39, 43, 27, 30, 36, 61, 31, 28, 29, 66, 73, 74, 40, 27, 29, 25, 51, 27, 26, 23, 42, 25, 42, 25, 36, 40, 43, 41, 26, 33, 25, 28, 24, 26, 27, 42, 36, 50, 26, 28, 30, 26, 36, 27, 50, 31, 26, 58, 31, 30, 30, 49, 43, 31, 31, 45, 47, 47, 35, 36, 59, 33, 42, 33, 26, 36, 31, 32, 51, 24, 32], "episode_rewards": [-150.0, -150.0, -150.0, -150.0, -150.0, -150.0, -103.0, -150.0, -150.0, -150.0, -150.0, -150.0, -150.0, -150.0, -150.0, -150.0, -150.0, -150.0, -150.0, -150.0, -150.0, -150.0, -150.0, -150.0, -150.0, -150.0, -150.0, -150.0, -150.0, -150.0, -150.0, -150.0, -150.0, -150.0, -150.0, -150.0, -150.0, -150.0, -150.0, -82.0, -89.0, -78.0, -102.0, -150.0, -150.0, -150.0, -150.0, -34.0, -115.0, -150.0, -80.0, -150.0, -146.0, -93.0, -71.0, -58.0, -84.0, -97.0, -53.0, -101.0, -150.0, -74.0, -150.0, -150.0, -150.0, -150.0, -150.0, -150.0, -150.0, -150.0, -150.0, -150.0, -100.0, -150.0, -97.0, -150.0, -150.0, -150.0, -108.0, -150.0, -150.0, -150.0, -150.0, -150.0, -150.0, -150.0, -79.0, -129.0, -91.0, -135.0, -93.0, -32.0, -150.0, -77.0, -53.0, -120.0, -150.0, -150.0, -76.0, -73.0, -76.0, -37.0, -123.0, -26.0, -83.0, -131.0, -120.0, -106.0, -150.0, -43.0, -121.0, -81.0, -150.0, -103.0, -150.0, -91.0, -57.0, -70.0, -59.0, -31.0, -77.0, -58.0, -142.0, -72.0, -80.0, -38.0, -69.0, -57.0, -58.0, -51.0, -29.0, -27.0, -58.0, -35.0, -27.0, -47.0, -32.0, -57.0, -41.0, -62.0, -43.0, -41.0, -35.0, -41.0, -20.0, -36.0, -35.0, -40.0, -36.0, -30.0, -51.0, -51.0, -34.0, -24.0, -23.0, -23.0, -37.0, -21.0, -53.0, -36.0, -45.0, -41.0, -36.0, -24.0, -26.0, -26.0, -33.0, -40.0, -39.0, -48.0, -61.0, -46.0, -35.0, -26.0, -69.0, -38.0, -42.0, -26.0, -29.0, -35.0, -60.0, -30.0, -27.0, -28.0, -65.0, -72.0, -73.0, -39.0, -26.0, -28.0, -24.0, -50.0, -26.0, -25.0, -22.0, -41.0, -24.0, -41.0, -24.0, -35.0, -39.0, -42.0, -40.0, -25.0, -32.0, -24.0, -27.0, -23.0, -25.0, -26.0, -41.0, -35.0, -49.0, -25.0, -27.0, -29.0, -25.0, -35.0, -26.0, -49.0, -30.0, -25.0, -57.0, -30.0, -29.0, -29.0, -48.0, -42.0, -30.0, -30.0, -44.0, -46.0, -46.0, -34.0, -35.0, -58.0, -32.0, -41.0, -32.0, -25.0, -35.0, -30.0, -31.0, -50.0, -23.0, -31.0],