{"initial_reset_timestamp": 1670028192.114159, "timestamps": [1670028209.451266, 1670028209.7191427, 1670028210.1644065, 1670028210.5356488, 1670028210.931461, 1670028211.2776527, 1670028221.5610123, 1670028221.898601, 1670028222.30451, 1670028222.6528037, 1670028222.984215, 1670028223.3729265, 1670028223.7062023, 1670028231.892019, 1670028244.056766, 1670028258.022939, 1670028271.8767238, 1670028285.706473, 1670028299.55384, 1670028313.570475, 1670028340.6230624, 1670028353.107561, 1670028366.8851812, 1670028380.9841702, 1670028394.9560733, 1670028408.9718475, 1670028433.7489803, 1670028443.2815728, 1670028456.3555365, 1670028466.1747544, 1670028480.1422315, 1670028493.9727578, 1670028507.7710266, 1670028521.4324903, 1670028547.9501965, 1670028556.2641063, 1670028561.4563107, 1670028565.116602, 1670028575.4531584, 1670028581.2009482, 1670028590.506564, 1670028604.6519563, 1670028612.382297, 1670028623.081569, 1670028652.1842532, 1670028656.131475, 1670028670.4253523, 1670028683.9854026, 1670028697.5317588, 1670028705.0891922, 1670028719.4988499, 1670028725.3360612, 1670028753.5594423, 1670028758.2262552, 1670028764.6586812, 1670028769.1059008, 1670028783.6611097, 1670028788.3899872, 1670028794.4746501, 1670028807.6870253, 1670028821.766081, 1670028830.4181528, 1670028835.468984, 1670028863.304251, 1670028868.9795327, 1670028874.4887557, 1670028877.5596526, 1670028881.9151611, 1670028891.2832808, 1670028897.3792388, 1670028904.7387583, 1670028909.3361933, 1670028911.7159035, 1670028918.4733424, 1670028925.8790038, 1670028928.820154, 1670028935.8432722, 1670028940.3434124, 1670028945.5600576, 1670028971.521098, 1670028980.730792, 1670028993.3375926, 1670028997.1991427, 1670028999.9598632, 1670029009.6968458, 1670029023.7962925, 1670029031.6264405, 1670029036.353665, 1670029044.8775847, 1670029050.8205519, 1670029077.3404365, 1670029081.072188, 1670029085.4357975, 1670029098.5326385, 1670029101.706571, 1670029110.7856424, 1670029114.729766, 1670029117.2892888, 1670029122.6212716, 1670029136.2015336, 1670029143.8940804, 1670029147.9468977, 1670029156.4547877, 1670029159.9519653, 1670029162.6576793, 1670029177.8077695, 1670029181.457842, 1670029187.7708204, 1670029196.5817275, 1670029201.0179024, 1670029207.3118393, 1670029210.801999, 1670029214.6564388, 1670029217.5840757, 1670029221.6728835, 1670029227.7417579, 1670029231.8948543, 1670029237.3505542, 1670029244.2457888, 1670029248.3831053, 1670029250.66949, 1670029254.695457, 1670029257.2945747, 1670029260.859241, 1670029285.2376325, 1670029289.6956625, 1670029293.9475381, 1670029299.3911083, 1670029301.5615563, 1670029308.0606544, 1670029313.4827955, 1670029316.836423, 1670029320.378012, 1670029323.108961, 1670029328.375149, 1670029333.2629623, 1670029337.8296125, 1670029343.4601362, 1670029350.0290422, 1670029352.741963, 1670029357.5870423, 1670029361.4376345, 1670029367.397481, 1670029387.0985303, 1670029390.3520827, 1670029393.8633344, 1670029398.2755895, 1670029404.1088905, 1670029406.1137505, 1670029412.6053858, 1670029414.9413285, 1670029417.8733919, 1670029420.9211261, 1670029423.569735, 1670029427.2077508, 1670029430.902978, 1670029434.138733, 1670029437.4716048, 1670029441.6422567, 1670029446.063331, 1670029450.4006371, 1670029452.7185714, 1670029455.30696, 1670029460.548028, 1670029466.4598498, 1670029471.1364162, 1670029474.9166443, 1670029491.1369855, 1670029494.3751822, 1670029496.7731411, 1670029500.0594516, 1670029502.9114933, 1670029505.6678894, 1670029509.976103, 1670029512.9085476, 1670029517.243231, 1670029519.3837924, 1670029522.4313452, 1670029526.0103445, 1670029528.2676067, 1670029530.5329127, 1670029533.5305245, 1670029536.2622676, 1670029540.4403768, 1670029543.0059576, 1670029546.016341, 1670029548.4366715, 1670029552.9211164, 1670029555.5830624, 1670029559.6317008, 1670029562.545541, 1670029564.8029299, 1670029566.4341896, 1670029569.6446369, 1670029572.5677257, 1670029577.9006207, 1670029594.6371932, 1670029596.616736, 1670029600.3038342, 1670029603.440565, 1670029608.3518229, 1670029611.054041, 1670029615.1639495, 1670029617.2859433, 1670029620.5696483, 1670029622.9836311, 1670029625.6586957, 1670029628.6606905, 1670029631.5976834, 1670029633.7316911, 1670029637.0500808, 1670029641.0815303, 1670029643.6794605, 1670029647.4639845, 1670029649.464539, 1670029652.6944659, 1670029655.534567, 1670029659.204743, 1670029661.7334456, 1670029663.7928276, 1670029666.4902878, 1670029669.4064438, 1670029672.800621, 1670029676.3610475, 1670029679.98884, 1670029682.6164317, 1670029700.939899, 1670029703.9787502, 1670029708.826527, 1670029711.1608825, 1670029717.8863587, 1670029720.6286757, 1670029724.2629926, 1670029728.6824355, 1670029731.0122712, 1670029732.8557117, 1670029738.1886635, 1670029742.964865, 1670029745.0984886, 1670029747.2387514, 1670029749.7924984, 1670029751.7842968, 1670029754.4156013, 1670029758.5082066, 1670029761.7443814, 1670029764.7338552, 1670029766.8879323, 1670029769.6365323, 1670029772.9069526, 1670029776.085806, 1670029778.9956355, 1670029783.293529, 1670029786.6157062, 1670029805.6655567, 1670029809.7215867, 1670029813.219888, 1670029815.9163475, 1670029818.499, 1670029823.5550659, 1670029826.6834064, 1670029830.268862, 1670029832.456506, 1670029835.8991292, 1670029840.5969863, 1670029843.7770379, 1670029847.0779922, 1670029849.765186, 1670029853.2478716, 1670029855.6229894, 1670029858.0070686, 1670029860.9293146, 1670029863.6711826, 1670029870.4054246, 1670029872.3147597, 1670029875.0342636, 1670029877.8562238, 1670029879.7059789, 1670029881.791153, 1670029884.4407115, 1670029886.8237212, 1670029889.2523012, 1670029908.0253825, 1670029911.1804655, 1670029913.8434064, 1670029917.0422506, 1670029920.2324474, 1670029922.7086318, 1670029925.587583, 1670029928.3383327, 1670029931.3255339, 1670029934.6788065, 1670029936.536965, 1670029939.5725257, 1670029942.7698002, 1670029944.8246636, 1670029947.0246787, 1670029950.0181131, 1670029952.6571822, 1670029955.6351442, 1670029960.6539755, 1670029963.0199995, 1670029965.098306, 1670029966.8719108, 1670029971.1619093, 1670029974.0632176, 1670029976.8625631, 1670029979.4192934, 1670029981.813403, 1670029984.6979012, 1670029986.0811827, 1670029988.556532, 1670029991.1322021, 1670029995.1537323, 1670029997.5924258, 1670030013.0913033, 1670030016.629451, 1670030019.2818716, 1670030021.969207, 1670030025.52158, 1670030029.6758783, 1670030032.8105333, 1670030036.110334, 1670030038.4671535, 1670030040.4745886, 1670030043.2180693, 1670030046.2103834, 1670030048.9045775, 1670030051.9028473, 1670030054.64293, 1670030057.823464, 1670030060.6038961, 1670030064.534275, 1670030066.5677826, 1670030068.7258666, 1670030071.5175457, 1670030073.7697918, 1670030076.2237217, 1670030079.5135348, 1670030081.7220805, 1670030084.6391895, 1670030087.559486, 1670030089.385159, 1670030093.0909863, 1670030095.1054597, 1670030098.027089, 1670030100.6693897],