{"initial_reset_timestamp": 1669940020.857426, "timestamps": [1669940024.390244, 1669940024.5964575, 1669940024.9050083, 1669940025.1963, 1669940025.4863846, 1669940025.7723842, 1669940028.3148372, 1669940028.5945184, 1669940028.8761525, 1669940029.1562946, 1669940029.439644, 1669940029.7272835, 1669940030.0047462], "episode_lengths": [150, 150, 150, 150, 150, 150, 150, 150, 150, 150, 150, 150, 150], "episode_rewards": [-150.0, -150.0, -150.0, -150.0, -150.0, -150.0, -150.0, -150.0, -150.0, -150.0, -150.0, -150.0, -150.0], "episode_types": ["t", "t", "t", "t", "t", "t", "t", "t", "t", "t", "t", "t", "t", "t"]}