{"initial_reset_timestamp": 1669940022.2710533, "timestamps": [1669940023.1471329, 1669940023.3436828, 1669940023.539965, 1669940023.7357664, 1669940023.9358582, 1669940024.1305864, 1669940024.3286135, 1669940026.8295329, 1669940027.0255146, 1669940027.2216563, 1669940027.4182835, 1669940027.6515794, 1669940027.8487167, 1669940028.0488539, 1669940028.243546, 1669940030.906647, 1669940031.09854, 1669940031.2940106, 1669940031.4880917, 1669940031.6885338, 1669940031.8937204, 1669940032.0932372, 1669940032.2938387], "episode_lengths": [150, 150, 150, 150, 150, 150, 150, 150, 150, 150, 150, 66, 150, 150, 150, 54, 150, 150, 150, 150, 150, 150, 150], "episode_rewards": [-150.0, -150.0, -150.0, -150.0, -150.0, -150.0, -150.0, -150.0, -150.0, -150.0, -150.0, -65.0, -150.0, -150.0, -150.0, -53.0, -150.0, -150.0, -150.0, -150.0, -150.0, -150.0, -150.0], "episode_types": ["t", "t", "t", "t", "t", "t", "t", "t", "t", "t", "t", "t", "t", "t", "t", "t", "t", "t", "t", "t", "t", "t", "t"]}