{"initial_reset_timestamp": 1669945187.3170571, "timestamps": [1669945190.8775487, 1669945191.0841653, 1669945191.3899016, 1669945191.6836016, 1669945191.9659612, 1669945192.2487593, 1669945194.9218202, 1669945195.1973166, 1669945195.4728413, 1669945195.750131, 1669945196.021165, 1669945196.2925673, 1669945196.5639722], "episode_lengths": [150, 150, 150, 150, 150, 150, 150, 150, 150, 150, 150, 150, 150], "episode_rewards": [-150.0, -150.0, -150.0, -150.0, -150.0, -150.0, -150.0, -150.0, -150.0, -150.0, -150.0, -150.0, -150.0], "episode_types": ["t", "t", "t", "t", "t", "t", "t", "t", "t", "t", "t", "t", "t", "t"]}