{"initial_reset_timestamp": 1669945188.628261, "timestamps": [1669945189.5002663, 1669945189.7191877, 1669945189.9373224, 1669945190.1546228, 1669945190.3752136, 1669945190.5959914, 1669945190.815197, 1669945193.3196871, 1669945193.5373325, 1669945193.7561345, 1669945193.9758756, 1669945194.1912856, 1669945194.4081564, 1669945194.6309624, 1669945194.849577, 1669945197.458644, 1669945197.6708076, 1669945197.8869648, 1669945198.1018047, 1669945198.3245037, 1669945198.5437045, 1669945198.7637858, 1669945198.9851246], "episode_lengths": [150, 150, 150, 150, 150, 150, 150, 150, 150, 150, 150, 66, 150, 150, 150, 54, 150, 150, 150, 150, 150, 150, 150], "episode_rewards": [-150.0, -150.0, -150.0, -150.0, -150.0, -150.0, -150.0, -150.0, -150.0, -150.0, -150.0, -65.0, -150.0, -150.0, -150.0, -53.0, -150.0, -150.0, -150.0, -150.0, -150.0, -150.0, -150.0], "episode_types": ["t", "t", "t", "t", "t", "t", "t", "t", "t", "t", "t", "t", "t", "t", "t", "t", "t", "t", "t", "t", "t", "t", "t"]}