{"initial_reset_timestamp": 1667263121.5811744, "timestamps": [1667263122.6979241, 1667263122.718436, 1667263122.7495391], "episode_lengths": [88, 79, 111], "episode_rewards": [-118.11052540749041, -327.4153117394716, -354.6920458658159], "episode_types": ["t", "t", "t", "t"]}