{"initial_reset_timestamp": 1670028197.3109963, "timestamps": [1670028207.132153, 1670028207.330199, 1670028207.7613463, 1670028208.1071754, 1670028208.4241176, 1670028208.7759416, 1670028209.1260123, 1670028209.4632878, 1670028209.8484943, 1670028210.1486542, 1670028216.6568482, 1670028217.0625606, 1670028217.408567, 1670028217.7039874, 1670028218.2291517, 1670028218.5692797, 1670028218.8568957, 1670028219.1541057, 1670028219.4773407, 1670028219.796832, 1670028231.0878396, 1670028235.1510751, 1670028239.3728077, 1670028243.356196, 1670028246.3608134, 1670028250.3682597, 1670028254.7834327, 1670028258.606703, 1670028262.3554382, 1670028266.2851753, 1670028276.9212024, 1670028280.808019, 1670028285.0431168, 1670028288.4562733, 1670028292.4160378, 1670028294.4129493, 1670028298.7515125, 1670028303.2440064, 1670028306.130414, 1670028309.9632857, 1670028314.1357255, 1670028324.4689722, 1670028328.876219, 1670028331.853565, 1670028334.6042385, 1670028338.7903414, 1670028341.7129786, 1670028346.0003185, 1670028348.4311984, 1670028351.777977, 1670028353.4060023, 1670028357.5691679, 1670028361.4067216, 1670028371.7539303, 1670028374.8320208, 1670028378.2843838, 1670028381.7874982, 1670028385.9018507, 1670028390.0425372, 1670028392.3660297, 1670028396.6732044, 1670028400.5109005, 1670028403.8171163, 1670028407.9377713, 1670028418.4694548, 1670028422.6265855, 1670028426.8174634, 1670028431.0864406, 1670028435.1264114, 1670028439.2897935, 1670028443.662777, 1670028447.7911808, 1670028451.814521, 1670028455.936837, 1670028466.492773, 1670028470.3167388, 1670028474.4973783, 1670028478.6756084, 1670028482.6104295, 1670028486.7121637, 1670028490.9924223, 1670028495.109517, 1670028499.5022793, 1670028503.688737, 1670028514.4523122, 1670028518.4690585, 1670028522.5864847, 1670028526.5991101, 1670028530.5257897, 1670028534.7922425, 1670028538.8213506, 1670028542.8227339, 1670028547.3972838, 1670028551.7491283, 1670028562.370521, 1670028566.7320018, 1670028569.9194982, 1670028573.1296859, 1670028577.4492793, 1670028581.2693036, 1670028585.1887949, 1670028589.7167835, 1670028593.9176507, 1670028598.010738, 1670028602.277956, 1670028612.734022, 1670028616.9171488, 1670028621.0216475, 1670028625.185725, 1670028629.2715347, 1670028633.6222074, 1670028637.8681922, 1670028641.8978467, 1670028646.299333, 1670028651.0302715, 1670028661.914826, 1670028665.9576151, 1670028670.243934, 1670028674.8242204, 1670028678.9629197, 1670028683.2145712, 1670028687.5439045, 1670028691.8373916, 1670028696.1989243, 1670028700.4977612, 1670028711.9218004, 1670028716.1559606, 1670028720.480317, 1670028724.9427881, 1670028729.2886832, 1670028733.8479028, 1670028738.2422798, 1670028742.7123194, 1670028746.9333332, 1670028751.3414345, 1670028762.2588866, 1670028766.552016, 1670028770.9001825, 1670028775.1374588, 1670028779.5925534, 1670028783.6885767, 1670028787.9897592, 1670028792.3581235, 1670028796.8336318, 1670028801.2526214, 1670028812.2251701, 1670028816.757373, 1670028820.8407915, 1670028824.8870215, 1670028828.9651058, 1670028833.3666148, 1670028837.8217301, 1670028842.0736396, 1670028846.2573967, 1670028850.6827898, 1670028861.8528075, 1670028865.5741715, 1670028870.0861056, 1670028874.2392292, 1670028878.3632529, 1670028882.628871, 1670028887.2960832, 1670028891.534859, 1670028895.9323602, 1670028900.317112, 1670028911.6314178, 1670028915.9601262, 1670028920.0699542, 1670028924.613503, 1670028928.8722088, 1670028933.1395514, 1670028937.497014, 1670028941.941733, 1670028946.3221283, 1670028950.882887, 1670028962.016949, 1670028966.3634014, 1670028970.3795013, 1670028974.6379642, 1670028979.28486, 1670028983.9643624, 1670028988.1397216, 1670028992.4935532, 1670028996.9032428, 1670029001.295323, 1670029011.7960048, 1670029015.5209293, 1670029019.6047568, 1670029023.8673115, 1670029028.1448653, 1670029032.1928208, 1670029036.363178, 1670029040.3064995, 1670029044.4072287, 1670029048.304025, 1670029058.4530246, 1670029062.3616483, 1670029066.3840692, 1670029070.3027673, 1670029074.295469, 1670029078.3747244, 1670029082.6227539, 1670029087.0641117, 1670029091.1196938, 1670029095.3962479, 1670029105.672885, 1670029109.696756, 1670029113.9208057, 1670029118.1682944, 1670029122.2039876, 1670029126.3319247, 1670029130.4452775, 1670029134.6507497, 1670029138.3654408, 1670029142.6317782, 1670029152.7909138, 1670029156.4664938, 1670029160.1472428, 1670029164.2162013, 1670029168.2675674, 1670029172.2356172, 1670029176.3830183, 1670029180.4685085, 1670029184.9640152, 1670029189.3295195, 1670029199.5070384, 1670029203.7335808, 1670029208.0976555, 1670029212.246211, 1670029216.21108, 1670029220.3176708, 1670029224.297392, 1670029228.378883, 1670029233.0926132, 1670029237.2318637, 1670029248.305015, 1670029252.2706797, 1670029256.421863, 1670029260.3117285, 1670029264.527188, 1670029268.7246716, 1670029272.5982997, 1670029276.5657284, 1670029280.5269442, 1670029284.6297438, 1670029295.0876257, 1670029299.049743, 1670029303.2378733, 1670029307.2525728, 1670029311.1373866, 1670029315.2618306, 1670029319.4139652, 1670029323.6532693, 1670029327.9389167, 1670029332.0420468, 1670029342.565391, 1670029346.4431264, 1670029350.8398209, 1670029355.0769427, 1670029359.1509032, 1670029363.3239925, 1670029367.5567284, 1670029371.6006627, 1670029375.7235453, 1670029379.8450074, 1670029390.943742, 1670029394.9742744, 1670029399.271512, 1670029403.371742, 1670029407.5717561, 1670029411.7770438, 1670029416.0041926, 1670029420.059024, 1670029424.3284698, 1670029428.4510946, 1670029439.0315516, 1670029443.2062967, 1670029447.1869364, 1670029451.286593, 1670029455.4928188, 1670029459.5322905, 1670029463.669624, 1670029467.9196773, 1670029472.0092227, 1670029476.0888293, 1670029486.4493787, 1670029490.6147249, 1670029494.4684117, 1670029498.242139, 1670029501.982052, 1670029506.146815, 1670029510.3146527, 1670029514.290935, 1670029518.0217462, 1670029522.179661, 1670029532.987359, 1670029536.9943378, 1670029541.103624, 1670029545.1519492, 1670029549.1010804, 1670029553.098075, 1670029556.9705203, 1670029560.9657493, 1670029564.904618, 1670029569.0011692, 1670029579.5076456, 1670029583.7536914, 1670029587.9934225, 1670029592.0083356, 1670029596.1989424, 1670029600.1821575, 1670029604.2862937, 1670029608.2250335, 1670029611.904507, 1670029615.8608673, 1670029626.6095905, 1670029630.516284, 1670029634.4997876, 1670029638.488354, 1670029642.583994, 1670029647.0466785, 1670029651.2761564, 1670029655.495617, 1670029659.306429, 1670029663.257975, 1670029673.7636898, 1670029677.8547711, 1670029681.909114, 1670029686.0485857, 1670029690.1675956, 1670029694.4460287, 1670029698.651864, 1670029702.67496, 1670029706.7614067, 1670029710.8594193, 1670029721.4087255, 1670029725.2052927, 1670029729.2926288, 1670029733.6132033, 1670029737.5800054, 1670029741.625127, 1670029745.760664, 1670029749.7737155, 1670029754.1214821, 1670029758.497197, 1670029769.160663, 1670029773.0431824, 1670029777.0858903, 1670029781.3235552, 1670029785.5073104, 1670029789.5883424, 1670029793.6967201, 1670029797.468475, 1670029801.5743368, 1670029805.6187453, 1670029816.6538367, 1670029820.7582698, 1670029824.913713, 1670029829.1220098, 1670029833.5939255, 1670029837.6658428, 1670029841.7970662, 1670029845.7647603, 1670029850.2403138, 1670029854.5510592, 1670029864.986679, 1670029869.0485659, 1670029873.1691031, 1670029877.437598, 1670029881.9222634, 1670029886.1065254, 1670029890.0198207, 1670029893.9940248, 1670029898.0667377, 1670029902.174741, 1670029913.4483175, 1670029917.3124087, 1670029921.340583, 1670029925.549445, 1670029929.5981393, 1670029933.639284, 1670029937.7397046, 1670029942.0434358, 1670029946.449395, 1670029950.490525, 1670029960.893628, 1670029964.7358646, 1670029969.0544453, 1670029973.3204465, 1670029977.3602295, 1670029981.3713188, 1670029985.5186756, 1670029989.68346, 1670029993.9259508, 1670029998.0029259, 1670030009.1840022, 1670030013.3143902, 1670030017.4858036, 1670030021.4550385, 1670030025.5172677, 1670030029.7499263, 