{"initial_reset_timestamp": 1670028201.2758722, "timestamps": [1670028203.4877384, 1670028203.9518666, 1670028204.5402045, 1670028205.1286316, 1670028205.3855064, 1670028205.610758, 1670028205.8420403, 1670028206.1115727, 1670028206.6088846, 1670028207.0843525, 1670028211.8087354, 1670028212.3024442, 1670028212.825339, 1670028213.3404472, 1670028213.905291, 1670028214.4032722, 1670028214.9200382, 1670028215.4331813, 1670028215.873924, 1670028216.43399, 1670028221.2342334, 1670028221.8968449, 1670028222.7193303, 1670028223.2507014, 1670028223.6707284, 1670028224.2607908, 1670028224.8130465, 1670028225.4920926, 1670028226.0506785, 1670028226.6284235, 1670028267.821062, 1670028268.382642, 1670028268.9647481, 1670028269.7264762, 1670028270.3375432, 1670028270.9221582, 1670028271.376035, 1670028271.941632, 1670028272.5740166, 1670028272.9587917, 1670028315.8343132, 1670028316.3883944, 1670028316.9665663, 1670028317.6762688, 1670028318.3075645, 1670028318.9111583, 1670028319.4997013, 1670028320.0035763, 1670028320.4418013, 1670028321.010768, 1670028364.5320995, 1670028364.9942436, 1670028365.6281655, 1670028366.2316885, 1670028366.757453, 1670028367.261153, 1670028367.7064416, 1670028368.3198586, 1670028368.8329675, 1670028369.274651, 1670028412.1883264, 1670028412.82529, 1670028413.532734, 1670028414.0253048, 1670028414.451942, 1670028415.058314, 1670028415.6810093, 1670028416.2317214, 1670028416.7243333, 1670028417.2566636, 1670028460.3874397, 1670028460.9977505, 1670028461.6344278, 1670028462.3100102, 1670028462.863784, 1670028463.4262471, 1670028463.8959894, 1670028464.4509978, 1670028464.8998084, 1670028465.3261423, 1670028508.0995858, 1670028508.5933993, 1670028509.1533303, 1670028509.7503035, 1670028510.5583887, 1670028511.1883202, 1670028511.718222, 1670028512.1601937, 1670028512.7280638, 1670028513.3108227, 1670028556.171109, 1670028556.7495217, 1670028557.3414817, 1670028557.8424785, 1670028558.2991745, 1670028558.8401887, 1670028559.6560059, 1670028560.1985724, 1670028560.8052983, 1670028561.2936738, 1670028604.2412398, 1670028604.8569129, 1670028605.375457, 1670028605.8304582, 1670028606.4719975, 1670028607.051723, 1670028607.7460322, 1670028608.2047226, 1670028608.7740014, 1670028609.375786, 1670028653.1162827, 1670028653.7689238, 1670028654.3544455, 1670028654.8955626, 1670028655.3942633, 1670028656.0427747, 1670028656.605658, 1670028657.2978518, 1670028657.75382, 1670028658.3194795, 1670028702.6963522, 1670028703.2827737, 1670028703.8434126, 1670028704.4248767, 1670028704.899482, 1670028705.4951217, 1670028706.145199, 1670028706.8019164, 1670028707.594651, 1670028708.255855, 1670028753.538342, 1670028754.0756967, 1670028754.7202773, 1670028755.3015356, 1670028755.756876, 1670028756.329297, 1670028756.912766, 1670028757.4676495, 1670028757.9509764, 1670028758.5705838, 1670028803.4724312, 1670028804.0692325, 1670028804.7052467, 1670028805.244062, 1670028805.7731626, 1670028806.2524986, 1670028806.8107953, 1670028807.4847438, 1670028808.0843964, 1670028808.6835773, 1670028853.229589, 1670028853.7370207, 1670028854.2922876, 1670028854.8429828, 1670028855.437596, 1670028856.0169506, 1670028856.5692818, 1670028857.0834212, 1670028857.6794448, 1670028858.3026667, 1670028903.2625213, 1670028903.9168372, 1670028904.5435998, 1670028905.1432118, 1670028905.6677032, 1670028906.1912417, 1670028906.7290492, 1670028907.3406396, 1670028907.954233, 1670028908.6180844, 1670028953.8504112, 1670028954.5374994, 1670028954.853192, 1670028955.3158786, 1670028955.9038384, 1670028956.4947853, 1670028957.155937, 1670028957.5906484, 1670028958.1156864, 1670028958.6753106, 1670028959.2371912, 1670029004.3054447, 1670029004.9343693, 1670029005.5039225, 1670029006.008657, 1670029006.385651, 1670029006.9689124, 1670029007.5960846, 1670029008.1351259, 1670029008.6317556, 1670029009.2003767, 1670029051.0380166, 1670029051.6828544, 1670029052.3014088, 1670029052.9369082, 1670029053.4587028, 1670029053.8167655, 1670029054.3955846, 1670029055.0066712, 1670029055.5210695, 1670029055.9827037, 1670029098.1650422, 1670029098.7731838, 1670029099.3806536, 1670029100.1398718, 1670029100.6575236, 1670029101.072402, 1670029101.6158316, 1670029102.109518, 1670029102.5695555, 1670029103.1548498, 1670029145.3505259, 1670029145.9837008, 1670029146.6266112, 1670029147.2573419, 1670029147.9937186, 1670029148.590976, 1670029149.1802301, 1670029149.6206608, 1670029150.0565724, 1670029150.5902064, 1670029191.7547448, 1670029192.2849505, 1670029192.6851945, 1670029193.2086022, 1670029193.7623165, 1670029194.260332, 1670029194.9661121, 1670029195.4425793, 1670029196.048466, 1670029196.5656939, 1670029196.90413, 1670029240.17384, 1670029240.800018, 1670029241.3661826, 1670029241.8358042, 1670029242.292163, 1670029242.897381, 1670029243.6312358, 1670029244.2901611, 1670029244.968308, 1670029245.5512445, 1670029287.2765665, 1670029287.808429, 1670029288.3635383, 1670029288.7632895, 1670029289.3107514, 1670029289.89585, 1670029290.4724958, 1670029291.2461846, 1670029291.8336558, 1670029292.3833463, 1670029334.8418314, 1670029335.292309, 1670029335.8175042, 1670029336.378845, 1670029336.879277, 1670029337.3968215, 1670029337.9891312, 1670029338.6031044, 1670029339.3388484, 1670029339.883852, 1670029382.8390656, 1670029383.3270247, 1670029383.8538878, 1670029384.473403, 1670029385.0712407, 1670029385.370363, 1670029385.878873, 1670029386.4401956, 1670029387.032804, 1670029387.6972964, 1670029388.3077688, 1670029431.3096733, 1670029431.9687204, 1670029432.546136, 1670029433.1404316, 1670029433.6659224, 1670029434.2518058, 1670029434.8551567, 1670029435.3706415, 1670029435.7826078, 1670029436.3704343, 1670029478.7934017, 1670029479.3621852, 1670029479.9489717, 1670029480.5319586, 1670029481.0556886, 1670029481.5002568, 1670029482.0983567, 1670029482.7524624, 1670029483.315223, 1670029483.8313768, 1670029524.8903782, 1670029525.4685388, 1670029526.0883956, 1670029526.732582, 1670029527.3275914, 1670029527.8857062, 1670029528.4047358, 1670029528.8868165, 1670029529.509483, 1670029530.1196256, 1670029572.15429, 1670029572.5878193, 1670029573.1580243, 1670029573.718497, 1670029574.2236433, 1670029574.6664388, 1670029575.2370944, 1670029575.8841264, 1670029576.5225482, 1670029577.076891, 1670029618.7516189, 1670029619.41338, 1670029619.9900365, 1670029620.5788395, 1670029621.2008972, 1670029621.7562416, 1670029622.183873, 1670029622.7554228, 1670029623.3797915, 1670029623.9441311, 1670029666.1259425, 1670029666.7562032, 1670029667.4813898, 1670029668.0311756, 1670029668.4583945, 1670029669.0148335, 1670029669.6073403, 1670029670.1327293, 1670029670.6349401, 1670029671.1895268, 1670029713.316194, 1670029713.9417005, 1670029714.5357587, 1670029715.3306055, 1670029715.8944466, 1670029716.50999, 1670029717.1223285, 1670029717.7409682, 1670029718.2725148, 1670029718.7123487, 1670029761.287198, 1670029761.8883982, 1670029762.421235, 1670029763.000996, 1670029763.7004848, 1670029764.117574, 1670029764.6841192, 1670029765.3027267, 1670029765.9309156, 1670029766.557687, 1670029808.4002645, 1670029808.940503, 1670029809.4796848, 1670029809.9570334, 1670029810.5361447, 1670029811.1528049, 1670029811.8519416, 1670029812.4751005, 1670029813.0978074, 1670029813.6633372, 1670029857.295391, 1670029857.8720033, 1670029858.4211621, 1670029858.8953862, 1670029859.501153, 1670029860.092837, 1670029860.6609604, 1670029861.34812, 1670029861.915472, 1670029862.3568535, 1670029904.977157, 1670029905.4020724, 1670029906.0055869, 1670029906.6082942, 1670029907.2379205, 1670029907.765426, 1670029908.226453, 1670029908.6449888, 1670029909.4818032, 1670029910.1095843, 1670029910.7647197, 1670029953.7160392, 1670029954.1415465, 1670029954.619703, 1670029955.2593548, 1670029955.8589828, 1670029956.473595, 1670029957.0170615, 1670029957.4643579, 1670029958.059884, 1670029958.6431193, 1670030001.0971835, 1670030001.667915, 1670030002.250845, 1670030002.766425, 1670030003.2848861, 1670030003.8682604, 1670030004.2389617, 1670030004.7355008, 