{"initial_reset_timestamp": 1669941017.3025644, "timestamps": [1669941019.6881287, 1669941020.7400904, 1669941021.7364457, 1669941022.7150338, 1669941023.700372, 1669941024.695568, 1669941025.6651995, 1669941029.3197124, 1669941030.3124106, 1669941031.319461, 1669941032.3445196, 1669941032.906705, 1669941033.8571017, 1669941034.7986827, 1669941035.8083656, 1669941039.2261133, 1669941040.0780327, 1669941040.9300866, 1669941041.77205, 1669941042.6268477, 1669941043.3664498, 1669941044.1086695, 1669941044.9046755], "episode_lengths": [150, 150, 150, 150, 150, 150, 150, 150, 150, 150, 150, 66, 150, 150, 150, 54, 150, 150, 150, 150, 150, 150, 150], "episode_rewards": [-150.0, -150.0, -150.0, -150.0, -150.0, -150.0, -150.0, -150.0, -150.0, -150.0, -150.0, -65.0, -150.0, -150.0, -150.0, -53.0, -150.0, -150.0, -150.0, -150.0, -150.0, -150.0, -150.0], "episode_types": ["t", "t", "t", "t", "t", "t", "t", "t", "t", "t", "t", "t", "t", "t", "t", "t", "t", "t", "t", "t", "t", "t", "t"]}