{"initial_reset_timestamp": 1669941015.3716457, "timestamps": [1669941025.7308035, 1669941025.9972582, 1669941026.3510187, 1669941026.6949823, 1669941027.0015101, 1669941027.3274703, 1669941035.887396, 1669941036.2580287, 1669941036.5994942, 1669941036.8983955, 1669941037.248935, 1669941037.549995, 1669941037.875095], "episode_lengths": [150, 150, 150, 150, 150, 150, 150, 150, 150, 150, 150, 150, 150], "episode_rewards": [-150.0, -150.0, -150.0, -150.0, -150.0, -150.0, -150.0, -150.0, -150.0, -150.0, -150.0, -150.0, -150.0], "episode_types": ["t", "t", "t", "t", "t", "t", "t", "t", "t", "t", "t", "t", "t", "t"]}