{"initial_reset_timestamp": 1670010101.9292483, "timestamps": [1670010113.579515, 1670010113.808788, 1670010114.1422591, 1670010114.468318, 1670010114.6758952, 1670010114.9877985, 1670010115.4159665, 1670010119.774452, 1670010120.066353, 1670010120.355345, 1670010120.6392412, 1670010120.925843, 1670010121.2976573, 1670010127.324439, 1670010131.2908075, 1670010138.9814572, 1670010144.8193626, 1670010154.3075676, 1670010163.9421144, 1670010171.1945548, 1670010189.206662, 1670010195.8690956, 1670010204.6048822, 1670010209.915839, 1670010219.3964288, 1670010228.1146023, 1670010239.21509, 1670010262.775119, 1670010276.9492445, 1670010291.839648, 1670010304.098663, 1670010318.8219917, 1670010333.20603, 1670010361.6118655, 1670010373.6553743, 1670010383.6426318, 1670010396.3786187, 1670010402.7418954, 1670010413.4752278, 1670010420.410516, 1670010437.49378, 1670010445.2897239, 1670010451.44543, 1670010453.159145, 1670010462.8680208, 1670010472.0075722, 1670010476.8602057, 1670010484.2082288, 1670010492.6307192, 1670010518.8404765, 1670010527.546725, 1670010539.656136, 1670010547.6956625, 1670010556.594177, 1670010561.7821286, 1670010575.0758052, 1670010583.5937765, 1670010585.710834, 1670010600.131934, 1670010608.7277374, 1670010611.0211153, 1670010617.1634336, 1670010628.4684901, 1670010640.9665563, 1670010647.8541498, 1670010657.0887413, 1670010667.047408, 1670010679.18229, 1670010687.1895537, 1670010696.5777092, 1670010707.6149373, 1670010715.2133048, 1670010725.2823095, 1670010736.9732556, 1670010744.6458461, 1670010770.269098, 1670010774.0711265, 1670010787.7474148, 1670010790.5014055, 1670010793.6679218, 1670010796.4450774, 1670010802.002494, 1670010806.5561063, 1670010820.2531836, 1670010827.192317, 1670010840.8922389, 1670010845.5409636, 1670010860.2692735, 1670010865.4189322, 1670010872.1487045, 1670010875.900188, 1670010878.9812024, 1670010881.0241532, 1670010886.4811277, 1670010889.8409, 1670010896.1708038, 1670010901.7417696, 1670010910.1633072, 1670010914.080153, 1670010922.958757, 1670010930.2153754, 1670010932.9906738, 1670010934.29548, 1670010950.3744063, 1670010952.7153792, 1670010959.4057395, 1670010964.8263316, 1670010967.4635992, 1670010969.4824512, 1670010971.981425, 1670010974.5405822, 1670010977.7688432, 1670010979.4010592, 1670010982.354999, 1670010984.0442948, 1670010986.5258088, 1670010990.5822303, 1670010996.0697947, 1670010998.8321753, 1670011002.5213308, 1670011005.3332653, 1670011016.1231024, 1670011018.9530272, 1670011021.7607715, 1670011025.9469953, 1670011027.625306, 1670011029.3653867, 1670011032.8225439, 1670011037.760716, 1670011041.0176003, 1670011045.625303, 1670011048.5042746, 1670011053.9484036, 1670011056.9552639, 1670011061.2385306, 1670011065.1428723, 1670011069.3808322, 1670011071.7166524, 1670011074.081877, 1670011079.4981759, 1670011083.7883728, 1670011088.068158, 1670011091.7966914, 1670011094.3320317, 1670011109.649589, 1670011111.69312, 1670011115.2886782, 1670011117.097781, 1670011120.2417696, 1670011121.4698813, 1670011123.2486691, 1670011124.48959, 1670011126.7924342, 1670011128.5480826, 1670011131.6229753, 1670011136.2998037, 1670011139.1326501, 1670011140.1630497, 1670011143.4769044, 1670011145.1285973, 1670011150.3999922, 1670011153.7474923, 1670011156.8893225, 1670011159.2555146, 1670011160.0589898, 1670011161.1730483, 1670011162.7735295, 1670011163.8431096, 1670011178.1086414, 1670011181.1472821, 1670011182.5830266, 1670011184.3293335, 1670011185.5934243, 1670011186.661219, 1670011187.629164, 1670011189.7857883, 1670011193.3376548, 1670011195.2547855, 1670011198.4762154, 1670011200.3198814, 1670011201.6901238, 1670011202.9048805, 1670011205.3270016, 1670011208.8026624, 1670011211.2484972, 1670011213.0395865, 1670011214.9989836, 1670011216.98788, 1670011219.6952019, 1670011221.2474322, 1670011225.655944, 1670011228.5986927, 1670011230.5822513, 1670011231.7401361, 1670011233.0479221, 1670011243.570743, 1670011246.171345, 1670011249.3725972, 1670011250.5901234, 1670011252.5242429, 1670011254.8575594, 1670011256.6309907, 1670011258.5926425, 1670011260.278261, 1670011261.5605192, 1670011263.3495812, 1670011265.0387447, 1670011267.6967428, 1670011272.0365846, 1670011273.4676797, 1670011276.3521743, 1670011278.5255964, 1670011280.806018, 1670011283.7418554, 1670011286.928827, 1670011289.2061121, 1670011291.2725406, 1670011294.4852953, 1670011297.1040142, 1670011300.8877587, 1670011314.8783958, 1670011318.4346082, 1670011321.7275565, 1670011323.416656, 1670011325.775914, 1670011328.2959554, 1670011330.3758557, 1670011332.7077265, 1670011336.2793531, 1670011339.7583218, 1670011343.319559, 1670011347.8461044, 1670011350.6136026, 1670011358.5028841, 1670011365.2131968, 1670011369.6172068, 1670011373.1315536, 1670011377.018862, 1670011380.3886178, 1670011384.1199875, 1670011386.9927275, 1670011388.845007, 1670011390.035739, 1670011391.518888, 1670011392.678452, 1670011402.5516348, 1670011403.9277534, 1670011405.38194, 1670011406.9822872, 1670011408.3092942, 1670011409.7305782, 1670011411.0722115, 1670011413.2091904, 1670011415.3568232, 1670011417.2961671, 1670011418.931969, 1670011419.8855922, 1670011420.9938745, 1670011423.8492045, 1670011427.186454, 1670011428.9312203, 1670011429.6860144, 1670011430.7094533, 1670011433.9429412, 1670011435.3902676, 1670011438.0416217, 1670011439.2340503, 1670011441.136191, 1670011442.6688395, 1670011445.443779, 1670011446.5901108, 1670011448.3013926, 1670011449.1834774, 1670011450.1457639, 1670011452.43864, 1670011454.4753602, 1670011467.5205505, 1670011469.0931323, 1670011470.7151203, 1670011474.2255402, 1670011476.5409088, 1670011479.5477092, 1670011481.5188534, 1670011483.0221856, 1670011484.4482934, 1670011486.2974176, 1670011488.4451923, 1670011492.5816903, 1670011494.6229477, 1670011497.7259874, 1670011500.4100142, 1670011504.3841953, 1670011507.880617, 1670011511.147225, 1670011513.2412033, 1670011515.9085624, 1670011519.3172982, 1670011520.3666432, 1670011522.4696374, 1670011524.535698, 1670011527.758301, 1670011530.4419374, 1670011534.3115692, 1670011536.8466449, 1670011540.812002, 1670011542.9365203, 1670011546.8789647, 1670011548.449457], "episode_lengths": [150, 150, 150, 150, 85, 150, 150, 150, 150, 150, 150, 150, 150, 150, 150, 150, 150, 150, 150, 150, 150, 150, 150, 150, 150, 150, 150, 150, 150, 150, 150, 150, 150, 150, 150, 150, 150, 91, 150, 150, 150, 150, 103, 40, 150, 124, 98, 76, 116, 150, 85, 118, 89, 126, 110, 146, 150, 46, 147, 106, 27, 66, 123, 150, 150, 150, 150, 150, 102, 150, 150, 88, 120, 150, 77, 150, 43, 150, 37, 60, 57, 57, 50, 150, 73, 134, 53, 37, 72, 67, 41, 49, 28, 72, 60, 85, 85, 114, 46, 105, 85, 49, 31, 58, 52, 65, 62, 62, 47, 58, 36, 40, 28, 53, 42, 63, 69, 101, 65, 48, 43, 44, 51, 44, 52, 39, 40, 48, 57, 35, 43, 30, 61, 31, 57, 39, 44, 22, 32, 63, 41, 50, 41, 26, 50, 48, 51, 27, 36, 22, 27, 26, 45, 42, 49, 54, 46, 24, 79, 38, 59, 53, 36, 55, 22, 30, 49, 29, 60, 48, 34, 41, 29, 25, 20, 23, 47, 26, 35, 30, 31, 28, 58, 40, 36, 43, 45, 33, 33, 28, 59, 41, 34, 27, 32, 45, 30, 61, 29, 22, 31, 23, 46, 41, 30, 44, 40, 46, 54, 32, 65, 39, 47, 45, 47, 33, 36, 37, 43, 49, 25, 42, 39, 25, 48, 56, 25, 29, 69, 33, 34, 43, 26, 84, 79, 46, 42, 40, 35, 46, 34, 28, 30, 36, 27, 23, 29, 31, 36, 31, 34, 31, 27, 24, 28, 43, 23, 26, 53, 38, 36, 17, 27, 40, 26, 50, 33, 49, 18, 44, 24, 24, 27, 27, 35, 24, 34, 36, 37, 39, 30, 33, 27, 17, 28, 33, 21, 45, 22, 29, 25, 43, 39, 37, 25, 27, 43, 25, 35, 22, 35, 32, 38, 24, 50, 23, 39, 20],