{"initial_reset_timestamp": 1669931318.1382134, "timestamps": [1669931330.020153, 1669931330.2413824, 1669931330.5652184, 1669931330.8654163, 1669931331.1673443, 1669931331.4636817, 1669931340.245709, 1669931340.5299056, 1669931340.8103118, 1669931341.091858, 1669931341.3737023, 1669931341.649367, 1669931341.9346435, 1669931357.281524, 1669931365.7383041, 1669931374.4335248, 1669931383.04508, 1669931391.4843562, 1669931400.8957303, 1669931410.1158183, 1669931428.5292294, 1669931437.5067532, 1669931446.6174095, 1669931455.4718788, 1669931464.183685, 1669931473.2904236, 1669931491.6410217, 1669931500.548334, 1669931509.537298, 1669931518.7234683, 1669931527.8720758, 1669931536.9558053, 1669931545.4814334, 1669931563.4792633, 1669931572.4718685, 1669931581.4577117, 1669931590.5741804, 1669931599.7643256, 1669931608.7616098, 1669931617.6199384, 1669931636.143791, 1669931644.7606308, 1669931651.5681565, 1669931660.4319355, 1669931669.5109725, 1669931678.5803952, 1669931697.283633, 1669931706.369238, 1669931715.082734, 1669931723.7343595, 1669931732.3923357, 1669931740.5970266, 1669931749.0317624, 1669931765.779475, 1669931774.49716, 1669931783.169117, 1669931791.7403812, 1669931800.4001744, 1669931808.9771202, 1669931817.0965412, 1669931834.2348394, 1669931842.661595, 1669931851.0037377, 1669931859.574753, 1669931867.855008, 1669931876.6502593, 1669931894.249943, 1669931902.4517112, 1669931911.333893, 1669931920.3988147, 1669931929.5699518, 1669931938.5143585, 1669931947.5359223, 1669931965.5528638, 1669931974.1122253, 1669931982.2389517, 1669931991.5213401, 1669932000.6470287, 1669932009.6848211, 1669932018.7695546, 1669932037.7024195, 1669932046.6349475, 1669932055.571637, 1669932064.6447814, 1669932073.2752333, 1669932082.3719015, 1669932100.875147, 1669932109.6497595, 1669932118.403903, 1669932127.16806, 1669932135.9688923, 1669932145.010974, 1669932153.4589436, 1669932172.4805515, 1669932181.7435126, 1669932190.6342225, 1669932199.198155, 1669932208.0829716, 1669932217.0461586, 1669932226.0172458, 1669932243.5055745, 1669932251.434741, 1669932260.4838862, 1669932269.4506547, 1669932278.2133763, 1669932287.4327884, 1669932303.2732067, 1669932311.116163, 1669932318.93932, 1669932326.248522, 1669932334.0959735, 1669932342.0684845, 1669932350.0213385, 1669932366.0988467, 1669932373.77152, 1669932381.4723804, 1669932389.1175969, 1669932397.1347497], "episode_lengths": [150, 150, 150, 150, 150, 150, 150, 150, 150, 150, 150, 150, 150, 150, 150, 150, 150, 150, 150, 150, 150, 150, 150, 150, 150, 150, 150, 150, 150, 150, 150, 150, 150, 150, 150, 150, 150, 150, 150, 150, 150, 150, 150, 150, 150, 150, 150, 150, 150, 150, 150, 150, 150, 150, 150, 150, 150, 150, 150, 150, 150, 150, 150, 150, 147, 150, 150, 150, 150, 150, 150, 150, 150, 150, 150, 150, 150, 150, 150, 150, 150, 150, 150, 150, 150, 150, 150, 150, 150, 150, 150, 150, 150, 150, 150, 150, 150, 150, 150, 150, 150, 150, 150, 150, 150, 150, 150, 150, 150, 150, 150, 150, 150, 150, 150, 150, 150, 150], "episode_rewards": [-150.0, -150.0, -150.0, -150.0, -150.0, -150.0, -150.0, -150.0, -150.0, -150.0, -150.0, -150.0, -150.0, -150.0, -150.0, -150.0, -150.0, -150.0, -150.0, -150.0, -150.0, -150.0, -150.0, -150.0, -150.0, -150.0, -150.0, -150.0, -150.0, -150.0, -150.0, -150.0, -150.0, -150.0, -150.0, -150.0, -150.0, -150.0, -150.0, -150.0, -150.0, -150.0, -150.0, -150.0, -150.0, -150.0, -150.0, -150.0, -150.0, -150.0, -150.0, -150.0, -150.0, -150.0, -150.0, -150.0, -150.0, -150.0, -150.0, -150.0, -150.0, -150.0, -150.0, -150.0, -146.0, -150.0, -150.0, -150.0, -150.0, -150.0, -150.0, -150.0, -150.0, -150.0, -150.0, -150.0, -150.0, -150.0, -150.0, -150.0, -150.0, -150.0, -150.0, -150.0, -150.0, -150.0, -150.0, -150.0, -150.0, -150.0, -150.0, -150.0, -150.0, -150.0, -150.0, -150.0, -150.0, -150.0, -150.0, -150.0, -150.0, -150.0, -150.0, -150.0, -150.0, -150.0, -150.0, -150.0, -150.0, -150.0, -150.0, -150.0, -150.0, -150.0, -150.0, -150.0, -150.0, -150.0], "episode_types": ["t", "t", "t", "t", "t", "t", "t", "t", "t", "t", "t", "t", "t", "t", "t", "t", "t", "t", "t", "t", "t", "t", "t", "t", "t", "t", "t", "t", "t", "t", "t", "t", "t", "t", "t", "t", "t", "t", "t", "t", "t", "t", "t", "t", "t", "t", "t", "t", "t", "t", "t", "t", "t", "t", "t", "t", "t", "t", "t", "t", "t", "t", "t", "t", "t", "t", "t", "t", "t", "t", "t", "t", "t", "t", "t", "t", "t", "t", "t", "t", "t", "t", "t", "t", "t", "t", "t", "t", "t", "t", "t", "t", "t", "t", "t", "t", "t", "t", "t", "t", "t", "t", "t", "t", "t", "t", "t", "t", "t", "t", "t", "t", "t", "t", "t", "t", "t", "t", "t"]}