{"initial_reset_timestamp": 1669931320.282356, "timestamps": [1669931322.9240339, 1669931324.0937054, 1669931325.2571335, 1669931326.4156764, 1669931327.5703342, 1669931328.7583346, 1669931329.9548097, 1669931333.4691365, 1669931334.6785944, 1669931335.88393, 1669931336.1309545, 1669931336.7321699, 1669931337.8640106, 1669931339.0431557, 1669931340.1737251, 1669931343.2567253, 1669931344.424164, 1669931345.6229753, 1669931346.7944224, 1669931347.9734576, 1669931349.185212, 1669931350.3772042, 1669931351.6315978, 1669931412.2344742, 1669931413.505705, 1669931414.7641923, 1669931416.035373, 1669931417.2828054, 1669931418.508011, 1669931419.7491345, 1669931481.165439, 1669931482.4310153, 1669931483.7378242, 1669931485.028945, 1669931486.3578079, 1669931487.597713, 1669931488.793354, 1669931550.6288028, 1669931551.8772576, 1669931553.1330442, 1669931554.4058454, 1669931555.6336076, 1669931556.8661702, 1669931558.0891683, 1669931619.8599842, 1669931621.116347, 1669931622.367889, 1669931623.6105726, 1669931624.8109565, 1669931626.0455596, 1669931627.2804878, 1669931686.6450195, 1669931687.9151409, 1669931689.2650201, 1669931690.5189745, 1669931691.8276157, 1669931693.1664333, 1669931694.4198642, 1669931753.6332664, 1669931754.704358, 1669931755.8606403, 1669931757.0225542, 1669931758.2138717, 1669931759.3292844, 1669931760.452187, 1669931819.2159452, 1669931820.4380941, 1669931821.6004508, 1669931822.744649, 1669931823.8856387, 1669931825.0506642, 1669931826.1653626, 1669931884.580274, 1669931885.7772675, 1669931886.9416296, 1669931888.142651, 1669931889.315086, 1669931890.5162315, 1669931891.6689546, 1669931951.8172615, 1669931952.645594, 1669931953.8717093, 1669931955.1193295, 1669931956.3438764, 1669931957.6002975, 1669931958.6102147, 1669931959.836665, 1669932021.1660247, 1669932022.4440913, 1669932023.6802292, 1669932024.905048, 1669932026.2093904, 1669932027.5295506, 1669932028.7888644, 1669932090.7131495, 1669932091.9618676, 1669932093.2071075, 1669932094.4825602, 1669932095.728444, 1669932096.9694197, 1669932098.2047052, 1669932158.2557962, 1669932159.4860585, 1669932160.7171483, 1669932161.9580932, 1669932162.99863, 1669932164.084898, 1669932165.3058448, 1669932166.0963743, 1669932166.8725092, 1669932228.2346008, 1669932229.4773884, 1669932230.6840308, 1669932231.9346619, 1669932233.1429214, 1669932234.34837, 1669932235.483616, 1669932294.5767534, 1669932295.6507263, 1669932296.6958673, 1669932297.792757, 1669932298.8317003, 1669932299.9088726, 1669932300.9660892, 1669932354.8596795, 1669932355.8527799, 1669932356.9044266, 1669932357.9416568, 1669932358.9899235, 1669932360.1004975, 1669932361.1920555], "episode_lengths": [150, 150, 150, 150, 150, 150, 150, 150, 150, 150, 150, 66, 150, 150, 150, 54, 150, 150, 150, 150, 150, 150, 150, 150, 150, 150, 150, 150, 150, 150, 150, 150, 150, 150, 150, 150, 150, 150, 150, 150, 150, 150, 150, 150, 150, 150, 150, 150, 150, 150, 150, 150, 150, 150, 150, 150, 150, 150, 150, 150, 150, 150, 150, 150, 150, 150, 150, 150, 150, 150, 150, 150, 150, 150, 150, 150, 150, 150, 150, 123, 101, 150, 150, 150, 150, 130, 150, 150, 150, 150, 150, 150, 150, 150, 150, 150, 150, 150, 150, 150, 150, 80, 150, 145, 150, 105, 126, 140, 97, 88, 150, 150, 150, 150, 150, 150, 150, 150, 150, 141, 150, 150, 150, 150, 150, 150, 150, 150, 150, 150, 150], "episode_rewards": [-150.0, -150.0, -150.0, -150.0, -150.0, -150.0, -150.0, -150.0, -150.0, -150.0, -150.0, -65.0, -150.0, -150.0, -150.0, -53.0, -150.0, -150.0, -150.0, -150.0, -150.0, -150.0, -150.0, -150.0, -150.0, -150.0, -150.0, -150.0, -150.0, -150.0, -150.0, -150.0, -150.0, -150.0, -150.0, -150.0, -150.0, -150.0, -150.0, -150.0, -150.0, -150.0, -150.0, -150.0, -150.0, -150.0, -150.0, -150.0, -150.0, -150.0, -150.0, -150.0, -150.0, -150.0, -150.0, -150.0, -150.0, -150.0, -150.0, -150.0, -150.0, -150.0, -150.0, -150.0, -150.0, -150.0, -150.0, -150.0, -150.0, -150.0, -150.0, -150.0, -150.0, -150.0, -150.0, -150.0, -150.0, -150.0, -150.0, -122.0, -100.0, -150.0, -150.0, -150.0, -150.0, -129.0, -150.0, -150.0, -150.0, -150.0, -150.0, -150.0, -150.0, -150.0, -150.0, -150.0, -150.0, -150.0, -150.0, -150.0, -150.0, -79.0, -150.0, -144.0, -150.0, -104.0, -125.0, -139.0, -96.0, -87.0, -150.0, -150.0, -150.0, -150.0, -150.0, -150.0, -150.0, -150.0, -150.0, -140.0, -150.0, -150.0, -150.0, -150.0, -150.0, -150.0, -150.0, -150.0, -150.0, -150.0, -150.0], "episode_types": ["t", "t", "t", "t", "t", "t", "t", "t", "t", "t", "t", "t", "t", "t", "t", "t", "t", "t", "t", "t", "t", "t", "t", "t", "t", "t", "t", "t", "t", "t", "t", "t", "t", "t", "t", "t", "t", "t", "t", "t", "t", "t", "t", "t", "t", "t", "t", "t", "t", "t", "t", "t", "t", "t", "t", "t", "t", "t", "t", "t", "t", "t", "t", "t", "t", "t", "t", "t", "t", "t", "t", "t", "t", "t", "t", "t", "t", "t", "t", "t", "t", "t", "t", "t", "t", "t", "t", "t", "t", "t", "t", "t", "t", "t", "t", "t", "t", "t", "t", "t", "t", "t", "t", "t", "t", "t", "t", "t", "t", "t", "t", "t", "t", "t", "t", "t", "t", "t", "t", "t", "t", "t", "t", "t", "t", "t", "t", "t", "t", "t", "t"]}