{"initial_reset_timestamp": 1670010103.1423688, "timestamps": [1670010113.9876823, 1670010114.2150476, 1670010114.5841439, 1670010114.9106314, 1670010115.337808, 1670010115.719243, 1670010122.2254994, 1670010122.5426252, 1670010122.927855, 1670010123.3023508, 1670010123.6201417, 1670010123.9444468, 1670010124.2566183, 1670010131.6025088, 1670010139.4775848, 1670010145.6193297, 1670010155.2877855, 1670010164.8857841, 1670010173.8209834, 1670010180.435791, 1670010197.152976, 1670010205.5575454, 1670010211.2174585, 1670010220.7532542, 1670010230.1858432, 1670010241.588671, 1670010266.3484516, 1670010280.4918919, 1670010295.010334, 1670010306.6605625, 1670010321.9536173, 1670010336.2795196, 1670010349.9264421, 1670010376.631836, 1670010385.8489652, 1670010397.6137142, 1670010406.978417, 1670010415.3590136, 1670010424.4753776, 1670010428.618747, 1670010443.7943344, 1670010450.250401, 1670010456.145295, 1670010464.5780258, 1670010467.715702, 1670010471.6055772, 1670010478.5376062, 1670010491.865952, 1670010498.2576113, 1670010509.026225, 1670010539.8584993, 1670010543.64891, 1670010551.0642858, 1670010559.8249857, 1670010570.9770024, 1670010577.4289222, 1670010581.1455984, 1670010586.2000527, 1670010589.4695966, 1670010591.961237, 1670010611.204759, 1670010622.1787453, 1670010625.577959, 1670010638.727399, 1670010645.0560837, 1670010647.0843856, 1670010652.8142638, 1670010655.3749967, 1670010657.6001139, 1670010661.80457, 1670010668.1844969, 1670010669.8276699, 1670010679.8122733, 1670010683.5877273, 1670010690.548552, 1670010695.9451387, 1670010698.1260047, 1670010700.3018858, 1670010710.608251, 1670010714.9063401, 1670010726.56913, 1670010728.9776495, 1670010734.0840232, 1670010745.9756763, 1670010752.4673526, 1670010754.5371518, 1670010775.961307, 1670010785.211369, 1670010789.839005, 1670010791.8838403, 1670010793.8417366, 1670010795.099135, 1670010797.76112, 1670010806.3058944, 1670010813.7742574, 1670010823.412482, 1670010828.9586475, 1670010835.957347, 1670010841.5659904, 1670010846.2337415, 1670010848.875108, 1670010851.7829952, 1670010853.1962507, 1670010873.4512274, 1670010875.7366285, 1670010880.4031982, 1670010888.7958853, 1670010893.382933, 1670010897.3123155, 1670010898.8805, 1670010899.9380803, 1670010911.1876304, 1670010915.403914, 1670010927.3030531, 1670010933.1795492, 1670010937.6505241, 1670010953.662442, 1670010957.1058092, 1670010966.1248312, 1670010967.9739354, 1670010970.4910285, 1670010971.9244788, 1670010974.6956575, 1670010977.510077, 1670010980.091604, 1670010982.160314, 1670010983.767215, 1670010985.9684472, 1670010987.5207734, 1670010991.1786132, 1670010994.3642836, 1670010995.8663456, 1670010998.0913675, 1670011000.2379324, 1670011004.9761245, 1670011006.149021, 1670011008.5524948, 1670011025.1726508, 1670011027.0977447, 1670011029.3798232, 1670011033.6879497, 1670011036.9527996, 1670011039.240262, 1670011042.351393, 1670011045.1755576, 1670011049.7044263, 1670011052.1892307, 1670011057.0551744, 1670011058.6957307, 1670011060.4848182, 1670011065.2477274, 1670011068.878855, 1670011072.9631066, 1670011075.820989, 1670011079.90212, 1670011084.1548574, 1670011090.3015478, 1670011093.5716686, 1670011095.8536513, 1670011099.5089388, 1670011110.5003288, 1670011113.3234491, 1670011115.1051047, 1670011119.2423325, 1670011121.064436, 1670011123.1597214, 1670011125.213834, 1670011126.9803252, 1670011128.5466726, 1670011130.626414, 1670011135.6686006, 1670011138.2087805, 1670011139.9166245, 1670011141.6756582, 1670011143.7879, 1670011145.1583576, 1670011147.7905774, 1670011151.0306737, 1670011157.486257, 1670011158.7491639, 1670011160.206448, 1670011161.8936684, 1670011164.8867407, 1670011177.5526083, 1670011180.5175557, 1670011181.9109716, 1670011183.387848, 1670011185.1140616, 1670011186.9920235, 1670011188.5020928, 1670011191.5932841, 1670011193.4021888, 1670011198.0759652, 1670011200.659485, 1670011202.6201427, 1670011205.7509232, 1670011208.4432192, 1670011211.3263586, 1670011212.25883, 1670011213.8203905, 1670011215.0098684, 1670011218.9459457, 1670011221.188786, 1670011224.8872397, 1670011226.3507872, 1670011230.6851654, 1670011231.7710092, 1670011240.1933634, 1670011241.5590668, 1670011245.5180414, 1670011247.659612, 1670011248.934196, 1670011250.785709, 1670011253.9273553, 1670011255.2051275, 1670011257.2512696, 1670011259.234521, 1670011260.6301548, 1670011262.6207364, 1670011264.1381557, 1670011266.1153162, 1670011267.9113233, 1670011270.283474, 1670011272.4086447, 1670011274.145278, 1670011276.351277, 1670011278.4586055, 1670011279.806533, 1670011281.9925528, 1670011283.7595482, 1670011284.8714123, 1670011287.731936, 1670011290.0774112, 1670011292.7746375, 1670011296.1253486, 1670011310.5639982, 1670011312.992971, 1670011315.2103496, 1670011319.0399714, 1670011321.4240522, 1670011324.9279957, 1670011326.4990952, 1670011327.7040548, 1670011331.1902006, 1670011333.6646032, 1670011335.3579004, 1670011339.502637, 1670011345.1443405, 1670011351.4498296, 1670011354.8549492, 1670011361.2703319, 1670011365.5471964, 1670011369.5551934, 1670011371.6737502, 1670011378.2719116, 1670011383.339295, 1670011385.62144, 1670011396.139108, 1670011397.377086, 1670011398.9500337, 1670011400.3387294, 1670011401.8719606, 1670011403.9498634, 1670011405.7826028, 1670011407.2357495, 1670011409.5762312, 1670011410.9879138, 1670011413.614882, 1670011416.7799025, 1670011417.4664776, 1670011419.0135553, 1670011420.1382165, 1670011422.4088922, 1670011425.059908, 1670011428.6806364, 1670011430.5999036, 1670011432.275198, 1670011435.3838627, 1670011438.12124, 1670011439.0956097, 1670011440.4884806, 1670011441.8499892, 1670011445.1940622, 1670011448.0375378, 1670011458.2623875, 1670011459.40632, 1670011461.1119652, 1670011464.659932, 1670011466.6771646, 1670011468.1609137, 1670011469.328549, 1670011471.128792, 1670011472.9764597, 1670011474.55662, 1670011477.2494664, 1670011479.711163, 1670011483.9564345, 1670011485.6141043, 1670011490.218833, 1670011493.7598715, 1670011496.975104, 1670011500.7003422, 1670011503.3328345, 1670011505.8092585, 1670011508.2867568, 1670011511.3238761, 1670011513.306453, 1670011516.8807147, 1670011519.2008405, 1670011520.932501, 1670011523.1439762, 1670011526.4735074, 1670011528.0575964, 1670011530.3539884, 1670011533.7947757], "episode_lengths": [150, 150, 150, 150, 150, 150, 140, 150, 150, 150, 150, 150, 150, 150, 150, 150, 150, 150, 150, 150, 150, 150, 150, 150, 150, 150, 150, 150, 150, 150, 150, 150, 150, 150, 150, 150, 102, 150, 150, 87, 150, 90, 105, 150, 37, 44, 125, 150, 101, 120, 150, 44, 89, 150, 148, 81, 61, 96, 85, 101, 127, 117, 39, 150, 129, 44, 68, 55, 52, 63, 108, 46, 55, 53, 112, 74, 45, 24, 128, 42, 150, 39, 48, 126, 79, 44, 67, 101, 50, 34, 43, 29, 34, 94, 82, 101, 58, 70, 52, 54, 33, 53, 28, 75, 25, 74, 120, 70, 44, 18, 26, 150, 53, 150, 88, 113, 86, 32, 119, 40, 58, 32, 39, 35, 43, 37, 40, 55, 36, 49, 50, 37, 55, 37, 58, 31, 64, 109, 42, 55, 61, 35, 26, 31, 26, 47, 28, 50, 21, 25, 50, 38, 40, 36, 46, 41, 73, 34, 22, 37, 42, 51, 24, 52, 32, 29, 44, 32, 36, 38, 62, 35, 41, 42, 49, 31, 29, 42, 85, 29, 39, 49, 87, 52, 43, 34, 38, 40, 48, 24, 37, 26, 59, 44, 45, 71, 30, 42, 22, 37, 27, 58, 39, 40, 36, 65, 26, 57, 35, 56, 25, 30, 41, 38, 22, 32, 49, 33, 50, 37, 46, 23, 28, 33, 41, 46, 38, 22, 48, 21, 18, 39, 41, 36, 53, 24, 42, 51, 40, 26, 57, 38, 29, 43, 31, 38, 43, 54, 60, 33, 76, 48, 41, 25, 70, 59, 26, 73, 29, 38, 33, 34, 48, 42, 31, 53, 32, 36, 36, 14, 37, 27, 53, 30, 51, 50, 25, 47, 52, 21, 36, 31, 44, 46, 38, 25, 39, 40, 26, 33, 24, 36, 19, 21, 29, 31, 58, 34, 49, 42, 30, 35, 29, 28, 26, 35, 24, 36, 29, 43, 27, 34, 18, 26, 34],