{"initial_reset_timestamp": 1670010106.0185866, "timestamps": [1670010108.8919585, 1670010109.5518582, 1670010110.5893447, 1670010112.0291488, 1670010113.254371, 1670010113.6109076, 1670010113.9264424, 1670010117.0484416, 1670010117.383539, 1670010117.7269456, 1670010118.0757258, 1670010118.688837, 1670010119.6678956, 1670010120.839377, 1670010122.1672475, 1670010125.4506328, 1670010126.1176913, 1670010126.8071165, 1670010127.3850703, 1670010127.95965, 1670010128.47471, 1670010128.955188, 1670010129.4618893, 1670010182.6097176, 1670010183.6557078, 1670010185.4912176, 1670010187.417399, 1670010189.0199864, 1670010189.9440925, 1670010190.8680568, 1670010249.9053192, 1670010252.1696377, 1670010254.1259751, 1670010255.9548316, 1670010257.7960033, 1670010260.0272238, 1670010262.302731, 1670010358.4374988, 1670010360.538704, 1670010362.4640718, 1670010364.4640062, 1670010366.3760803, 1670010368.655568, 1670010370.665796, 1670010437.1155567, 1670010437.9766424, 1670010438.7919474, 1670010439.6587923, 1670010440.5636365, 1670010441.4139438, 1670010442.298255, 1670010516.9947104, 1670010518.8362966, 1670010520.7919521, 1670010523.0666735, 1670010525.33722, 1670010527.5952816, 1670010529.8883758, 1670010595.8344662, 1670010597.307, 1670010598.191647, 1670010599.8725984, 1670010600.741467, 1670010602.2279744, 1670010604.4216948, 1670010673.4349387, 1670010674.2664328, 1670010675.0485454, 1670010675.815588, 1670010676.9041939, 1670010677.860675, 1670010679.2013838, 1670010760.0163593, 1670010762.244427, 1670010764.60293, 1670010766.8170717, 1670010768.9064796, 1670010770.594729, 1670010772.4103734, 1670010860.0287967, 1670010861.1540475, 1670010862.6666844, 1670010864.4489434, 1670010866.083987, 1670010868.2430577, 1670010870.457442, 1670010942.4771497, 1670010944.272562, 1670010945.874971, 1670010947.7573047, 1670010949.3906174, 1670010950.3411071, 1670010951.1452506, 1670011010.3815842, 1670011011.1671214, 1670011011.990747, 1670011013.7676914, 1670011015.5048714, 1670011017.3351815, 1670011018.2263868, 1670011103.841643, 1670011105.5189028, 1670011107.1007307, 1670011107.8315794, 1670011108.6032014, 1670011109.3849812, 1670011110.1488738, 1670011167.6801283, 1670011168.3488812, 1670011169.0902734, 1670011170.937759, 1670011172.7440658, 1670011174.353145, 1670011176.046489, 1670011235.470328, 1670011236.1575778, 1670011236.997064, 1670011237.7615716, 1670011238.5247874, 1670011239.2304034, 1670011239.9758866, 1670011299.5312266, 1670011301.3216624, 1670011302.927686, 1670011304.6500955, 1670011306.2371073, 1670011307.885358, 1670011309.6785553, 1670011390.8614163, 1670011391.6281574, 1670011392.543787, 1670011393.2549462, 1670011394.0125735, 1670011394.8389351, 1670011395.6385965, 1670011450.0153978, 1670011450.8711746, 1670011452.4325678, 1670011454.164336, 1670011455.7622592, 1670011456.4495986, 1670011457.2270572, 1670011537.7438512, 1670011539.337099, 1670011540.9328012, 1670011542.784474, 1670011544.9484773, 1670011547.1254225, 1670011548.659232, 1670011632.3218381, 1670011634.0847557, 1670011635.1668854, 1670011636.9456878, 1670011638.9709682, 1670011641.1386664, 1670011643.1476805, 1670011719.170778, 1670011721.0707715, 1670011723.100881, 1670011724.7487345, 1670011726.5800185, 1670011728.5978162, 1670011730.4421318, 1670011818.7521205, 1670011821.0391862, 1670011823.315736, 1670011825.1270788, 1670011826.9279664, 1670011828.701763, 1670011830.5215356, 1670011903.8412848, 1670011905.7547135, 1670011906.8011272, 1670011907.7604835, 1670011908.6912804, 1670011910.2542431, 1670011912.2691946, 1670011976.5676298, 1670011978.4765518, 1670011979.8263273, 1670011980.723517, 1670011981.5924656, 1670011982.5674844, 1670011984.4364624, 1670012068.1333764, 1670012070.3944945, 1670012072.4772809, 1670012074.3715146, 1670012076.2301874, 1670012078.1463616, 1670012080.1996663, 1670012147.5982497, 1670012149.0388746, 1670012149.7099316, 1670012151.5465705, 1670012152.9782825, 1670012153.4179409, 1670012154.2701888, 1670012155.0717685, 1670012155.964345, 1670012156.9178185, 1670012239.3730927, 1670012240.2509031, 1670012241.8974771, 1670012243.5117526, 1670012244.429506, 1670012245.3389375, 1670012246.2583168, 1670012319.8867846, 1670012321.8478837, 1670012323.5729313, 1670012325.9250393, 1670012327.8209338, 1670012329.7171135, 1670012331.6755853, 1670012405.0046413, 1670012406.9333832, 1670012408.761552, 1670012410.6669164, 1670012412.4770176, 1670012414.807282, 1670012416.8115578, 1670012499.6835616, 1670012500.8866227, 1670012502.7810953, 1670012504.7185519, 1670012506.4480093, 1670012508.2394595, 1670012510.1720119, 1670012512.2504313, 1670012571.9549277, 1670012573.0947158, 1670012574.0147195, 1670012575.2976847, 1670012577.173977, 1670012579.0446835, 1670012580.7714653, 1670012581.678898, 1670012647.486097, 1670012648.4438713, 1670012649.3290272, 1670012650.2508492, 1670012652.1136198, 1670012652.8263757, 1670012654.1409566, 1670012655.7719622, 1670012656.5981069, 1670012724.9901958, 1670012726.8211868, 1670012728.5128043, 1670012730.2523923, 1670012731.6080043, 1670012733.7467, 1670012734.7302544, 1670012736.789413, 1670012738.638529, 1670012816.1812294, 1670012816.832505, 1670012817.142962, 1670012818.0637488, 1670012818.9121993, 1670012819.8014226, 1670012820.3320365, 1670012820.7436695, 1670012821.0863812, 1670012821.3611712, 1670012822.249878, 1670012896.5357094, 1670012897.9327552, 1670012899.9897063, 1670012900.7270336, 1670012901.4079726, 1670012902.6223032, 1670012904.9052646, 1670012907.0033045, 1670012908.3904665, 1670012910.1941895, 1670013000.656218, 1670013002.5340798, 1670013004.766813, 1670013006.9976106, 1670013009.2414584, 1670013011.5240755, 1670013013.943264, 1670013089.2399833, 1670013090.1693504, 1670013090.5203617, 1670013092.3650095, 1670013094.0601888, 1670013095.2011921, 1670013097.007195, 1670013098.817265, 1670013151.6159678, 1670013152.2221832, 1670013153.1386764, 1670013154.3500001, 1670013155.10973, 1670013156.7221742, 1670013157.8342025, 1670013158.1869106, 1670013158.8807373, 1670013160.2423513, 1670013161.675928, 1670013214.1405377, 1670013214.7678597, 1670013215.938752, 1670013216.8253407, 1670013217.742849, 1670013217.9771237, 1670013218.5064902, 1670013218.9983754, 1670013219.3151188, 1670013219.6716273, 1670013221.2552722, 1670013223.0841208, 1670013281.6801553, 1670013282.2317474, 1670013282.7397134, 1670013283.434454, 1670013284.3887951, 1670013284.7316337, 1670013285.3538344, 1670013285.7459457, 1670013286.141221, 1670013286.357654, 1670013287.0572143, 1670013287.6002996, 1670013287.896799, 1670013288.804452, 1670013358.2113411, 1670013358.79267, 1670013359.155398, 1670013360.045531, 1670013360.7742603, 1670013361.5392573, 1670013362.8070195, 1670013363.5389938, 1670013364.0214443, 1670013364.6511467, 1670013365.203898, 1670013366.938933, 1670013367.8028266, 1670013368.3538432, 1670013369.8270981, 1670013370.7136707, 1670013428.1738179, 1670013428.9885364, 1670013430.459687, 1670013431.9823585, 1670013433.1635487, 1670013434.4489095, 1670013435.205172, 1670013436.635321, 1670013437.2301226, 1670013438.4597492, 1670013507.5928884, 1670013508.439749, 1670013508.999366, 1670013510.7683566, 1670013511.7287395, 1670013513.7235045, 1670013514.4567862, 1670013514.8634038, 1670013515.8776379, 1670013518.1775403, 1670013577.6374977, 1670013579.0694118, 1670013579.4465227, 1670013579.7974455, 1670013580.0744789, 1670013580.4646094, 1670013580.8691156, 1670013581.426161, 1670013581.7377126, 1670013582.147568, 1670013582.45722, 1670013583.515526, 1670013584.268279, 1670013585.4585671, 1670013586.1837246, 1670013587.3022416, 1670013653.2223127, 1670013654.3297749, 1670013655.6306643, 1670013656.7960846, 1670013657.3124456, 1670013657.7427616, 1670013657.9898572, 1670013658.5338156, 1670013658.9001195, 1670013659.1348553, 1670013660.3030326, 1670013660.615305, 1670013662.1936972, 1670013662.5083637, 1670013663.2148697, 1670013750.8712583, 1670013751.5606601, 1670013752.2829247, 1670013753.055507, 1670013753.8754878, 