{"initial_reset_timestamp": 1667107600.4555252, "timestamps": [1667107602.3906448, 1667107603.0414548, 1667107603.616488, 1667107604.3406966, 1667107604.9915984, 1667107605.7668576, 1667107606.228056, 1667107606.8465273, 1667107610.031761, 1667107610.5983489, 1667107611.1070726, 1667107611.854242, 1667107612.4109633, 1667107612.9697213, 1667107613.4940302, 1667107614.0885842, 1667107614.8634737, 1667107615.4741611, 1667107615.9861057, 1667107616.548986, 1667107617.1591532, 1667107617.8044138, 1667107618.6665003, 1667107619.3656616, 1667107620.2340846, 1667107620.7831233, 1667107621.594999, 1667107622.0229464, 1667107622.897033, 1667107623.6185358, 1667107624.1911752, 1667107624.8499742, 1667107625.5303626, 1667107626.1184464, 1667107626.953453, 1667107627.9757621, 1667107628.4917989, 1667107629.5077198, 1667107630.0826871, 1667107630.6806488, 1667107631.4807541, 1667107632.1439245, 1667107632.8643632, 1667107633.4226363, 1667107634.0540764, 1667107634.647596, 1667107635.5615573, 1667107636.0988622, 1667107637.0824509, 1667107637.8236372, 1667107638.7221227, 1667107639.4001598, 1667107639.983319, 1667107640.50193, 1667107640.9925022, 1667107641.4321675, 1667107641.8477018, 1667107642.543503, 1667107643.0881886, 1667107643.5500114, 1667107644.6259384, 1667107645.1630936, 1667107645.8678854, 1667107646.6591563, 1667107647.67975, 1667107648.3858626, 1667107649.053285, 1667107649.8303735, 1667107650.3699667, 1667107651.0849817, 1667107652.1293964, 1667107652.9528704, 1667107654.2390761, 1667107654.8352797, 1667107655.3462641, 1667107655.9311984, 1667107656.5602493, 1667107657.204372, 1667107658.124089, 1667107658.716626, 1667107659.7411103, 1667107660.5779672, 1667107661.4556487, 1667107662.1215668, 1667107662.656476, 1667107663.4160988, 1667107664.1312156, 1667107665.2707956, 1667107665.6979268, 1667107666.6406677, 1667107667.3159785, 1667107667.832203, 1667107669.1299233, 1667107669.7049541, 1667107670.2796335, 1667107670.8622098, 1667107671.5302372, 1667107672.371671, 1667107673.0975323, 1667107674.051999, 1667107675.241471, 1667107675.8876495, 1667107676.7063022, 1667107677.3308618, 1667107677.9346857, 1667107678.7676914, 1667107679.3073144, 1667107679.8597019, 1667107680.6869175, 1667107681.4216769, 1667107682.0150056, 1667107682.6052434, 1667107683.1934996, 1667107683.9319928, 1667107684.7652674, 1667107685.2950027, 1667107685.8803868, 1667107686.5707326, 1667107687.0907438, 1667107687.687404, 1667107688.3498795, 1667107688.9905865, 1667107689.7164202, 1667107690.7707691, 1667107691.1671586, 1667107692.3831682, 1667107692.940608, 1667107693.7462072, 1667107694.3882325, 1667107695.6539989, 1667107696.4548802, 1667107697.0337958, 1667107698.0217729, 1667107698.8883505, 1667107699.8736115, 1667107700.5753195, 1667107701.3245559, 1667107702.2119315, 1667107702.9958732, 1667107703.9139843, 1667107704.9464593, 1667107705.4925904, 1667107706.5027907, 1667107707.6646612, 1667107708.6418948, 1667107709.3364697, 1667107709.8593948, 1667107710.5263228, 1667107711.1663263, 1667107712.3527951, 1667107713.2345188, 1667107713.9581342, 1667107714.8502672, 1667107715.531562, 1667107716.116468, 1667107716.6819322, 1667107717.5995278, 1667107718.3229406, 1667107719.2364318, 1667107719.983127, 1667107720.4338932, 1667107720.9098413, 1667107721.6138563, 1667107722.2740254, 1667107722.933481, 1667107723.6065621, 1667107724.303658, 1667107724.8650386, 1667107725.5916147, 1667107726.2532778, 1667107727.0891802, 1667107727.7461953, 1667107728.25697, 1667107729.0489228, 1667107729.8057055, 1667107730.3408766, 1667107730.9239957, 1667107731.7430532, 1667107732.4860299, 1667107733.1908898, 1667107733.991741, 1667107734.770818, 1667107735.3294826, 1667107736.0296128, 1667107736.5637755, 1667107737.4466338, 1667107738.8889852, 1667107739.5220435, 1667107740.1902657, 1667107741.1982055, 1667107741.661504, 1667107742.6524203, 1667107743.3271985, 1667107744.2019386, 1667107745.0171466, 1667107745.8997576, 1667107746.653542, 1667107747.4596698, 1667107748.5214996, 1667107749.4748871, 1667107750.2175066, 1667107751.3124766, 1667107751.8054194, 1667107752.7610555, 1667107753.512123, 1667107754.5539703, 1667107755.685174, 1667107756.6125212, 1667107757.2926605, 1667107758.0697987, 1667107759.055652, 1667107759.8888452, 1667107760.569601, 1667107761.462706, 1667107762.293737, 1667107763.378564, 1667107764.6968305, 1667107765.59859, 1667107766.4746997, 1667107767.458533, 1667107768.0901017, 1667107768.7403405, 1667107769.4407592, 1667107770.408883, 1667107771.299179, 1667107772.1158175, 1667107772.9261653, 1667107773.868296, 1667107774.989557, 1667107775.7246983, 1667107776.4953434, 1667107777.2533236, 1667107778.2015831, 1667107779.2602503, 1667107780.1814473, 1667107780.9102364, 1667107781.70055, 1667107782.6023793, 1667107783.332404, 1667107784.2871747, 1667107785.0135598, 1667107786.2644281, 1667107787.19607, 1667107787.9016247, 1667107788.75072, 1667107789.7084653, 1667107791.14987, 1667107792.080907, 1667107792.7302768, 1667107793.7161665, 1667107794.5346363, 1667107795.046465, 1667107795.5656898, 1667107796.8603253, 1667107797.7085586, 1667107798.2173169, 1667107798.945088, 1667107799.768072, 1667107800.5851958, 1667107801.4149613, 1667107802.0913815, 1667107802.8002522, 1667107803.5418139, 1667107804.331467, 1667107805.0701451, 1667107806.0079005, 1667107806.5561686, 1667107807.3358731, 1667107808.2761972, 1667107809.2459733, 1667107810.6140225, 1667107811.3521342, 1667107812.331003, 1667107812.8189404, 1667107813.5416088, 1667107814.3169253, 1667107814.7936366, 1667107816.0880125, 1667107817.639614, 1667107818.750523, 1667107819.565422, 1667107820.9713793, 1667107821.6833472, 1667107822.5192063, 1667107823.3487203, 1667107825.194133, 1667107825.9902546, 1667107827.2942345, 1667107828.1998916, 1667107829.2169788, 1667107830.2533557, 1667107831.35077, 1667107832.349558, 1667107833.0901344, 1667107834.1042683, 1667107834.7037914, 1667107835.7275445, 1667107836.753433, 1667107837.291562, 1667107838.5009503, 1667107840.0207133, 1667107845.0489345, 1667107850.5712702, 1667107855.6962342, 1667107863.2285566, 1667107871.1408901, 1667107877.4177155, 1667107884.044799, 1667107890.178719, 1667107897.271875, 1667107904.7908533, 1667107911.369006, 1667107920.6849306, 1667107927.3765454, 1667107934.76125, 1667107940.1330771, 1667107947.2470686, 1667107958.6297317, 1667107962.8794632, 1667107971.208682, 1667107978.9913843, 1667107983.8736029, 1667107989.6698847, 1667107997.8640604, 1667108003.874054, 1667108010.4370258, 1667108016.173737, 1667108023.4069917, 1667108029.9347007, 1667108039.53572, 1667108046.3604004, 1667108051.6468108, 1667108058.832481, 1667108067.3017216, 1667108078.829512, 1667108083.995117, 1667108090.854327, 1667108098.8572695, 1667108105.8945465, 1667108111.524782, 1667108116.4746017, 1667108128.5697608, 1667108136.857123, 1667108143.9348245, 1667108150.8182666, 1667108157.3545265, 1667108168.6500826, 1667108176.1661136, 1667108182.4214509, 1667108190.9702814, 1667108197.7210479, 1667108206.1759355, 1667108212.1716406, 1667108218.1073794],