{"initial_reset_timestamp": 1667107509.1549904, "timestamps": [1667107511.2312493, 1667107511.8996613, 1667107512.4793208, 1667107513.2086785, 1667107513.8925476, 1667107514.659008, 1667107515.1267738, 1667107515.754691], "episode_lengths": [617, 685, 591, 780, 693, 829, 514, 669], "episode_rewards": [330.0, 290.0, 270.0, 470.0, 390.0, 560.0, 250.0, 280.0], "episode_types": ["t", "t", "t", "t", "t", "t", "t", "t", "t"]}