{"initial_reset_timestamp": 1669933972.5577476, "timestamps": [1669933978.5857744, 1669933978.8022294, 1669933979.147018, 1669933979.469937, 1669933979.7995477, 1669933980.136623, 1669933983.4047935, 1669933983.7122307, 1669933984.0287735, 1669933984.3389237, 1669933984.6528845, 1669933984.9396107, 1669933985.2982337, 1669933991.0191236, 1669933994.449958, 1669933998.2279062, 1669934002.7833076, 1669934008.5211687, 1669934014.1104598, 1669934019.75672, 1669934030.3539634, 1669934036.3692253, 1669934042.025077, 1669934046.4520032, 1669934051.927735, 1669934057.6013238, 1669934068.4334426, 1669934074.093707, 1669934079.8182607, 1669934085.5029707, 1669934090.572341, 1669934095.0593388, 1669934100.4167216, 1669934111.649865, 1669934117.3338077, 1669934122.7907429, 1669934128.2780795, 1669934133.6552935, 1669934138.6001632, 1669934143.28113, 1669934152.656591, 1669934158.3257618, 1669934163.731477, 1669934169.4368584, 1669934174.8556786, 1669934178.7969735, 1669934188.3830762, 1669934192.5386934, 1669934197.2594173, 1669934202.2285428, 1669934207.6249835, 1669934213.1001718, 1669934218.9783206, 1669934229.4520378, 1669934234.4657242, 1669934238.2198212, 1669934243.1673357, 1669934248.1256015, 1669934252.879288, 1669934258.282762, 1669934268.781111, 1669934271.2796128, 1669934276.5216546, 1669934281.6870034, 1669934285.0848234, 1669934288.4710786, 1669934292.1319196, 1669934294.3076568, 1669934299.3011425, 1669934306.1470034, 1669934310.9912343, 1669934313.8297977, 1669934316.984474, 1669934320.1900997, 1669934324.5984151, 1669934330.1011791, 1669934333.2148633, 1669934337.9722471, 1669934347.595085, 1669934351.9507232, 1669934356.1260402, 1669934360.977379, 1669934366.4697738, 1669934372.0662937, 1669934383.0466049, 1669934387.654113, 1669934392.7139318, 1669934397.6146107, 1669934402.3966467, 1669934405.4016128, 1669934409.7030866, 1669934420.5008528, 1669934425.4868512, 1669934430.821927, 1669934435.7664664, 1669934439.5999823, 1669934444.5450146, 1669934449.6497655, 1669934459.1176517, 1669934462.6969664, 1669934464.6055036, 1669934466.9838011, 1669934468.6904242, 1669934473.6299262, 1669934476.5268025, 1669934478.67958, 1669934482.7322664, 1669934484.6639829, 1669934489.0616267, 1669934490.1391973, 1669934496.8941827, 1669934498.9170303, 1669934500.9991028, 1669934502.653654, 1669934506.1720004, 1669934508.2060127, 1669934509.6240635, 1669934511.2365634, 1669934513.567286, 1669934518.4459867, 1669934519.4009273, 1669934521.5072458, 1669934526.6001987, 1669934535.5099719, 1669934536.6555862, 1669934540.4192164, 1669934542.1146991, 1669934544.2097833, 1669934546.9189427, 1669934549.2851825, 1669934551.5324373, 1669934553.986243, 1669934557.008397, 1669934561.5290918, 1669934564.54103, 1669934571.8646328, 1669934576.6677194, 1669934579.6204824, 1669934581.612582, 1669934583.6259422, 1669934585.2248023, 1669934586.5667717, 1669934588.1793187, 1669934589.4011025, 1669934591.4312887, 1669934592.6280851, 1669934593.912169, 1669934596.007088, 1669934599.1760843, 1669934600.9647207, 1669934603.2145514, 1669934604.6981654, 1669934612.8631353, 1669934613.879305, 1669934615.054582, 1669934616.429454, 1669934617.4017956, 1669934618.9529438, 1669934620.094648, 1669934621.1441126, 1669934622.3861868, 1669934623.4496331, 1669934625.2116132, 1669934626.6204534, 1669934627.903049, 1669934629.1828377, 1669934631.0831037, 1669934633.1387243, 1669934634.490118, 1669934636.1244056, 1669934637.5444567, 1669934639.6550856, 1669934641.4300237, 1669934642.6932704, 1669934643.9753504, 1669934651.8136046, 1669934653.0932043, 1669934654.64264, 1669934656.2783015, 1669934657.5500832, 1669934659.0628238, 1669934660.0371685, 1669934661.3595166, 1669934662.2927637, 1669934663.4000018, 1669934664.2994347, 1669934665.9133093, 1669934667.2907047, 1669934668.5780435, 1669934669.5808835, 1669934670.596963, 1669934671.985415, 1669934673.1918666, 1669934674.1593943, 1669934675.6434524, 1669934676.7410886, 1669934677.6075423, 1669934678.7761087, 1669934679.5541954, 1669934680.8011568, 1669934681.7143757, 1669934683.1935744], "episode_lengths": [150, 150, 150, 150, 150, 150, 150, 150, 150, 150, 150, 150, 150, 150, 150, 150, 150, 150, 150, 150, 150, 150, 150, 150, 150, 150, 150, 150, 150, 150, 150, 150, 150, 150, 150, 150, 150, 150, 150, 150, 150, 150, 150, 150, 150, 108, 150, 150, 150, 150, 150, 150, 150, 150, 150, 111, 150, 150, 150, 150, 150, 74, 150, 150, 105, 98, 101, 60, 150, 82, 150, 85, 88, 88, 121, 150, 87, 150, 150, 150, 150, 150, 150, 150, 150, 150, 150, 150, 150, 102, 150, 150, 150, 150, 150, 131, 150, 150, 150, 136, 59, 69, 47, 132, 83, 62, 120, 52, 137, 33, 48, 62, 71, 48, 108, 65, 48, 53, 79, 150, 30, 61, 150, 88, 33, 128, 59, 75, 88, 73, 64, 66, 88, 150, 105, 68, 135, 90, 64, 60, 49, 36, 46, 34, 62, 37, 35, 62, 95, 51, 66, 42, 49, 35, 40, 44, 33, 57, 45, 36, 37, 33, 53, 39, 35, 35, 52, 56, 37, 44, 39, 56, 46, 36, 43, 52, 36, 42, 44, 34, 46, 29, 47, 29, 38, 31, 59, 44, 42, 33, 35, 46, 37, 27, 45, 30, 21, 31, 21, 33, 24, 38], "episode_rewards": [-150.0, -150.0, -150.0, -150.0, -150.0, -150.0, -150.0, -150.0, -150.0, -150.0, -150.0, -150.0, -150.0, -150.0, -150.0, -150.0, -150.0, -150.0, -150.0, -150.0, -150.0, -150.0, -150.0, -150.0, -150.0, -150.0, -150.0, -150.0, -150.0, -150.0, -150.0, -150.0, -150.0, -150.0, -150.0, -150.0, -150.0, -150.0, -150.0, -150.0, -150.0, -150.0, -150.0, -150.0, -150.0, -107.0, -150.0, -150.0, -150.0, -150.0, -150.0, -150.0, -150.0, -150.0, -150.0, -110.0, -150.0, -150.0, -150.0, -150.0, -150.0, -73.0, -150.0, -150.0, -104.0, -97.0, -100.0, -59.0, -150.0, -81.0, -150.0, -84.0, -87.0, -87.0, -120.0, -150.0, -86.0, -150.0, -150.0, -150.0, -150.0, -150.0, -150.0, -150.0, -150.0, -150.0, -150.0, -150.0, -150.0, -101.0, -150.0, -150.0, -150.0, -150.0, -150.0, -130.0, -150.0, -150.0, -150.0, -135.0, -58.0, -68.0, -46.0, -131.0, -82.0, -61.0, -119.0, -51.0, -136.0, -32.0, -47.0, -61.0, -70.0, -47.0, -107.0, -64.0, -47.0, -52.0, -78.0, -150.0, -29.0, -60.0, -150.0, -87.0, -32.0, -127.0, -58.0, -74.0, -87.0, -72.0, -63.0, -65.0, -87.0, -150.0, -104.0, -67.0, -134.0, -89.0, -63.0, -59.0, -48.0, -35.0, -45.0, -33.0, -61.0, -36.0, -34.0, -61.0, -94.0, -50.0, -65.0, -41.0, -48.0, -34.0, -39.0, -43.0, -32.0, -56.0, -44.0, -35.0, -36.0, -32.0, -52.0, -38.0, -34.0, -34.0, -51.0, -55.0, -36.0, -43.0, -38.0, -55.0, -45.0, -35.0, -42.0, -51.0, -35.0, -41.0, -43.0, -33.0, -45.0, -28.0, -46.0, -28.0, -37.0, -30.0, -58.0, -43.0, -41.0, -32.0, -34.0, -45.0, -36.0, -26.0, -44.0, -29.0, -20.0, -30.0, -20.0, -32.0, -23.0, -37.0], "episode_types": ["t", "t", "t", "t", "t", "t", "t", "t", "t", "t", "t", "t", "t", "t", "t", "t", "t", "t", "t", "t", "t", "t", "t", "t", "t", "t", "t", "t", "t", "t", "t", "t", "t", "t", "t", "t", "t", "t", "t", "t", "t", "t", "t", "t", "t", "t", "t", "t", "t", "t", "t", "t", "t", "t", "t", "t", "t", "t", "t", "t", "t", "t", "t", "t", "t", "t", "t", "t", "t", "t", "t", "t", "t", "t", "t", "t", "t", "t", "t", "t", "t", "t", "t", "t", "t", "t", "t", "t", "t", "t", "t", "t", "t", "t", "t", "t", "t", "t", "t", "t", "t", "t", "t", "t", "t", "t", "t", "t", "t", "t", "t", "t", "t", "t", "t", "t", "t", "t", "t", "t", "t", "t", "t", "t", "t", "t", "t", "t", "t", "t", "t", "t", "t", "t", "t", "t", "t", "t", "t", "t", "t", "t", "t", "t", "t", "t", "t", "t", "t", "t", "t", "t", "t", "t", "t", "t", "t", "t", "t", "t", "t", "t", "t", "t", "t", "t", "t", "t", "t", "t", "t", "t", "t", "t", "t", "t", "t", "t", "t", "t", "t", "t", "t", "t", "t", "t", "t", "t", "t", "t", "t", "t", "t", "t", "t", "t", "t", "t", "t", "t", "t", "t", "t"]}