{"initial_reset_timestamp": 1670118119.688595, "timestamps": [1670118127.7382102, 1670118127.9488695, 1670118128.265801, 1670118128.563238, 1670118128.855832, 1670118129.146249, 1670118134.4125545, 1670118134.710242, 1670118135.000111, 1670118135.2898908, 1670118135.5727136, 1670118135.890238, 1670118136.1773353, 1670118144.5429873, 1670118149.7442272, 1670118155.0423627, 1670118160.174089, 1670118165.52983, 1670118170.7375958, 1670118173.3055553, 1670118183.6444118, 1670118188.9026666, 1670118192.5423179, 1670118197.7507002, 1670118202.946448, 1670118208.058251, 1670118218.2880483, 1670118223.3507378, 1670118228.5812604, 1670118233.8438983, 1670118239.2003207, 1670118244.5135405, 1670118250.0624094, 1670118260.4808497, 1670118265.6827114, 1670118271.0656788, 1670118276.4248507, 1670118281.4758542, 1670118286.5031393, 1670118291.9527175, 1670118302.1951036, 1670118307.4386168, 1670118312.822327, 1670118318.0733206, 1670118323.32884, 1670118328.5448716, 1670118333.7612662, 1670118343.9641063, 1670118349.2250695, 1670118354.4756649, 1670118359.0595934, 1670118364.4885647, 1670118369.7338817, 1670118380.06754, 1670118385.2951589, 1670118390.5759177, 1670118395.8082244, 1670118400.8740163, 1670118405.994721, 1670118411.0179906, 1670118421.196162, 1670118426.4892254, 1670118431.65447, 1670118436.7741897, 1670118442.0056422, 1670118447.3305225, 1670118452.5508883, 1670118463.1150727, 1670118468.4287472, 1670118470.6912308, 1670118475.764783, 1670118480.9829931, 1670118486.4245803, 1670118497.0402868, 1670118502.1916966, 1670118507.6269135, 1670118512.9476128, 1670118518.1080818, 1670118521.0698354, 1670118526.2048066, 1670118536.399232, 1670118541.7220895, 1670118546.9271302, 1670118552.2139862, 1670118557.3888893, 1670118562.5207164, 1670118567.5897212, 1670118577.83302, 1670118582.9861138, 1670118588.1824496, 1670118593.3328397, 1670118598.4576547, 1670118603.6859467, 1670118608.198538, 1670118618.6072261, 1670118623.7154186, 1670118629.2131472, 1670118634.4860072, 1670118639.7642176, 1670118644.9111085, 1670118655.1489615, 1670118660.6988482, 1670118665.941131, 1670118671.2293532, 1670118676.4235592, 1670118681.6965337, 1670118686.888171, 1670118696.753206, 1670118701.8740652, 1670118707.0796776, 1670118712.2772055, 1670118717.438324, 1670118722.4495206, 1670118727.727161, 1670118737.7789865, 1670118742.8850229, 1670118748.1357152, 1670118753.4357316, 1670118758.7564046, 1670118764.0720665, 1670118771.9964693, 1670118777.1518884, 1670118782.522785, 1670118787.7466903, 1670118792.9317896, 1670118798.1645336, 1670118803.4577508, 1670118813.41364, 1670118818.6808035, 1670118823.8625386, 1670118829.0507374, 1670118834.1626267, 1670118839.6547601, 1670118844.883313, 1670118854.4320529, 1670118859.5882037, 1670118864.7789676, 1670118870.0958827, 1670118875.7808332, 1670118881.2377234, 1670118891.719332, 1670118897.0390422, 1670118902.5443687, 1670118907.6535277, 1670118912.7953758, 1670118917.9349964, 1670118923.2312856, 1670118933.3546128, 1670118938.6036646, 1670118943.9782636, 1670118949.2240348, 1670118954.4804425, 1670118959.780629, 1670118964.929975, 1670118974.8409855, 1670118979.936025, 1670118985.14099, 1670118990.576137, 1670118995.8966062, 1670119001.0796263, 1670119011.5251086, 1670119016.9289901, 1670119022.4274645, 1670119027.7986379, 1670119033.2959788, 1670119038.8105555, 1670119044.222207, 1670119054.2670293, 1670119059.5320992, 1670119064.9733481, 1670119070.1889222, 1670119071.6906161, 1670119076.7583349, 1670119082.0123758, 1670119091.7339156, 1670119096.9211965, 1670119102.079868, 1670119106.753994, 1670119112.1647425, 1670119117.6455033, 1670119127.72475, 1670119133.0544538, 1670119138.2770913, 1670119143.7061083, 1670119148.9367626, 1670119154.4128916, 1670119159.3874466, 1670119169.2365007, 1670119174.2257707, 1670119179.3513482, 1670119184.3827152, 1670119189.9395828, 1670119195.0730736, 1670119200.5660694, 1670119210.7243872, 1670119215.867067, 1670119221.0191228, 1670119225.942248, 1670119230.9742444, 1670119236.184456, 1670119246.3773463, 1670119251.5261884, 1670119256.7924533, 1670119262.337563, 1670119267.4725857, 1670119272.807453, 1670119278.173346, 1670119288.51012, 1670119293.782575, 1670119299.1544366, 1670119304.4369905, 1670119309.600609, 1670119314.8170924, 1670119319.9301198, 1670119330.137298, 1670119335.5298975, 1670119340.9630563, 1670119346.4271936, 1670119351.5317688, 1670119356.38265, 1670119366.3843756, 1670119370.2575176, 1670119373.4577143, 1670119378.8625152, 1670119383.9848135, 1670119389.1377962, 1670119394.3154757, 1670119404.4211109, 1670119409.6466138, 1670119414.7474077, 1670119420.0755227, 1670119425.6368449, 1670119431.0951185, 1670119436.3833888, 1670119446.5315142, 1670119451.7874942, 1670119457.083973, 1670119462.2445197, 1670119467.2894378, 1670119472.431235, 1670119482.5673707, 1670119487.8823142, 1670119492.958157, 1670119498.3001518, 1670119503.592972, 1670119508.7882226, 1670119513.7573721, 1670119523.9356446, 1670119529.020635, 1670119534.2840304, 1670119539.415077, 1670119544.5657396, 1670119550.0677989, 1670119555.2718942, 1670119565.505648, 1670119570.785786, 1670119576.2262003, 1670119581.595606, 1670119586.7417986, 1670119591.9408896, 1670119602.0162184, 1670119606.8078022, 1670119612.0485234, 1670119617.1784515, 1670119622.3913732, 1670119627.609039, 1670119632.6563723, 1670119642.6994424, 1670119648.0047798, 1670119653.4184248, 1670119658.629214, 1670119663.779232, 1670119669.2644744, 1670119671.4127486, 1670119681.3853295, 1670119686.8322256, 1670119692.1692383, 1670119697.3707993, 1670119702.5847278, 1670119707.7582917, 1670119717.531116, 1670119722.700362, 1670119727.8269603, 1670119733.0501335, 1670119738.416627, 1670119743.4726334, 1670119748.668465, 1670119757.8885248, 1670119763.0433226, 1670119768.2362974, 1670119773.5908155, 1670119778.620828, 1670119783.702564, 1670119789.3866339, 1670119799.447677, 1670119804.6784587, 1670119809.946347, 1670119815.2861307, 1670119820.5328238, 1670119825.8415942, 1670119835.725429, 1670119840.7812653, 1670119845.9433484, 1670119851.2067716, 1670119856.4411812, 1670119861.1747823, 1670119866.3867803, 1670119876.4834259, 1670119881.7641034, 1670119887.0117314, 1670119892.2426713, 1670119897.5558546, 1670119902.8128803, 1670119908.022729, 1670119918.2769947, 1670119923.3725834, 1670119928.9100544, 1670119934.1976502, 1670119939.333896, 1670119944.6247098, 1670119955.1882057, 1670119960.4440339, 1670119965.8733177, 1670119969.564207, 1670119973.074818, 1670119978.3183408, 1670119983.5775936, 1670119993.4944148, 1670119998.778202, 1670120003.8684392, 1670120008.942244, 1670120014.1625056, 1670120019.3614447, 1670120024.5652485],