{"initial_reset_timestamp": 1670118121.6906798, "timestamps": [1670118123.8307197, 1670118124.5761998, 1670118125.222382, 1670118125.814121, 1670118126.3404765, 1670118126.9725046, 1670118127.6723156, 1670118130.5370584, 1670118131.1316078, 1670118131.8203404, 1670118132.4225075, 1670118133.0283933, 1670118133.6180458, 1670118134.3353117, 1670118137.556842, 1670118138.1938207, 1670118138.7829344, 1670118139.3170564, 1670118139.9885426, 1670118140.5991168, 1670118141.1726246, 1670118174.6977215, 1670118175.3856106, 1670118176.0034368, 1670118176.5812085, 1670118177.165758, 1670118177.8713055, 1670118178.5882905, 1670118214.5510626, 1670118215.16909, 1670118215.7052119, 1670118216.381371, 1670118217.1092892, 1670118217.685612, 1670118218.2366352, 1670118254.787806, 1670118255.472428, 1670118256.0802832, 1670118256.6569223, 1670118257.233089, 1670118257.9541464, 1670118258.631993, 1670118295.1086051, 1670118295.724955, 1670118296.2786338, 1670118296.981442, 1670118297.7212772, 1670118298.3747087, 1670118298.966446, 1670118335.2837617, 1670118335.9627082, 1670118336.5648768, 1670118337.0629566, 1670118337.594756, 1670118338.3065891, 1670118338.9656427, 1670118374.7363153, 1670118375.3781416, 1670118376.0659904, 1670118376.6900456, 1670118377.2418475, 1670118377.8335807, 1670118378.538326, 1670118414.2659144, 1670118414.9478476, 1670118415.6354954, 1670118416.3523157, 1670118416.906571, 1670118417.4420075, 1670118418.1023316, 1670118454.1862278, 1670118454.9133773, 1670118455.579767, 1670118456.2389426, 1670118456.8182614, 1670118457.5089397, 1670118458.2063508, 1670118491.6269407, 1670118492.2796366, 1670118492.886446, 1670118493.4435961, 1670118494.0854905, 1670118494.8053477, 1670118495.5403223, 1670118531.8691278, 1670118532.5892425, 1670118533.1861515, 1670118533.6410341, 1670118534.2722363, 1670118534.8656144, 1670118535.2923555, 1670118571.4792323, 1670118571.923279, 1670118572.5063276, 1670118573.1992521, 1670118573.8654308, 1670118574.4586456, 1670118574.919451, 1670118610.4067159, 1670118610.8865964, 1670118611.4857504, 1670118612.1850548, 1670118612.8743973, 1670118613.4740791, 1670118614.0003436, 1670118650.4463022, 1670118650.9690454, 1670118651.62066, 1670118652.309898, 1670118652.7937148, 1670118653.402913, 1670118654.1472383, 1670118690.5289066, 1670118691.162566, 1670118691.7162673, 1670118692.1630595, 1670118692.8810356, 1670118693.461935, 1670118693.9404778, 1670118729.7385967, 1670118730.223945, 1670118730.9309096, 1670118731.6040351, 1670118732.0225582, 1670118732.6731663, 1670118733.3648753, 1670118769.4373922, 1670118770.125309, 1670118770.2922854, 1670118770.4555514, 1670118770.7360497, 1670118770.9075098, 1670118771.0641053, 1670118807.2394502, 1670118807.6888607, 1670118808.1801815, 1670118808.8362525, 1670118809.5718915, 1670118810.178807, 1670118810.6136534, 1670118847.0067382, 1670118847.6041424, 1670118848.0460014, 1670118848.6931224, 1670118849.3654616, 1670118849.8151217, 1670118850.460901, 1670118886.9509952, 1670118887.4437752, 1670118888.0763223, 1670118888.729977, 1670118889.1711729, 1670118889.8004963, 1670118890.5667937, 1670118926.9033346, 1670118927.5367975, 1670118928.274631, 1670118928.8518417, 1670118929.3299022, 1670118929.9804153, 1670118930.6642394, 1670118966.9785616, 1670118967.662554, 1670118968.22582, 1670118968.6782215, 1670118969.414813, 1670118970.0275385, 1670118970.4924572, 1670119006.7096078, 1670119007.3329608, 1670119008.062725, 1670119008.743623, 1670119009.311973, 1670119009.8159773, 1670119010.4907887, 1670119047.8104374, 1670119048.4424286, 1670119049.147086, 1670119049.7873058, 1670119050.2927754, 1670119050.7672665, 1670119051.4155426, 1670119084.1236734, 1670119084.7230563, 1670119085.1408992, 1670119085.7975905, 1670119086.3749428, 1670119086.8220224, 1670119087.4371533, 1670119123.2491362, 1670119123.8888307, 1670119124.4737203, 1670119124.9400046, 1670119125.6117964, 1670119126.1922836, 1670119126.6926932, 1670119163.111163, 1670119163.6439583, 1670119164.3788512, 1670119164.9642186, 1670119165.406663, 1670119166.0257244, 1670119166.626504, 1670119202.6518905, 1670119203.2265058, 1670119203.635812, 1670119204.2898066, 1670119204.9063883, 1670119205.4307122, 1670119205.976649, 1670119241.687706, 1670119242.4213457, 1670119242.9549189, 1670119243.464035, 1670119244.214693, 1670119244.7920518, 1670119245.2920103, 1670119282.0273046, 1670119282.7591999, 1670119283.3356164, 1670119283.8151784, 1670119284.4417555, 1670119284.9958959, 1670119285.4000025, 1670119322.0699735, 1670119322.5571938, 1670119323.2156491, 1670119323.8086686, 1670119324.2783625, 1670119324.9437065, 1670119325.4881113, 1670119361.9423857, 1670119362.57481, 1670119363.143009, 1670119363.5233965, 1670119364.2241914, 1670119364.8271825, 1670119365.2934268, 1670119398.0565321, 1670119398.5851514, 1670119399.2768345, 1670119399.9619787, 1670119400.5172477, 1670119400.9718459, 1670119401.638404, 1670119438.3226938, 1670119439.0421193, 1670119439.7678218, 1670119440.3148344, 1670119440.8071265, 1670119441.4284413, 1670119441.998939, 1670119477.7693763, 1670119478.4461138, 1670119479.1207561, 1670119479.5805898, 1670119480.1559663, 1670119480.8360412, 1670119481.5239732, 1670119517.410416, 1670119518.122499, 1670119518.8416812, 1670119519.4452052, 1670119520.0352674, 1670119520.6507106, 1670119521.355225, 1670119557.3113425, 1670119557.8976455, 1670119558.4012341, 1670119558.9852328, 1670119559.7362957, 1670119560.407469, 1670119560.985936, 1670119597.3322399, 1670119597.9648356, 1670119598.5744221, 1670119598.9914916, 1670119599.6405468, 1670119600.3398297, 1670119600.888395, 1670119636.2581146, 1670119636.9227312, 1670119637.6115408, 1670119638.188694, 1670119638.6356888, 1670119639.2551053, 1670119639.9783785, 1670119672.920494, 1670119673.407411, 1670119674.1216507, 1670119674.7110043, 1670119675.266071, 1670119675.9187245, 1670119676.613747, 1670119713.3430004, 1670119713.9285598, 1670119714.3306077, 1670119714.9425008, 1670119715.4979684, 1670119715.9319131, 1670119716.5578458, 1670119752.2680848, 1670119752.9341383, 1670119753.4797602, 1670119753.9249692, 1670119754.6048114, 1670119755.194982, 1670119755.6679766, 1670119791.9544256, 1670119792.477823, 1670119793.136871, 1670119793.7457983, 1670119794.2565024, 1670119794.8883739, 1670119795.5147848, 1670119832.055779, 1670119832.6014628, 1670119833.013438, 1670119833.6207552, 1670119834.174942, 1670119834.6377716, 1670119835.2486832, 1670119870.9031265, 1670119871.3521307, 1670119871.9737666, 1670119872.562043, 1670119873.0534172, 1670119873.6331182, 1670119874.3291886, 1670119910.8252778, 1670119911.3024669, 1670119911.9711666, 1670119912.657097, 1670119913.2494009, 1670119913.8214529, 1670119914.2896948, 1670119950.8992233, 1670119951.5436418, 1670119952.2748125, 1670119952.9795685, 1670119953.5297685, 1670119954.0319493, 1670119954.7431796, 1670119987.8038783, 1670119988.4013577, 1670119989.0449662, 1670119989.4172702, 1670119990.04085, 1670119990.7445416, 1670119991.278],