{"initial_reset_timestamp": 1670035266.9251182, "timestamps": [1670035268.8211572, 1670035269.586948, 1670035270.512623, 1670035271.4084754, 1670035272.092278, 1670035272.942888, 1670035273.9977343, 1670035277.4201958, 1670035278.2316694, 1670035279.1175609, 1670035280.0386882, 1670035280.7830071, 1670035281.616442, 1670035282.6219006, 1670035283.6526866, 1670035287.1720486, 1670035288.059412, 1670035288.94881, 1670035289.9826353, 1670035290.6725152, 1670035291.60998, 1670035292.6262083, 1670035293.6707525], "episode_lengths": [150, 150, 150, 150, 150, 150, 150, 150, 150, 150, 150, 66, 150, 150, 150, 54, 150, 150, 150, 150, 150, 150, 150], "episode_rewards": [-150.0, -150.0, -150.0, -150.0, -150.0, -150.0, -150.0, -150.0, -150.0, -150.0, -150.0, -65.0, -150.0, -150.0, -150.0, -53.0, -150.0, -150.0, -150.0, -150.0, -150.0, -150.0, -150.0], "episode_types": ["t", "t", "t", "t", "t", "t", "t", "t", "t", "t", "t", "t", "t", "t", "t", "t", "t", "t", "t", "t", "t", "t", "t"]}