{"initial_reset_timestamp": 1670035264.3821266, "timestamps": [1670035274.0647385, 1670035274.2782605, 1670035274.607524, 1670035274.9364781, 1670035275.2485402, 1670035275.5565033, 1670035283.7212222, 1670035284.0530756, 1670035284.337875, 1670035284.6396306, 1670035284.9621918, 1670035285.2739844, 1670035285.63443, 1670035318.5289252, 1670035380.7692015], "episode_lengths": [150, 150, 150, 150, 150, 150, 146, 150, 121, 150, 150, 149, 150, 150, 150], "episode_rewards": [-150.0, -150.0, -150.0, -150.0, -150.0, -150.0, -145.0, -150.0, -120.0, -150.0, -150.0, -148.0, -150.0, -150.0, -150.0], "episode_types": ["t", "t", "t", "t", "t", "t", "t", "t", "t", "t", "t", "t", "t", "t", "t", "t"]}