{"initial_reset_timestamp": 1669940779.60749, "timestamps": [1669940786.6410422, 1669940786.874741, 1669940787.1894407, 1669940787.5159001, 1669940787.8304837, 1669940788.0753295, 1669940788.422552, 1669940792.5296185, 1669940792.841304, 1669940793.1570327, 1669940793.4734466, 1669940793.759701, 1669940794.0429819, 1669940800.0929787, 1669940803.9967272, 1669940809.0292907, 1669940815.1385808, 1669940822.4329803, 1669940829.5402293, 1669940836.7184937, 1669940850.7289827, 1669940856.521697, 1669940862.7302678, 1669940867.6321971, 1669940869.7934961, 1669940873.2434592, 1669940880.855254, 1669940885.5301707, 1669940890.7748904, 1669940900.2634356, 1669940906.599881, 1669940911.6472533, 1669940914.7348027, 1669940919.3189175, 1669940921.5856817, 1669940927.1431718, 1669940933.9817684, 1669940941.2597713, 1669940954.432329, 1669940961.0255582, 1669940967.0529487, 1669940974.3912203, 1669940980.7338524, 1669940984.9213076, 1669940990.7904985, 1669941001.9233017, 1669941006.653433, 1669941009.759256, 1669941017.0178223, 1669941021.6320336, 1669941028.8234508, 1669941034.066523, 1669941040.9160652, 1669941051.648359, 1669941054.3092835, 1669941060.6708927, 1669941065.295611, 1669941068.877518, 1669941073.5887675, 1669941076.8290536, 1669941078.9282086, 1669941080.5466886, 1669941082.7119436, 1669941084.827434, 1669941086.5970943, 1669941089.546588, 1669941091.6422427, 1669941103.7709866, 1669941106.097649, 1669941108.1217253, 1669941109.6499581, 1669941111.0610895, 1669941112.7494226, 1669941114.1368399, 1669941116.0736454, 1669941118.0990772, 1669941120.85002, 1669941124.381959, 1669941126.8120298, 1669941129.0147693, 1669941131.322398, 1669941134.434988, 1669941137.170251, 1669941141.9812894, 1669941145.6666899, 1669941155.3782473, 1669941158.400754, 1669941159.5393746, 1669941160.8881352, 1669941162.1581721, 1669941164.2421396, 1669941166.0432627, 1669941168.447166, 1669941169.7309353, 1669941171.4016054, 1669941173.0039332, 1669941175.4475439, 1669941177.0971487, 1669941179.688776, 1669941183.3659732, 1669941185.6649477, 1669941188.1776326, 1669941189.7648592, 1669941192.8532248, 1669941203.7345304, 1669941205.7846444, 1669941208.634147, 1669941211.452338, 1669941214.926664, 1669941216.312681, 1669941217.4711795, 1669941220.8527997, 1669941223.0151505, 1669941224.9517858, 1669941226.528213, 1669941227.6541193, 1669941229.2446964, 1669941231.047389, 1669941231.6528141, 1669941232.9506178, 1669941235.3496802, 1669941237.0177548, 1669941238.9489555, 1669941240.1091638, 1669941242.1376164, 1669941244.0228026, 1669941253.2546294, 1669941255.8123305, 1669941258.0195298, 1669941259.9569094, 1669941261.3748, 1669941262.5469363, 1669941264.4075837, 1669941266.1034064, 1669941269.1294453, 1669941270.38798, 1669941272.6955702, 1669941275.161912, 1669941276.8110607, 1669941278.9490855, 1669941280.7971601, 1669941282.0331306, 1669941283.6133246, 1669941285.0668976, 1669941286.281218, 1669941289.356335, 1669941290.4670508, 1669941291.9033883, 1669941292.898842, 1669941293.956113, 1669941295.3797324, 1669941296.3081298, 1669941303.750465, 1669941305.5777209, 1669941307.1960943, 1669941309.7873387, 1669941311.154042, 1669941312.9135764, 1669941315.1560633, 1669941317.6941435, 1669941319.5665014, 1669941321.3998213, 1669941322.862706, 1669941324.149906, 1669941325.5581744, 1669941327.2746563, 1669941328.583596, 1669941330.9896278, 1669941332.2849283, 1669941334.03215, 1669941336.1822104, 1669941338.3045413, 1669941339.8792715, 1669941342.7192864, 1669941345.1364243, 1669941346.6566846, 1669941348.5513127, 1669941356.8685157, 1669941357.791625, 1669941359.4437308, 1669941362.2772348, 1669941364.0665114, 1669941365.8805952, 1669941367.1689107, 1669941368.3840022, 1669941369.463507, 1669941371.3322167, 1669941372.9483356, 1669941374.9210367, 1669941376.6951187, 1669941378.7103388, 1669941380.5843444, 1669941382.8622422, 1669941384.43079, 1669941386.0056305, 1669941386.9215107, 1669941388.9239967, 1669941390.4935853, 1669941393.108625, 1669941394.4918578, 1669941395.8156302, 1669941399.205602, 1669941400.5839431, 1669941410.5184474, 1669941412.5379915, 1669941413.715742, 1669941415.5957677, 1669941416.9935195, 1669941418.2285373, 1669941419.1426282, 1669941420.1591198, 1669941421.8980546, 1669941423.2045202, 1669941424.590394, 1669941425.6541011, 1669941428.00902, 1669941430.0138867, 1669941432.017526, 1669941433.632359, 1669941434.8004596, 1669941436.2274475, 1669941438.7100875, 1669941440.157884, 1669941441.8042073, 1669941444.0058186, 1669941446.319838, 1669941447.5187845, 1669941448.499971, 1669941450.27561, 1669941460.1006534, 1669941461.3206055, 1669941463.2413273, 1669941464.1998792, 1669941466.0955446, 1669941467.0142667, 1669941468.3997395, 1669941469.5070715, 1669941471.1116743, 1669941472.3061872, 1669941473.670295, 1669941475.7990413, 1669941477.6172698, 1669941479.566304, 1669941480.8482668, 1669941481.9044485, 1669941482.9226468, 1669941483.7723694, 1669941485.6437101, 1669941486.8446743, 1669941487.7264369, 1669941489.1224506, 1669941490.458828, 1669941492.051619, 1669941492.8648965, 1669941493.8796625, 1669941495.3912735, 1669941496.7140126, 1669941498.0925064, 1669941500.0503302, 1669941510.1776013, 1669941511.032612, 1669941513.04415, 1669941514.3538532, 1669941516.5929585, 1669941518.3394074, 1669941519.7751265, 1669941521.779619, 1669941523.482687, 1669941525.3971167, 1669941526.3760407, 1669941528.64745, 1669941529.9563208, 1669941531.2452188, 1669941532.2306345, 1669941533.2400076, 1669941535.3546638, 1669941537.860401, 1669941539.1357832, 1669941540.5674868, 1669941541.6375737, 1669941542.474644, 1669941543.4649746, 1669941544.965898, 1669941545.8821485, 1669941546.7209194, 1669941547.5982156, 1669941548.4475565, 1669941549.5490487, 1669941550.7597814, 1669941559.7406404, 1669941560.7814388, 1669941561.8126595, 1669941564.6719785, 1669941565.7566407, 1669941567.7873387, 1669941569.5155003, 1669941570.7406132, 1669941572.21423, 1669941573.7101097, 1669941575.305161, 1669941576.611554, 1669941578.1222622, 1669941580.1761246, 1669941581.2371397, 1669941582.5991523, 1669941584.092567, 1669941585.834627, 1669941586.6550515, 1669941588.1355174, 1669941589.2903807, 1669941590.595007, 1669941592.0236878, 1669941593.5748057, 1669941594.677449, 1669941596.1184547, 1669941597.7593648, 1669941598.6376107, 1669941600.4752889, 1669941602.8230658, 1669941611.540906, 1669941612.6323292, 1669941614.5352669, 1669941616.2039163, 1669941617.5401204, 1669941618.9472728, 1669941620.0210476, 1669941621.4782085, 1669941625.4860923, 1669941627.3363583, 1669941628.8595858, 1669941629.9681027, 1669941631.3977199, 1669941632.7591665, 1669941634.3842564, 1669941635.7914524, 1669941637.3630416, 1669941638.504433, 1669941640.9853225, 1669941642.400363, 1669941643.5705717, 1669941644.638617, 1669941645.889287, 1669941647.3739722, 1669941648.316641, 1669941649.3398187, 1669941650.6611712, 1669941652.2287405, 1669941653.5300682, 1669941654.9189813, 1669941655.8230083, 1669941665.3750794, 1669941666.537974, 1669941667.4999368, 1669941668.7809126, 1669941669.7488518, 1669941670.6838577, 1669941671.7644086, 1669941673.1902668, 1669941674.5477731, 1669941675.6796274, 1669941676.6019647, 1669941677.6450734, 1669941678.4994395, 1669941679.9266458, 1669941681.530184, 1669941682.9658825, 1669941684.6210535, 1669941685.7872417, 1669941687.1665204, 1669941689.0245013, 1669941690.728521, 1669941691.8446267, 1669941693.1962025, 1669941694.5040069, 1669941696.0251577, 1669941697.2429883, 1669941698.4647644, 1669941699.8033385, 1669941701.3230987, 1669941703.3436449, 1669941704.4563417, 1669941706.2593482, 1669941707.4854257],