{"initial_reset_timestamp": 1670030926.684785, "timestamps": [1670030941.855087, 1670030942.035555, 1670030942.2309844, 1670030942.4270546, 1670030942.5953615, 1670030942.8748572, 1670030943.1370945, 1670030943.520943, 1670030943.7256584, 1670030943.9572837, 1670030944.178665, 1670030944.4061778, 1670030944.622276, 1670030944.8670497, 1670030945.1002886, 1670030945.32846, 1670030945.5494454, 1670030945.7721767, 1670030945.9973886, 1670030946.2360554, 1670030958.2795558, 1670030958.501994, 1670030958.7003825, 1670030959.0933943, 1670030959.3150096, 1670030959.5063162, 1670030959.7602403, 1670030959.9599063, 1670030960.1515892, 1670030960.3483214, 1670030960.5536988, 1670030960.7595623, 1670030960.9710438, 1670030961.207755, 1670030961.4089863, 1670030961.5987084, 1670030961.9177902, 1670030962.1374009, 1670030962.3807693, 1670030962.621776, 1670030976.985287, 1670030979.9511812, 1670030982.8924153, 1670030985.6065564, 1670030988.3374925, 1670030991.1628935, 1670030994.111327, 1670030996.770987, 1670030999.9633205, 1670031002.8077903, 1670031005.7538028, 1670031008.5723772, 1670031011.4631758, 1670031014.4931352, 1670031017.361651, 1670031020.5148377, 1670031023.6924555, 1670031026.8174334, 1670031029.8630877, 1670031032.9252458, 1670031046.5084083, 1670031048.9958673, 1670031051.4214501, 1670031054.4296925, 1670031057.363673, 1670031059.3078353, 1670031062.1588113, 1670031064.8523026, 1670031067.523639, 1670031070.6151283, 1670031073.363661, 1670031076.1962008, 1670031078.9954336, 1670031081.5815191, 1670031084.0713363, 1670031085.86773, 1670031088.8605747, 1670031092.09245, 1670031093.9239702, 1670031094.9812355, 1670031096.5692673, 1670031098.4855008, 1670031112.735536, 1670031114.1138165, 1670031117.1291676, 1670031118.8121681, 1670031121.2803862, 1670031123.2016118, 1670031124.595395, 1670031126.1219125, 1670031128.5752544, 1670031130.1901464, 1670031131.7014894, 1670031132.972282, 1670031134.210871, 1670031135.7918198, 1670031137.4875765, 1670031138.5087936, 1670031139.6182694, 1670031140.6756277, 1670031141.9891987, 1670031143.2072902, 1670031144.0739594, 1670031145.4384434, 1670031147.3164, 1670031148.2322128, 1670031149.3744543, 1670031150.2387464, 1670031151.7625144, 1670031153.2143037, 1670031154.208804, 1670031155.4817078, 1670031157.1689208, 1670031159.229629, 1670031160.77795, 1670031161.9104598, 1670031163.5129418, 1670031164.6500218, 1670031165.510475, 1670031166.7204278, 1670031167.8492024, 1670031168.7099645, 1670031170.4151719, 1670031171.539693, 1670031172.3110385, 1670031173.7356296, 1670031175.5923116, 1670031188.7668061, 1670031190.12762, 1670031190.7910957, 1670031192.047167, 1670031193.5042598, 1670031194.4533274, 1670031195.7588186, 1670031197.4419897, 1670031198.670668, 1670031200.1930475, 1670031201.5432637, 1670031202.609761, 1670031203.9800735, 1670031204.9766488, 1670031206.7924788, 1670031208.686728, 1670031210.3370824, 1670031211.3822157, 1670031213.0700812, 1670031214.115076, 1670031215.3206005, 1670031216.7378967, 1670031218.4315114, 1670031219.8501148, 1670031221.2261992, 1670031222.78702, 1670031223.8154175, 1670031224.8448763, 1670031226.11822, 1670031227.401624, 1670031229.16466, 1670031230.3595169, 1670031231.5769303, 1670031232.683429, 1670031233.7645388, 1670031234.7145731, 1670031235.5949068, 1670031237.5803103, 1670031238.455921, 1670031239.5810924, 1670031240.8078692, 1670031242.3029675, 1670031243.6226583, 1670031244.654016, 1670031246.1182692, 1670031248.119374, 1670031249.1858735, 1670031262.0740829, 1670031263.3341498, 1670031265.1492045, 1670031266.3064806, 1670031267.5109367, 1670031268.5331132, 1670031269.6884923, 1670031270.8349845, 1670031272.0661044, 1670031273.2543848], "episode_lengths": [50, 50, 50, 50, 50, 50, 50, 50, 50, 50, 50, 50, 50, 50, 50, 50, 50, 50, 50, 50, 50, 50, 50, 50, 50, 50, 50, 50, 50, 50, 50, 50, 50, 50, 50, 50, 50, 50, 50, 50, 50, 50, 50, 50, 50, 50, 50, 50, 50, 50, 50, 50, 50, 50, 50, 50, 50, 50, 50, 50, 50, 50, 50, 50, 50, 37, 50, 50, 45, 50, 50, 50, 50, 50, 41, 32, 50, 50, 29, 17, 23, 31, 50, 21, 48, 25, 39, 31, 24, 26, 39, 27, 23, 19, 17, 27, 29, 17, 18, 21, 20, 20, 12, 19, 31, 14, 17, 12, 26, 26, 15, 17, 20, 32, 23, 16, 31, 17, 13, 20, 23, 12, 31, 16, 12, 21, 29, 32, 20, 12, 19, 24, 14, 19, 27, 18, 26, 23, 19, 27, 18, 30, 32, 26, 19, 27, 18, 19, 19, 25, 21, 20, 25, 15, 17, 21, 19, 26, 22, 21, 19, 16, 16, 14, 36, 14, 19, 19, 19, 17, 15, 24, 32, 16, 22, 18, 31, 16, 16, 18, 18, 20, 22, 19], "episode_rewards": [-50.0, -50.0, -50.0, -50.0, -50.0, -50.0, -50.0, -50.0, -50.0, -50.0, -50.0, -50.0, -50.0, -50.0, -50.0, -50.0, -50.0, -50.0, -50.0, -50.0, -50.0, -50.0, -50.0, -50.0, -50.0, -50.0, -50.0, -50.0, -50.0, -50.0, -50.0, -50.0, -50.0, -50.0, -50.0, -50.0, -50.0, -50.0, -50.0, -50.0, -50.0, -49.0, -50.0, -50.0, -50.0, -50.0, -50.0, -50.0, -50.0, -50.0, -50.0, -50.0, -50.0, -50.0, -50.0, -50.0, -50.0, -50.0, -50.0, -50.0, -50.0, -50.0, -50.0, -50.0, -50.0, -36.0, -50.0, -50.0, -44.0, -49.0, -50.0, -50.0, -50.0, -50.0, -40.0, -31.0, -50.0, -50.0, -28.0, -16.0, -22.0, -30.0, -50.0, -20.0, -47.0, -24.0, -38.0, -30.0, -23.0, -25.0, -38.0, -26.0, -22.0, -18.0, -16.0, -26.0, -28.0, -16.0, -17.0, -20.0, -19.0, -19.0, -11.0, -18.0, -30.0, -13.0, -16.0, -11.0, -25.0, -25.0, -14.0, -16.0, -19.0, -31.0, -22.0, -15.0, -30.0, -16.0, -12.0, -19.0, -22.0, -11.0, -30.0, -15.0, -11.0, -20.0, -28.0, -31.0, -19.0, -11.0, -18.0, -23.0, -13.0, -18.0, -26.0, -17.0, -25.0, -22.0, -18.0, -26.0, -17.0, -29.0, -31.0, -25.0, -18.0, -26.0, -17.0, -18.0, -18.0, -24.0, -20.0, -19.0, -24.0, -14.0, -16.0, -20.0, -18.0, -25.0, -21.0, -20.0, -18.0, -15.0, -15.0, -13.0, -35.0, -13.0, -18.0, -18.0, -18.0, -16.0, -14.0, -23.0, -31.0, -15.0, -21.0, -17.0, -30.0, -15.0, -15.0, -17.0, -17.0, -19.0, -21.0, -18.0], "episode_types": ["t", "t", "t", "t", "t", "t", "t", "t", "t", "t", "t", "t", "t", "t", "t", "t", "t", "t", "t", "t", "t", "t", "t", "t", "t", "t", "t", "t", "t", "t", "t", "t", "t", "t", "t", "t", "t", "t", "t", "t", "t", "t", "t", "t", "t", "t", "t", "t", "t", "t", "t", "t", "t", "t", "t", "t", "t", "t", "t", "t", "t", "t", "t", "t", "t", "t", "t", "t", "t", "t", "t", "t", "t", "t", "t", "t", "t", "t", "t", "t", "t", "t", "t", "t", "t", "t", "t", "t", "t", "t", "t", "t", "t", "t", "t", "t", "t", "t", "t", "t", "t", "t", "t", "t", "t", "t", "t", "t", "t", "t", "t", "t", "t", "t", "t", "t", "t", "t", "t", "t", "t", "t", "t", "t", "t", "t", "t", "t", "t", "t", "t", "t", "t", "t", "t", "t", "t", "t", "t", "t", "t", "t", "t", "t", "t", "t", "t", "t", "t", "t", "t", "t", "t", "t", "t", "t", "t", "t", "t", "t", "t", "t", "t", "t", "t", "t", "t", "t", "t", "t", "t", "t", "t", "t", "t", "t", "t", "t", "t", "t", "t", "t", "t", "t", "t"]}