{"initial_reset_timestamp": 1670030929.275113, "timestamps": [1670030931.2507799, 1670030931.7136583, 1670030932.2293377, 1670030932.6592352, 1670030933.1888576, 1670030933.808045, 1670030934.43982, 1670030935.078425, 1670030935.7159936, 1670030936.3584418, 1670030936.8709934, 1670030937.3482888, 1670030937.8430667, 1670030938.4709914, 1670030939.1259704, 1670030939.7538564, 1670030940.2529523, 1670030940.6604419, 1670030941.2163, 1670030941.8330543, 1670030947.9573174, 1670030948.4466128, 1670030948.8280256, 1670030949.418755, 1670030950.0249467, 1670030950.606846, 1670030951.132195, 1670030951.5704372, 1670030952.2505336, 1670030952.9037395, 1670030953.4842384, 1670030954.0885, 1670030954.5522244, 1670030955.0217762, 1670030955.598236, 1670030956.2516642, 1670030956.6777277, 1670030957.1306164, 1670030957.7050552, 1670030958.2011302, 1670030964.0429878, 1670030964.6331441, 1670030965.2886374, 1670030965.7218115, 1670030966.2024105, 1670030966.841747, 1670030967.4194603, 1670030968.013529, 1670030968.4861639, 1670030968.9991882, 1670030969.6259065, 1670030970.2398093, 1670030970.684821, 1670030971.099516, 1670030971.6897252, 1670030972.3268168, 1670030972.9360907, 1670030973.3898017, 1670030974.0382044, 1670030974.3421302, 1670031034.4146163, 1670031034.9066415, 1670031035.4691348, 1670031035.8611686, 1670031036.3123846, 1670031036.872118, 1670031037.270743, 1670031037.69596, 1670031038.2746458, 1670031038.9094012, 1670031039.4133573, 1670031039.7664695, 1670031040.3168898, 1670031040.8675904, 1670031041.645907, 1670031042.0936215, 1670031042.5133247, 1670031043.0386064, 1670031043.5582368, 1670031043.9044645, 1670031102.893572, 1670031103.2384057, 1670031103.723378, 1670031104.3149235, 1670031104.9354308, 1670031105.483587, 1670031105.9111736, 1670031106.2610228, 1670031107.0126777, 1670031107.669007, 1670031108.1117096, 1670031108.5242262, 1670031109.0962224, 1670031109.657921, 1670031110.1125734, 1670031110.612412, 1670031111.1669927, 1670031111.5923347, 1670031112.0041351, 1670031112.5846543, 1670031177.1874447, 1670031177.6522014, 1670031178.0932622, 1670031178.681887, 1670031179.219445, 1670031179.5606406, 1670031180.1548808, 1670031180.8791223, 1670031181.3911712, 1670031181.7498806, 1670031182.2521508, 1670031182.9028962, 1670031183.5609403, 1670031184.0156753, 1670031184.4344683, 1670031184.9889364, 1670031185.4408307, 1670031185.8543696, 1670031186.4289079, 1670031187.0767717, 1670031250.7694318, 1670031251.229001, 1670031251.7706418, 1670031252.5292034, 1670031253.1493986, 1670031253.639294, 1670031254.0000553, 1670031254.579156, 1670031255.1987553, 1670031255.6444783, 1670031256.075801, 1670031256.6428304, 1670031257.272018, 1670031257.9349186, 1670031258.3375938, 1670031258.7979105, 1670031259.4130743, 1670031260.1218808, 1670031260.7222822, 1670031261.1061084], "episode_lengths": [50, 50, 50, 50, 50, 50, 50, 50, 50, 50, 50, 50, 50, 50, 50, 50, 50, 50, 50, 50, 50, 50, 50, 50, 50, 50, 50, 50, 50, 50, 50, 50, 50, 50, 50, 50, 50, 50, 50, 50, 50, 50, 50, 50, 50, 50, 50, 50, 50, 50, 50, 50, 50, 50, 50, 50, 50, 50, 50, 50, 50, 50, 50, 50, 50, 50, 50, 50, 50, 50, 50, 50, 50, 50, 50, 50, 50, 50, 50, 50, 50, 50, 50, 50, 50, 50, 50, 50, 50, 50, 50, 50, 50, 50, 50, 50, 50, 50, 50, 50, 50, 50, 50, 50, 50, 50, 50, 50, 50, 50, 50, 50, 50, 50, 50, 50, 50, 50, 50, 50, 50, 50, 50, 50, 50, 50, 50, 50, 50, 50, 50, 50, 50, 50, 50, 50, 50, 50, 50, 50], "episode_rewards": [-50.0, -50.0, -50.0, -50.0, -50.0, -50.0, -50.0, -50.0, -50.0, -50.0, -50.0, -50.0, -50.0, -50.0, -50.0, -50.0, -50.0, -50.0, -50.0, -50.0, -50.0, -50.0, -50.0, -50.0, -50.0, -50.0, -50.0, -50.0, -50.0, -50.0, -50.0, -50.0, -50.0, -50.0, -50.0, -50.0, -50.0, -50.0, -50.0, -50.0, -50.0, -50.0, -50.0, -50.0, -50.0, -50.0, -50.0, -50.0, -50.0, -50.0, -50.0, -50.0, -50.0, -50.0, -50.0, -50.0, -50.0, -50.0, -50.0, -50.0, -50.0, -50.0, -50.0, -50.0, -50.0, -50.0, -50.0, -50.0, -50.0, -50.0, -50.0, -50.0, -50.0, -50.0, -50.0, -50.0, -50.0, -50.0, -50.0, -50.0, -50.0, -50.0, -50.0, -50.0, -50.0, -50.0, -50.0, -50.0, -50.0, -50.0, -50.0, -50.0, -50.0, -50.0, -50.0, -50.0, -50.0, -50.0, -50.0, -50.0, -50.0, -50.0, -50.0, -50.0, -50.0, -50.0, -50.0, -50.0, -50.0, -50.0, -50.0, -50.0, -50.0, -50.0, -50.0, -50.0, -50.0, -50.0, -50.0, -50.0, -50.0, -50.0, -50.0, -50.0, -50.0, -50.0, -50.0, -50.0, -50.0, -50.0, -50.0, -50.0, -50.0, -50.0, -50.0, -50.0, -50.0, -50.0, -50.0, -50.0], "episode_types": ["t", "t", "t", "t", "t", "t", "t", "t", "t", "t", "t", "t", "t", "t", "t", "t", "t", "t", "t", "t", "t", "t", "t", "t", "t", "t", "t", "t", "t", "t", "t", "t", "t", "t", "t", "t", "t", "t", "t", "t", "t", "t", "t", "t", "t", "t", "t", "t", "t", "t", "t", "t", "t", "t", "t", "t", "t", "t", "t", "t", "t", "t", "t", "t", "t", "t", "t", "t", "t", "t", "t", "t", "t", "t", "t", "t", "t", "t", "t", "t", "t", "t", "t", "t", "t", "t", "t", "t", "t", "t", "t", "t", "t", "t", "t", "t", "t", "t", "t", "t", "t", "t", "t", "t", "t", "t", "t", "t", "t", "t", "t", "t", "t", "t", "t", "t", "t", "t", "t", "t", "t", "t", "t", "t", "t", "t", "t", "t", "t", "t", "t", "t", "t", "t", "t", "t", "t", "t", "t", "t"]}