{"initial_reset_timestamp": 1669945235.800756, "timestamps": [1669945241.9362714, 1669945242.1087413, 1669945242.4618475, 1669945242.7694836, 1669945243.0748208, 1669945243.3740594, 1669945246.5201313, 1669945246.823622, 1669945247.1207988, 1669945247.4370272, 1669945247.7344131, 1669945248.0310616, 1669945248.328513, 1669945253.7665465, 1669945257.0268695, 1669945261.0090404, 1669945265.766972, 1669945271.1825702, 1669945276.9356472, 1669945282.0505023, 1669945292.2779605, 1669945297.682541, 1669945302.0200608, 1669945306.1073887, 1669945311.3207836, 1669945316.60092, 1669945326.5183806, 1669945331.8524854, 1669945337.153896, 1669945342.343419, 1669945346.5572712, 1669945350.8925712, 1669945354.813459, 1669945364.446937, 1669945369.6917565, 1669945374.1798964, 1669945379.2639084, 1669945384.4274569, 1669945386.1343217, 1669945388.5959709, 1669945392.5976996, 1669945400.37613, 1669945405.3534467, 1669945408.9507978, 1669945414.133262, 1669945418.3747253, 1669945423.4937003, 1669945428.6014194, 1669945429.5049133, 1669945437.9241738, 1669945441.094844, 1669945445.814812, 1669945447.9690516, 1669945448.91828, 1669945451.7208848, 1669945456.8043864, 1669945458.9223104, 1669945462.1267922, 1669945464.1966772, 1669945468.3268442, 1669945477.0735989, 1669945478.6916494, 1669945483.785575, 1669945488.4820764, 1669945490.2705126, 1669945491.7343693, 1669945495.2453482, 1669945498.1236203, 1669945500.1414735, 1669945502.2463598, 1669945508.713775, 1669945515.2083092, 1669945525.1095765, 1669945526.2794538, 1669945530.08715, 1669945531.8323493, 1669945533.4973586, 1669945537.7464123, 1669945539.3426518, 1669945540.5660427, 1669945545.5984712, 1669945546.892005, 1669945549.2212343, 1669945554.7006311, 1669945556.7053854, 1669945557.8741803, 1669945560.3184369, 1669945562.131093, 1669945574.3129644, 1669945577.436706, 1669945583.794042, 1669945585.3298414, 1669945589.0890524, 1669945595.7283852, 1669945598.7148666, 1669945601.4255588, 1669945607.3101194, 1669945610.63481, 1669945618.6776814, 1669945620.727226, 1669945627.5221748, 1669945631.2933006, 1669945634.91103, 1669945638.4988682, 1669945641.010883, 1669945642.912362, 1669945644.8014615, 1669945646.4144757, 1669945649.3399131, 1669945651.2807705, 1669945652.4627256, 1669945653.8391829, 1669945657.7420747, 1669945660.0079963, 1669945667.5082283, 1669945668.6721733, 1669945670.832767, 1669945672.28602, 1669945674.466316, 1669945677.006287, 1669945678.3122263, 1669945679.9346454, 1669945681.2139316, 1669945683.2097006, 1669945685.982586, 1669945687.5474145, 1669945689.511004, 1669945692.8103716, 1669945695.8825078, 1669945698.0268908, 1669945700.317572, 1669945702.5862544, 1669945704.140279, 1669945705.6311991, 1669945708.5081344, 1669945710.924104, 1669945711.788016, 1669945718.721454, 1669945720.3528109, 1669945721.8008735, 1669945724.575396, 1669945726.5098643, 1669945728.1743395, 1669945729.7280936, 1669945730.8233557, 1669945731.9637773, 1669945733.9172404, 1669945735.0777433, 1669945737.0334082, 1669945739.0014791, 1669945742.0456312, 1669945743.8896224, 1669945745.7688909, 1669945747.3054938, 1669945750.3914986, 1669945752.4818344, 1669945754.99933, 1669945756.5752087, 1669945758.1859019, 1669945760.4319036, 1669945761.4562511, 1669945762.4380522, 1669945770.4056785, 1669945771.4754012, 1669945772.928646, 1669945774.0188437, 1669945775.637398, 1669945777.0811615, 1669945778.0587735, 1669945779.2432995, 1669945780.2528586, 1669945783.930764, 1669945784.8142042, 1669945786.6771712, 1669945788.088702, 1669945789.6895454, 1669945791.144356, 1669945792.5261931, 1669945793.7657936, 1669945795.2730238, 1669945796.6290562, 1669945797.6389809, 1669945799.826389, 1669945801.9822822, 1669945803.2667282, 1669945805.655939, 1669945807.238503, 1669945809.309441, 1669945810.5588548, 1669945811.6850038, 1669945819.7549708, 1669945820.9733067, 1669945821.8530533, 1669945823.3676162, 1669945825.2499828, 1669945827.6171925, 1669945828.8824067, 1669945831.14481, 1669945832.8344727, 1669945835.0177574, 1669945837.5795186, 1669945839.1151116, 1669945840.5076127, 1669945843.0836964, 1669945844.3541145, 1669945845.503435, 1669945847.047184, 1669945848.3964286, 1669945850.1293492, 1669945851.756476, 1669945853.8195462, 1669945854.7809815, 1669945856.8638766, 1669945858.5648487, 1669945859.602373, 1669945867.900667, 1669945869.273192, 1669945870.4773993, 1669945872.3637598, 1669945874.2369802, 1669945877.5781066, 1669945879.1663253, 1669945880.5465205, 1669945881.6934974, 1669945883.6590753, 1669945884.8236918, 1669945887.078173, 1669945888.136962, 1669945889.6106648, 1669945890.9870887, 1669945893.0328374, 1669945893.8771994, 1669945894.8651445, 1669945896.0530398, 1669945898.2164907, 1669945900.2589002, 1669945901.4630272, 1669945904.005785, 1669945905.4172535, 1669945907.0619957, 1669945908.6120934, 1669945917.54347, 1669945918.642731, 1669945920.9734185, 1669945923.2847283, 1669945925.5511827, 1669945927.0833142, 1669945928.521701, 1669945930.9298608, 1669945931.969663, 1669945933.5216417, 1669945934.856171, 1669945936.0876424, 1669945937.7894623, 1669945938.5833812, 1669945940.816433, 1669945942.115128, 1669945943.9049628, 1669945945.6259568, 1669945946.8847165, 1669945947.9495666, 1669945949.531893, 1669945951.0471761, 1669945952.6753151, 1669945953.7861378, 1669945954.8010993, 1669945956.2428467, 1669945957.4107666, 1669945965.3653178, 1669945966.9361994, 1669945968.888257, 1669945970.4066014, 1669945971.4105558, 1669945972.8493993, 1669945975.4989426, 1669945977.0350435, 1669945977.8665218, 1669945979.1901004, 1669945980.6452324, 1669945982.0898418, 1669945984.0214365, 1669945985.7025568, 1669945987.3668349, 1669945989.1901574, 1669945990.6806028, 1669945992.4185395, 1669945993.7387557, 1669945994.6483214, 1669945995.7502494, 1669945996.8515935, 1669945997.984039, 1669945999.3417819, 1669946001.198765, 1669946002.5321574, 1669946003.5880044, 1669946004.528758, 1669946005.7368453, 1669946006.7327526, 1669946013.7178297, 1669946015.031942, 1669946016.0718768, 1669946017.6309583, 1669946018.9115806, 1669946020.718642, 1669946022.015449, 1669946022.7862098, 1669946025.430515, 1669946028.0309095, 1669946029.6421335, 1669946031.6408722, 1669946033.2503066, 1669946034.9986022, 1669946036.6067553, 1669946037.8691564, 1669946039.354962, 1669946041.0602403, 1669946041.9693086, 1669946043.6026163, 1669946045.1042733, 1669946047.2281322, 1669946048.59679, 1669946050.0364442, 1669946051.6056488, 1669946053.0016522, 1669946054.6616552, 1669946055.633486], "episode_lengths": [124, 150, 150, 150, 150, 150, 150, 150, 145, 150, 150, 150, 150, 150, 150, 150, 150, 150, 150, 150, 150, 150, 150, 150, 150, 150, 150, 150, 150, 150, 150, 150, 120, 150, 150, 130, 150, 150, 50, 80, 150, 126, 150, 105, 150, 123, 150, 150, 24, 150, 116, 150, 64, 27, 82, 150, 61, 94, 59, 113, 75, 46, 150, 135, 49, 38, 92, 73, 50, 49, 150, 150, 79, 26, 87, 40, 40, 104, 39, 29, 130, 32, 57, 140, 50, 27, 57, 41, 150, 71, 150, 34, 85, 150, 70, 65, 150, 79, 48, 52, 150, 83, 78, 77, 52, 40, 41, 35, 66, 47, 27, 32, 103, 56, 43, 26, 50, 31, 50, 56, 29, 35, 26, 42, 58, 33, 41, 71, 65, 45, 49, 48, 35, 33, 62, 54, 24, 33, 40, 32, 66, 44, 41, 37, 24, 26, 44, 27, 43, 45, 68, 38, 40, 33, 66, 45, 52, 33, 33, 52, 25, 23, 39, 29, 39, 28, 40, 40, 25, 25, 22, 82, 19, 45, 33, 37, 33, 33, 28, 35, 31, 22, 49, 49, 29, 51, 34, 54, 29, 27, 29, 28, 20, 37, 46, 62, 34, 60, 43, 56, 64, 33, 31, 59, 31, 29, 37, 32, 38, 36, 46, 21, 50, 41, 23, 31, 29, 26, 43, 40, 75, 34, 32, 28, 46, 26, 62, 27, 36, 33, 54, 21, 24, 32, 52, 48, 29, 65, 40, 47, 38, 40, 24, 52, 53, 52, 34, 33, 53, 22, 35, 31, 29, 40, 18, 53, 30, 44, 45, 32, 28, 39, 39, 44, 31, 30, 41, 31, 28, 38, 46, 35, 22, 32, 61, 34, 19, 28, 33, 32, 44, 38, 38, 41, 32, 37, 30, 21, 26, 25, 24, 34, 44, 33, 30, 27, 34, 31, 28, 34, 24, 34, 31, 45, 31, 18, 62, 63, 38, 44, 34, 36, 34, 26, 33, 38, 20, 37, 33, 47, 28, 33, 36, 35, 42, 23],