{"initial_reset_timestamp": 1669933974.182584, "timestamps": [1669933980.2601235, 1669933980.399357, 1669933980.7359874, 1669933981.0455873, 1669933981.3862417, 1669933981.7119644, 1669933982.0422587, 1669933985.4882066, 1669933985.8510423, 1669933986.1617799, 1669933986.4668937, 1669933986.7514677, 1669933987.0372612, 1669933992.5228543, 1669933995.8438451, 1669934000.2962806, 1669934005.4359322, 1669934011.0106766, 1669934016.7889237, 1669934022.6131308, 1669934033.7995281, 1669934039.4030776, 1669934043.9131322, 1669934048.3755457, 1669934054.2102306, 1669934059.7636578, 1669934065.200382, 1669934074.1569438, 1669934079.715786, 1669934085.3140686, 1669934090.1645777, 1669934094.7641664, 1669934099.9101572, 1669934105.3509638, 1669934116.051325, 1669934121.5210347, 1669934126.9522345, 1669934132.4786296, 1669934137.639437, 1669934142.1889307, 1669934151.2856164, 1669934156.7598414, 1669934162.257486, 1669934167.8856993, 1669934173.5427868, 1669934179.1446812, 1669934184.1624694, 1669934186.428377, 1669934194.9985259, 1669934199.5458176, 1669934201.07324, 1669934206.313386, 1669934209.0326054, 1669934214.6499338, 1669934218.1416554, 1669934221.6481647, 1669934232.0531602, 1669934234.7369204, 1669934239.8360956, 1669934243.0373547, 1669934247.6561527, 1669934250.7135594, 1669934251.9272676, 1669934256.9181464, 1669934262.3363154, 1669934269.52521, 1669934274.9418595, 1669934277.6641917, 1669934281.0728052, 1669934286.0464616, 1669934290.9652588, 1669934295.9836774, 1669934300.4572759, 1669934308.5099566, 1669934312.7064807, 1669934318.1016622, 1669934321.3431644, 1669934325.5827248, 1669934330.6603117, 1669934333.6177077, 1669934335.8518715, 1669934340.5757415, 1669934349.1865544, 1669934350.9173126, 1669934354.1834705, 1669934358.4212925, 1669934359.7476158, 1669934361.467762, 1669934364.7957919, 1669934369.0833466, 1669934372.995877, 1669934377.614149, 1669934379.6847706, 1669934386.7686396, 1669934389.6481795, 1669934390.9326138, 1669934394.6001112, 1669934397.333926, 1669934399.6994257, 1669934401.3115203, 1669934403.684553, 1669934405.9532769, 1669934407.586063, 1669934409.3620358, 1669934410.9141457, 1669934415.8075929, 1669934417.0864475, 1669934418.7579076, 1669934426.7754643, 1669934429.6761117, 1669934433.7455444, 1669934436.3748822, 1669934438.4463458, 1669934439.6725411, 1669934442.1534748, 1669934444.7485368, 1669934448.567919, 1669934451.557233, 1669934452.9768639, 1669934454.7248418, 1669934457.554368, 1669934464.445237, 1669934466.4740963, 1669934468.2756414, 1669934471.3292408, 1669934475.015622, 1669934478.6167603, 1669934482.054449, 1669934483.7977886, 1669934485.0385945, 1669934486.2555137, 1669934487.7601526, 1669934490.0033143, 1669934491.49352, 1669934494.2826836, 1669934495.7829885, 1669934496.9833531, 1669934498.2692213, 1669934506.1577704, 1669934508.9153254, 1669934510.5415363, 1669934511.921077, 1669934513.4391782, 1669934514.4612253, 1669934515.5105824, 1669934517.0298672, 1669934518.0712621, 1669934519.246975, 1669934521.1615818, 1669934522.7759795, 1669934524.0994458, 1669934525.6525023, 1669934529.0046551, 1669934530.1861203, 1669934532.0607316, 1669934533.2846432, 1669934535.2093272, 1669934537.820871, 1669934538.8509758, 1669934546.8115098, 1669934548.1615365, 1669934549.5735881, 1669934552.9829419, 1669934554.3482852, 1669934556.2533836, 1669934557.9025764, 1669934559.8558924, 1669934561.2061672, 1669934562.487009, 1669934563.8163633, 1669934564.9410546, 1669934566.296102, 1669934567.9894385, 1669934568.9824169, 1669934571.0853655, 1669934573.101181, 1669934575.1255202, 1669934576.440026, 1669934577.5733192, 1669934586.8340611, 1669934589.023832, 1669934590.8171701, 1669934591.5931835, 1669934592.6698337, 1669934594.2627308, 1669934596.7045667, 1669934598.3934922, 1669934599.785268, 1669934601.8911605, 1669934603.8596795, 1669934605.5657313, 1669934607.0667422, 1669934608.4937959, 1669934609.7395177, 1669934611.1280017, 1669934612.30971, 1669934613.4657657, 1669934615.370603, 1669934616.568884, 1669934617.821221, 1669934625.3711984, 1669934627.0521348, 1669934628.1346054, 1669934629.621824, 1669934630.9467373, 1669934632.6135929, 1669934634.457582, 1669934635.841262, 1669934636.966293, 1669934638.2548559, 1669934640.032364, 1669934641.2500446, 1669934642.8841689, 1669934643.8717935, 1669934644.9241037, 1669934646.0679781, 1669934646.885575, 1669934647.9266555, 1669934648.6765501, 1669934650.1301434, 1669934651.7596295, 1669934652.8214343, 1669934655.055514, 1669934656.5171366, 1669934657.9869616, 1669934658.9965482, 1669934666.5284352, 1669934668.0473542, 1669934668.8788133, 1669934670.4561646, 1669934671.9513996, 1669934673.2037778, 1669934674.3857942, 1669934675.554902, 1669934676.8158424, 1669934678.0371518, 1669934679.4735544, 1669934681.2245836, 1669934683.0512748, 1669934684.1393623, 1669934685.330256, 1669934687.3815124, 1669934688.3533318, 1669934689.6550634, 1669934690.722226, 1669934691.8120997, 1669934692.7715356, 1669934694.7353482, 1669934696.2767286, 1669934697.4448624], "episode_lengths": [98, 150, 150, 150, 150, 150, 150, 150, 150, 150, 150, 150, 150, 150, 150, 150, 150, 150, 150, 150, 150, 150, 150, 150, 150, 150, 150, 78, 150, 150, 150, 150, 150, 150, 150, 150, 150, 150, 150, 150, 150, 150, 150, 150, 150, 150, 150, 74, 150, 139, 45, 150, 74, 150, 97, 99, 150, 85, 150, 100, 150, 102, 36, 150, 150, 48, 150, 73, 100, 150, 150, 150, 144, 105, 119, 150, 88, 118, 150, 93, 69, 150, 80, 57, 116, 139, 36, 51, 91, 119, 108, 130, 60, 54, 92, 40, 112, 77, 66, 49, 73, 75, 52, 59, 48, 150, 35, 46, 49, 76, 114, 83, 73, 41, 75, 76, 108, 86, 40, 55, 97, 45, 55, 48, 82, 98, 102, 97, 47, 32, 36, 44, 72, 49, 87, 46, 38, 38, 60, 85, 50, 43, 49, 32, 32, 49, 31, 33, 53, 43, 28, 40, 94, 35, 56, 33, 58, 79, 30, 64, 40, 39, 92, 37, 51, 46, 60, 42, 41, 46, 39, 44, 53, 28, 65, 59, 54, 35, 29, 68, 60, 52, 23, 34, 48, 75, 50, 41, 61, 56, 50, 45, 43, 46, 43, 38, 40, 60, 36, 40, 40, 44, 31, 40, 35, 44, 49, 34, 28, 35, 51, 36, 50, 30, 34, 42, 33, 40, 22, 49, 48, 28, 59, 37, 38, 29, 42, 53, 27, 53, 46, 38, 34, 33, 36, 33, 39, 49, 49, 31, 38, 64, 30, 38, 33, 34, 28, 59, 47, 36], "episode_rewards": [-97.0, -150.0, -150.0, -150.0, -150.0, -150.0, -150.0, -150.0, -150.0, -150.0, -150.0, -150.0, -150.0, -150.0, -150.0, -150.0, -150.0, -150.0, -150.0, -150.0, -150.0, -150.0, -150.0, -150.0, -150.0, -150.0, -150.0, -77.0, -150.0, -150.0, -150.0, -150.0, -150.0, -150.0, -150.0, -150.0, -150.0, -150.0, -150.0, -150.0, -150.0, -150.0, -150.0, -150.0, -150.0, -150.0, -150.0, -73.0, -150.0, -138.0, -44.0, -150.0, -73.0, -150.0, -96.0, -98.0, -150.0, -84.0, -150.0, -99.0, -150.0, -101.0, -35.0, -150.0, -150.0, -47.0, -150.0, -72.0, -99.0, -150.0, -150.0, -150.0, -143.0, -104.0, -118.0, -150.0, -87.0, -117.0, -150.0, -92.0, -68.0, -150.0, -79.0, -56.0, -115.0, -138.0, -35.0, -50.0, -90.0, -118.0, -107.0, -129.0, -59.0, -53.0, -91.0, -39.0, -111.0, -76.0, -65.0, -48.0, -72.0, -74.0, -51.0, -58.0, -47.0, -150.0, -34.0, -45.0, -48.0, -75.0, -113.0, -82.0, -72.0, -40.0, -74.0, -75.0, -107.0, -85.0, -39.0, -54.0, -96.0, -44.0, -54.0, -47.0, -81.0, -97.0, -101.0, -96.0, -46.0, -31.0, -35.0, -43.0, -71.0, -48.0, -86.0, -45.0, -37.0, -37.0, -59.0, -84.0, -49.0, -42.0, -48.0, -31.0, -31.0, -48.0, -30.0, -32.0, -52.0, -42.0, -27.0, -39.0, -93.0, -34.0, -55.0, -32.0, -57.0, -78.0, -29.0, -63.0, -39.0, -38.0, -91.0, -36.0, -50.0, -45.0, -59.0, -41.0, -40.0, -45.0, -38.0, -43.0, -52.0, -27.0, -64.0, -58.0, -53.0, -34.0, -28.0, -67.0, -59.0, -51.0, -22.0, -33.0, -47.0, -74.0, -49.0, -40.0, -60.0, -55.0, -49.0, -44.0, -42.0, -45.0, -42.0, -37.0, -39.0, -59.0, -35.0, -39.0, -39.0, -43.0, -30.0, -39.0, -34.0, -43.0, -48.0, -33.0, -27.0, -34.0, -50.0, -35.0, -49.0, -29.0, -33.0, -41.0, -32.0, -39.0, -21.0, -48.0, -47.0, -27.0, -58.0, -36.0, -37.0, -28.0, -41.0, -52.0, -26.0, -52.0, -45.0, -37.0, -33.0, -32.0, -35.0, -32.0, -38.0, -48.0, -48.0, -30.0, -37.0, -63.0, -29.0, -37.0, -32.0, -33.0, -27.0, -58.0, -46.0, -35.0],