{"initial_reset_timestamp": 1669933973.576924, "timestamps": [1669933979.93196, 1669933980.1876948, 1669933980.51125, 1669933980.809168, 1669933981.1500266, 1669933981.5123622, 1669933985.132663, 1669933985.4281015, 1669933985.7273088, 1669933986.0232444, 1669933986.3133323, 1669933986.5972319, 1669933986.8954039, 1669933993.0134068, 1669933996.4294875, 1669934000.7216136, 1669934005.9776814, 1669934011.6458416, 1669934017.3335404, 1669934022.7390652, 1669934033.6328268, 1669934039.3445117, 1669934043.886386, 1669934048.742794, 1669934054.3443472, 1669934059.864877, 1669934070.4473145, 1669934076.272575, 1669934082.1616306, 1669934087.6872776, 1669934092.2376075, 1669934096.9225383, 1669934102.4767792, 1669934113.2363548, 1669934118.7679427, 1669934124.4371955, 1669934130.0597181, 1669934135.5177448, 1669934140.1690097, 1669934144.8866384, 1669934154.6585627, 1669934160.352128, 1669934166.0300312, 1669934171.646236, 1669934177.0616848, 1669934182.5140324, 1669934191.2811074, 1669934195.8470404, 1669934201.0457852, 1669934206.3345938, 1669934212.0385616, 1669934217.4427505, 1669934222.7364163, 1669934232.479668, 1669934237.6504846, 1669934241.0779831, 1669934245.9395487, 1669934250.5666974, 1669934255.3782284, 1669934260.8807101, 1669934270.0276995, 1669934275.4864562, 1669934279.9046648, 1669934283.6098785, 1669934288.819727, 1669934291.2749872, 1669934293.858403, 1669934298.6715465, 1669934302.701444, 1669934311.75342, 1669934317.2967384, 1669934321.6430767, 1669934326.0177164, 1669934331.4698396, 1669934333.867709, 1669934335.6355953, 1669934339.729571, 1669934341.7481925, 1669934348.9658537, 1669934351.5849018, 1669934355.8493376, 1669934360.7556143, 1669934366.1929674, 1669934371.6390638, 1669934377.2672637, 1669934386.9975061, 1669934390.473498, 1669934395.521738, 1669934400.502165, 1669934404.9790192, 1669934408.1846101, 1669934413.1157777, 1669934418.218069, 1669934425.9769292, 1669934431.2286599, 1669934436.3287275, 1669934440.771207, 1669934445.8655586, 1669934450.9988923, 1669934455.8258505, 1669934464.9436522, 1669934470.0488687, 1669934472.3683648, 1669934474.8171806, 1669934477.994283, 1669934480.558867, 1669934486.1230624, 1669934491.0800672, 1669934495.7096868, 1669934502.5492885, 1669934507.2714446, 1669934509.0307992, 1669934513.4166894, 1669934517.2642229, 1669934522.4293077, 1669934525.434673, 1669934530.63794, 1669934541.1121573, 1669934545.543186, 1669934550.5135648, 1669934555.8968186, 1669934560.7494032, 1669934564.8621774, 1669934568.509533, 1669934579.0409515, 1669934581.212749, 1669934583.5829015, 1669934588.2629101, 1669934590.5063286, 1669934593.9106743, 1669934595.729561, 1669934597.8454192, 1669934599.9071522, 1669934603.2337492, 1669934605.4071622, 1669934614.0890672, 1669934616.0417426, 1669934616.8394995, 1669934618.1293702, 1669934619.665, 1669934620.829684, 1669934623.0539038, 1669934624.426793, 1669934626.5718153, 1669934629.0483456, 1669934631.9898381, 1669934632.9685156, 1669934637.772651, 1669934639.922576, 1669934640.988848, 1669934642.0146737, 1669934643.8860655, 1669934645.8535125, 1669934652.4565473, 1669934653.906007, 1669934656.610338, 1669934658.117024, 1669934659.964882, 1669934660.7713113, 1669934662.936429, 1669934665.0134199, 1669934666.4189966, 1669934667.307425, 1669934668.8191829, 1669934670.0620794, 1669934670.9047441, 1669934672.7326775, 1669934673.5825074, 1669934675.5446568, 1669934676.8380015, 1669934678.2975795, 1669934680.2143962, 1669934683.0359292, 1669934684.0779824], "episode_lengths": [150, 150, 150, 150, 150, 150, 150, 150, 150, 150, 150, 150, 137, 150, 150, 150, 150, 150, 150, 150, 150, 150, 150, 150, 150, 150, 150, 150, 150, 150, 150, 150, 150, 150, 150, 150, 150, 150, 150, 150, 150, 150, 150, 150, 150, 150, 150, 150, 150, 150, 150, 150, 150, 150, 150, 98, 150, 150, 150, 150, 115, 150, 125, 107, 150, 67, 68, 143, 133, 134, 150, 112, 116, 150, 73, 52, 128, 64, 58, 84, 150, 150, 150, 150, 150, 150, 106, 150, 150, 150, 109, 150, 150, 73, 150, 150, 150, 150, 150, 150, 150, 150, 63, 68, 94, 70, 150, 150, 150, 50, 150, 55, 150, 131, 150, 86, 150, 150, 150, 150, 150, 150, 150, 132, 143, 70, 74, 140, 64, 108, 56, 65, 62, 103, 65, 125, 64, 25, 40, 63, 43, 73, 44, 59, 70, 84, 27, 132, 60, 30, 28, 57, 65, 43, 37, 76, 39, 55, 23, 80, 79, 50, 25, 50, 41, 29, 58, 21, 53, 34, 40, 52, 78, 29], "episode_rewards": [-150.0, -150.0, -150.0, -150.0, -150.0, -150.0, -150.0, -150.0, -150.0, -150.0, -150.0, -150.0, -136.0, -150.0, -150.0, -150.0, -150.0, -150.0, -150.0, -150.0, -150.0, -150.0, -150.0, -150.0, -150.0, -150.0, -150.0, -150.0, -150.0, -150.0, -150.0, -150.0, -150.0, -150.0, -150.0, -150.0, -150.0, -150.0, -150.0, -150.0, -150.0, -150.0, -150.0, -150.0, -150.0, -150.0, -150.0, -150.0, -150.0, -150.0, -150.0, -150.0, -150.0, -150.0, -150.0, -97.0, -150.0, -150.0, -150.0, -150.0, -114.0, -150.0, -124.0, -106.0, -150.0, -66.0, -67.0, -142.0, -132.0, -133.0, -150.0, -111.0, -115.0, -150.0, -72.0, -51.0, -127.0, -63.0, -57.0, -83.0, -150.0, -150.0, -150.0, -150.0, -150.0, -150.0, -105.0, -150.0, -150.0, -150.0, -108.0, -150.0, -150.0, -72.0, -150.0, -150.0, -150.0, -150.0, -150.0, -150.0, -150.0, -150.0, -62.0, -67.0, -93.0, -69.0, -150.0, -150.0, -150.0, -49.0, -150.0, -54.0, -150.0, -130.0, -150.0, -85.0, -150.0, -150.0, -150.0, -150.0, -150.0, -150.0, -149.0, -131.0, -142.0, -69.0, -73.0, -139.0, -63.0, -107.0, -55.0, -64.0, -61.0, -102.0, -64.0, -124.0, -63.0, -24.0, -39.0, -62.0, -42.0, -72.0, -43.0, -58.0, -69.0, -83.0, -26.0, -131.0, -59.0, -29.0, -27.0, -56.0, -64.0, -42.0, -36.0, -75.0, -38.0, -54.0, -22.0, -79.0, -78.0, -49.0, -24.0, -49.0, -40.0, -28.0, -57.0, -20.0, -52.0, -33.0, -39.0, -51.0, -77.0, -28.0], "episode_types": ["t", "t", "t", "t", "t", "t", "t", "t", "t", "t", "t", "t", "t", "t", "t", "t", "t", "t", "t", "t", "t", "t", "t", "t", "t", "t", "t", "t", "t", "t", "t", "t", "t", "t", "t", "t", "t", "t", "t", "t", "t", "t", "t", "t", "t", "t", "t", "t", "t", "t", "t", "t", "t", "t", "t", "t", "t", "t", "t", "t", "t", "t", "t", "t", "t", "t", "t", "t", "t", "t", "t", "t", "t", "t", "t", "t", "t", "t", "t", "t", "t", "t", "t", "t", "t", "t", "t", "t", "t", "t", "t", "t", "t", "t", "t", "t", "t", "t", "t", "t", "t", "t", "t", "t", "t", "t", "t", "t", "t", "t", "t", "t", "t", "t", "t", "t", "t", "t", "t", "t", "t", "t", "t", "t", "t", "t", "t", "t", "t", "t", "t", "t", "t", "t", "t", "t", "t", "t", "t", "t", "t", "t", "t", "t", "t", "t", "t", "t", "t", "t", "t", "t", "t", "t", "t", "t", "t", "t", "t", "t", "t", "t", "t", "t", "t", "t", "t", "t", "t", "t", "t", "t", "t", "t", "t"]}