{"initial_reset_timestamp": 1669940780.8804045, "timestamps": [1669940788.2511854, 1669940788.4457908, 1669940788.804974, 1669940789.1768126, 1669940789.4256902, 1669940789.7430663, 1669940790.067345, 1669940794.0134814, 1669940794.312757, 1669940794.6042204, 1669940794.8985674, 1669940795.1844227, 1669940795.4517975, 1669940800.9046302, 1669940804.9338975, 1669940810.077182, 1669940816.92527, 1669940824.1785057, 1669940831.4562268, 1669940838.8418033, 1669940852.851711, 1669940859.937632, 1669940865.3915908, 1669940871.7890816, 1669940879.3953698, 1669940887.102822, 1669940894.414896, 1669940908.4199963, 1669940915.0588937, 1669940921.1934545, 1669940926.550437, 1669940933.047963, 1669940939.606684, 1669940946.4410698, 1669940959.9052143, 1669940966.7714765, 1669940973.77386, 1669940980.3531613, 1669940984.9880495, 1669940991.0170836, 1669940996.134844, 1669941009.4596393, 1669941013.0412018, 1669941018.0556796, 1669941024.9760876, 1669941029.6947646, 1669941033.4062247, 1669941040.2973287, 1669941046.0052922, 1669941055.3659418, 1669941056.880217, 1669941060.8482826, 1669941065.534981, 1669941067.1752584, 1669941072.180129, 1669941079.071335, 1669941081.1480527, 1669941082.5455296, 1669941087.1592996, 1669941093.4061782, 1669941097.0030658, 1669941107.2268333, 1669941111.4159749, 1669941115.434746, 1669941117.892757, 1669941119.2601976, 1669941122.0559273, 1669941123.4915202, 1669941130.2998943, 1669941133.2034874, 1669941136.416622, 1669941140.2650774, 1669941144.7090967, 1669941154.3834865, 1669941156.7412045, 1669941158.3295052, 1669941161.0147831, 1669941166.3091683, 1669941168.144627, 1669941172.2160702, 1669941174.4655807, 1669941176.1572814, 1669941178.0371015, 1669941179.7568762, 1669941182.684938, 1669941185.7129385, 1669941187.9162858, 1669941190.789783, 1669941193.4688718, 1669941202.1107278, 1669941203.798939, 1669941207.196363, 1669941209.5130453, 1669941211.6025903, 1669941214.9327786, 1669941217.061611, 1669941219.6456532, 1669941222.580308, 1669941223.6971426, 1669941225.405226, 1669941226.72655, 1669941228.0165243, 1669941231.4272184, 1669941233.0716574, 1669941234.2283866, 1669941235.9117918, 1669941237.0067255, 1669941238.1524243, 1669941239.592666, 1669941241.469637, 1669941243.7138145, 1669941253.0846183, 1669941254.149538, 1669941255.7773485, 1669941257.4084225, 1669941259.0157866, 1669941260.475648, 1669941261.8902245, 1669941263.3296022, 1669941264.5065007, 1669941265.9504497, 1669941267.3096514, 1669941268.631942, 1669941270.1518722, 1669941272.057766, 1669941273.4412093, 1669941274.8697119, 1669941276.351853, 1669941279.0491502, 1669941280.7435436, 1669941283.7104752, 1669941284.8489125, 1669941285.8524952, 1669941287.262032, 1669941288.7168875, 1669941290.9270198, 1669941292.630116, 1669941293.6369462, 1669941295.4385724, 1669941296.5007648, 1669941303.2473927, 1669941304.291915, 1669941305.4597752, 1669941306.7801907, 1669941308.4824722, 1669941310.2289157, 1669941311.6787653, 1669941314.8676846, 1669941316.0838432, 1669941317.4446702, 1669941319.1548798, 1669941321.032051, 1669941322.9635084, 1669941326.3344173, 1669941328.2334635, 1669941329.797448, 1669941331.439606, 1669941333.4949636, 1669941335.241246, 1669941337.8450859, 1669941339.1269498, 1669941340.5902977, 1669941342.0600579, 1669941343.5113864, 1669941345.0004308, 1669941345.903081, 1669941347.4981422, 1669941356.3139296, 1669941357.4895148, 1669941358.9448047, 1669941359.957336, 1669941361.1086762, 1669941361.9333143, 1669941363.462932, 1669941365.1215413, 1669941366.647753, 1669941367.9713016, 1669941369.204041, 1669941370.4803588, 1669941371.8808675, 1669941373.6470582, 1669941375.434894, 1669941377.0897892, 1669941378.5697536, 1669941380.300502, 1669941381.629898, 1669941383.1373248, 1669941384.196945, 1669941385.4914334, 1669941387.2109613, 1669941388.456702, 1669941389.5081186, 1669941390.8634965, 1669941392.9927633, 1669941395.2175786, 1669941396.263931, 1669941397.5783439, 1669941399.059235, 1669941408.614187, 1669941409.7339182, 1669941411.2304096, 1669941412.6083398, 1669941413.664485, 1669941415.8510292, 1669941417.8452253, 1669941419.122599, 1669941420.0707438, 1669941420.8008666, 1669941421.9841974, 1669941422.9986196, 1669941424.0623295, 1669941425.1254725, 1669941425.867489, 1669941426.8765008, 1669941428.0491543, 1669941429.4643455, 1669941431.6715105, 1669941433.1226068, 1669941434.7252743, 1669941435.9425938, 1669941437.341019, 1669941439.1232414, 1669941441.15205, 1669941442.3397737, 1669941443.7180548, 1669941444.9457629, 1669941446.303553, 1669941448.3860967, 1669941458.953787, 1669941459.9215539, 1669941461.1494408, 1669941462.1353407, 1669941462.9412134, 1669941464.1255627, 1669941465.8626633, 1669941467.206267, 1669941468.358421, 1669941470.0503016, 1669941471.3512523, 1669941472.7758768, 1669941474.1242483, 1669941475.3861368, 1669941477.2375863, 1669941478.5949345, 1669941479.784655, 1669941481.0444646, 1669941482.0649831, 1669941482.843983, 1669941483.7070816, 1669941484.854231, 1669941485.727232, 1669941486.5401418, 1669941487.3860931, 1669941488.603026, 1669941489.5336487, 1669941490.552394, 1669941492.1613448, 1669941493.1977382, 1669941494.901829, 1669941496.298361, 1669941497.82968, 1669941499.4202228, 1669941500.5571978, 1669941511.4115522, 1669941512.9475641, 1669941514.5129948, 1669941516.065806, 1669941517.1251009, 1669941518.3413084, 1669941520.0410507, 1669941521.524457, 1669941523.5223203, 1669941525.6141894, 1669941527.4361334, 1669941528.960056, 1669941529.9244516, 1669941530.6272402, 1669941532.0081487, 1669941533.1589947, 1669941534.5164437, 1669941535.4295967, 1669941536.1027353, 1669941537.5578249, 1669941538.61822, 1669941540.0013845, 1669941541.2562277, 1669941542.328259, 1669941543.400106, 1669941544.4707031, 1669941545.4617748, 1669941546.2492907, 1669941546.972544, 1669941547.6842208, 1669941548.4410508, 1669941549.3329659, 1669941550.1845555, 1669941550.9342544, 1669941551.8710356, 1669941560.9695802, 1669941562.5023925, 1669941563.7841363, 1669941565.525283, 1669941566.3279285, 1669941567.9233437, 1669941569.2833161, 1669941570.5143356, 1669941571.767873, 1669941573.0180314, 1669941574.843772, 1669941575.921119, 1669941577.2769258, 1669941578.7825804, 1669941580.2553794, 1669941581.2040594, 1669941582.9544196, 1669941584.1325717, 1669941585.753312, 1669941586.9417531, 1669941588.5150886, 1669941589.5247684, 1669941591.080207, 1669941592.5421271, 1669941593.7721102, 1669941594.9077034, 1669941596.2617462, 1669941597.6077926, 1669941598.6200714, 1669941599.6955662, 1669941600.61788, 1669941601.7458296, 1669941603.2228756, 1669941604.3039944, 1669941605.2741616, 1669941613.8248322, 1669941615.1520917, 1669941616.2519803, 1669941617.3730524, 1669941618.616155, 1669941619.987578, 1669941621.338683, 1669941622.5449033, 1669941624.1240592, 1669941625.3590035, 1669941626.7123528, 1669941628.3368437, 1669941629.4506857, 1669941630.633955, 1669941632.3421245, 1669941633.8367863, 1669941635.6140475, 1669941636.5744996, 1669941637.931584, 1669941639.1260517, 1669941640.7308927, 1669941641.7400775, 1669941643.4242783, 1669941644.4041564, 1669941645.9854233, 1669941647.7689047, 1669941649.2158668, 1669941650.161138, 1669941651.8614945, 1669941653.090419, 1669941654.1693752, 1669941654.9524093, 1669941656.2909627, 1669941657.9085083, 1669941667.7070978, 1669941668.810713, 1669941670.2650535, 1669941671.1915505, 1669941672.1086366, 1669941673.4441419, 1669941674.7908642, 1669941675.7592592, 1669941677.0331655, 1669941678.5205843, 1669941679.9073467, 1669941681.2134438, 1669941682.5435255, 1669941683.9643657, 1669941684.9011676, 1669941686.083853, 1669941687.6506858, 1669941689.9129732, 1669941691.066418, 1669941692.5158384, 1669941694.0967386, 1669941695.8359742, 1669941697.1250648, 1669941697.9337826, 1669941699.4420395, 1669941700.4937944, 1669941701.7713587, 1669941703.2294602, 1669941704.327567, 1669941705.602403, 1669941707.5778778, 1669941709.2130673],