{"initial_reset_timestamp": 1669940779.7916367, "timestamps": [1669940787.1765223, 1669940787.3961236, 1669940787.72265, 1669940788.0233743, 1669940788.3142502, 1669940788.6094987, 1669940792.5027406, 1669940792.819552, 1669940793.112162, 1669940793.4074907, 1669940793.7171366, 1669940794.0289245, 1669940794.236353, 1669940800.0724943, 1669940804.1861906, 1669940809.4583654, 1669940815.7660303, 1669940822.981808, 1669940830.2052567, 1669940837.6348314, 1669940851.0825274, 1669940858.5100234, 1669940864.2672322, 1669940870.384358, 1669940877.7796173, 1669940885.3270621, 1669940892.3225095, 1669940905.892149, 1669940912.7539876, 1669940919.7750063, 1669940925.4666529, 1669940931.8844032, 1669940939.0311823, 1669940952.931337, 1669940959.9544833, 1669940966.9735117, 1669940974.1029232, 1669940980.5642786, 1669940986.2033603, 1669940992.1722426, 1669941005.2598674, 1669941011.9953957, 1669941019.1782985, 1669941026.939371, 1669941034.125787, 1669941040.8687656, 1669941044.7704241, 1669941047.4120774, 1669941058.8305151, 1669941065.846874, 1669941070.0316103, 1669941076.2312696, 1669941082.896968, 1669941085.2251356, 1669941087.7032218, 1669941091.958187, 1669941098.6346385, 1669941108.1152983, 1669941112.8064055, 1669941117.8876362, 1669941121.1664958, 1669941124.2587986, 1669941127.5672758, 1669941133.0605707, 1669941140.0332153, 1669941144.923467, 1669941153.9975789, 1669941156.5333202, 1669941162.2999554, 1669941168.3233895, 1669941173.72657, 1669941175.4553106, 1669941178.1109583, 1669941180.145653, 1669941182.1137297, 1669941183.8833058, 1669941191.1071277, 1669941194.0382948, 1669941203.7917833, 1669941206.2704954, 1669941208.974199, 1669941215.7114398, 1669941220.1917682, 1669941224.5302656, 1669941230.832224, 1669941235.5069537, 1669941239.0650823, 1669941242.127804, 1669941254.110226, 1669941257.278182, 1669941259.596842, 1669941262.7917712, 1669941265.2237136, 1669941268.170247, 1669941270.5867682, 1669941277.3974206, 1669941284.1997945, 1669941286.2595196, 1669941290.597486, 1669941298.4788756, 1669941299.849816, 1669941302.1871293, 1669941308.914932, 1669941311.7991843, 1669941313.2104223, 1669941315.6049623, 1669941319.5077457, 1669941326.3242393, 1669941332.2066977, 1669941337.6812167, 1669941339.9362113, 1669941348.9848773, 1669941351.070848, 1669941354.2530947, 1669941357.1484342, 1669941359.1938446, 1669941360.9435143, 1669941363.1094625, 1669941364.1904953, 1669941366.231929, 1669941367.5073936, 1669941370.3088152, 1669941372.054768, 1669941375.9546628, 1669941378.6018305, 1669941381.6334438, 1669941385.8534956, 1669941387.8465748, 1669941397.8056958, 1669941400.069619, 1669941404.2404778, 1669941406.596202, 1669941408.1410453, 1669941410.3756993, 1669941412.5839527, 1669941416.404649, 1669941418.9134333, 1669941422.5003438, 1669941424.250467, 1669941426.6354222, 1669941428.9694636, 1669941431.1180787, 1669941433.1981661, 1669941435.905256, 1669941445.4379277, 1669941448.5705445, 1669941450.9400382, 1669941453.061926, 1669941455.130364, 1669941456.674117, 1669941458.6826835, 1669941460.3774297, 1669941462.9338303, 1669941464.6436636, 1669941467.0528843, 1669941469.5698195, 1669941473.1798718, 1669941475.8059666, 1669941477.9656146, 1669941480.0202935, 1669941482.7605145, 1669941484.1409879, 1669941485.537442, 1669941497.4428186, 1669941500.0654492, 1669941502.4864779, 1669941506.0313776, 1669941510.8794532, 1669941512.258877, 1669941513.9747658, 1669941516.5343056, 1669941518.038526, 1669941521.1442773, 1669941523.7853768, 1669941527.0193038, 1669941531.3261724, 1669941533.3596904, 1669941535.4740076, 1669941536.6414707, 1669941545.0227675, 1669941549.8183584, 1669941551.8030605, 1669941557.283304, 1669941558.5899546, 1669941560.4949167, 1669941562.810965, 1669941564.0538008, 1669941565.793455, 1669941567.0308337, 1669941568.7903247, 1669941571.603346, 1669941573.1423419, 1669941575.1935656, 1669941577.614891, 1669941579.6222355, 1669941581.6901703, 1669941583.9332876, 1669941594.7031374, 1669941596.1036403, 1669941597.5653665, 1669941598.6523976, 1669941599.9658432, 1669941602.3711097, 1669941603.7278998, 1669941604.9593415, 1669941605.8843954, 1669941606.9089417, 1669941608.071572, 1669941609.0333486, 1669941609.678416, 1669941610.2106006, 1669941611.5093415, 1669941612.5251198, 1669941614.0639393, 1669941614.9494293, 1669941616.0671191, 1669941617.2912009, 1669941618.9004216, 1669941620.305298, 1669941621.95957, 1669941624.239552, 1669941625.7401059, 1669941626.951786, 1669941628.226584, 1669941629.9199696, 1669941632.581949, 1669941634.1880507, 1669941643.8981824, 1669941644.958701, 1669941646.2346601, 1669941648.975741, 1669941650.2563853, 1669941651.8619916, 1669941653.2107184, 1669941654.916051, 1669941656.5550249, 1669941657.6453314, 1669941659.1552017, 1669941661.5451512, 1669941663.2403104, 1669941664.4672637, 1669941666.1853106, 1669941667.9675202, 1669941669.6342962, 1669941670.9245355, 1669941672.577368, 1669941674.563084, 1669941676.2442138, 1669941678.2207246, 1669941679.8808925, 1669941682.9442303, 1669941684.3621373], "episode_lengths": [150, 150, 150, 150, 150, 150, 150, 150, 150, 150, 150, 150, 77, 150, 150, 150, 150, 150, 150, 150, 150, 150, 150, 150, 150, 150, 150, 150, 150, 150, 150, 150, 148, 150, 150, 150, 150, 150, 150, 142, 150, 150, 150, 150, 150, 150, 96, 72, 150, 150, 86, 129, 144, 50, 54, 94, 150, 150, 137, 123, 68, 68, 68, 114, 150, 105, 67, 61, 130, 148, 150, 42, 66, 44, 39, 36, 150, 62, 82, 55, 62, 150, 98, 98, 150, 138, 99, 80, 150, 70, 51, 66, 51, 63, 50, 150, 150, 46, 105, 89, 55, 75, 150, 62, 28, 50, 86, 150, 131, 114, 48, 59, 67, 87, 89, 55, 47, 56, 27, 50, 29, 58, 37, 82, 57, 65, 94, 44, 63, 51, 103, 58, 37, 49, 47, 91, 64, 103, 52, 67, 57, 50, 43, 59, 50, 69, 55, 50, 48, 35, 47, 37, 55, 40, 56, 56, 79, 59, 49, 45, 79, 42, 44, 139, 57, 58, 83, 111, 30, 36, 54, 32, 67, 57, 71, 105, 49, 49, 25, 55, 150, 58, 150, 31, 43, 50, 25, 35, 24, 36, 56, 34, 47, 56, 45, 46, 48, 68, 33, 36, 28, 31, 56, 34, 32, 25, 30, 37, 30, 19, 15, 38, 28, 41, 21, 23, 27, 35, 35, 37, 50, 34, 25, 27, 34, 54, 33, 31, 21, 27, 68, 31, 38, 31, 36, 35, 22, 33, 49, 41, 29, 40, 49, 44, 37, 53, 53, 42, 49, 38, 71, 29],