{"initial_reset_timestamp": 1670107109.2253978, "timestamps": [1670107117.762422, 1670107117.9550605, 1670107118.3051076, 1670107118.6344907, 1670107118.9256346, 1670107119.2023501, 1670107119.4752872, 1670107119.7433717, 1670107120.0139723, 1670107120.2773767, 1670107126.5247371, 1670107126.8178809, 1670107127.096104, 1670107127.392623, 1670107127.8200343, 1670107128.1385076, 1670107128.456143, 1670107128.7721837, 1670107129.0924616, 1670107129.3748405, 1670107139.1967251, 1670107143.0941188, 1670107146.8923287, 1670107150.4850225, 1670107154.0367436, 1670107157.9000492, 1670107161.8276315, 1670107165.6150258, 1670107169.342413, 1670107172.9980962, 1670107180.3932414, 1670107183.773137, 1670107187.5077536, 1670107191.390239, 1670107193.7147832, 1670107197.5287967, 1670107201.170422, 1670107204.7556276, 1670107208.2830877, 1670107212.059702, 1670107215.8536692, 1670107225.370587, 1670107228.9311783, 1670107232.6766443, 1670107234.8212025, 1670107238.4657855, 1670107240.1263177, 1670107243.3103063, 1670107245.083273, 1670107248.7553859, 1670107251.8304846, 1670107255.6607735, 1670107258.7390404, 1670107267.064353, 1670107271.0144584, 1670107274.7404597, 1670107278.3595288, 1670107281.9565074, 1670107285.098888, 1670107288.2719514, 1670107291.3346434, 1670107292.5824778, 1670107295.9547348, 1670107297.5681741, 1670107301.0510125, 1670107309.6256075, 1670107313.171459, 1670107316.9051747, 1670107318.7469778, 1670107321.1253781, 1670107322.729582, 1670107324.7440648, 1670107327.0955806, 1670107330.0686078, 1670107332.1390934, 1670107333.9878564, 1670107335.860201, 1670107338.8377366, 1670107340.559405, 1670107344.3942149, 1670107353.0106256, 1670107354.7656677, 1670107358.5614333, 1670107362.3032246, 1670107363.872842, 1670107365.6907516, 1670107367.2227538, 1670107371.435284, 1670107373.8771002, 1670107376.242299, 1670107380.3116055, 1670107383.5886967], "episode_lengths": [100, 100, 100, 100, 100, 100, 100, 100, 100, 100, 100, 100, 100, 100, 100, 100, 100, 100, 100, 100, 100, 100, 100, 100, 100, 100, 100, 100, 100, 100, 46, 100, 100, 100, 63, 100, 100, 92, 100, 100, 100, 100, 100, 100, 53, 100, 47, 81, 41, 100, 83, 100, 84, 63, 100, 100, 100, 100, 91, 84, 88, 32, 100, 42, 100, 33, 100, 100, 51, 64, 39, 52, 61, 74, 55, 49, 56, 80, 46, 100, 62, 43, 100, 100, 42, 45, 36, 100, 62, 62, 100, 75], "episode_rewards": [-100.0, -100.0, -100.0, -100.0, -100.0, -100.0, -100.0, -100.0, -100.0, -100.0, -100.0, -100.0, -100.0, -100.0, -100.0, -100.0, -100.0, -100.0, -100.0, -100.0, -100.0, -100.0, -100.0, -100.0, -100.0, -100.0, -100.0, -100.0, -100.0, -100.0, -45.0, -100.0, -100.0, -100.0, -62.0, -100.0, -100.0, -91.0, -100.0, -100.0, -100.0, -100.0, -100.0, -100.0, -52.0, -100.0, -46.0, -80.0, -40.0, -100.0, -82.0, -100.0, -83.0, -62.0, -100.0, -100.0, -100.0, -100.0, -90.0, -83.0, -87.0, -31.0, -100.0, -41.0, -100.0, -32.0, -100.0, -100.0, -50.0, -63.0, -38.0, -51.0, -60.0, -73.0, -54.0, -48.0, -55.0, -79.0, -45.0, -100.0, -61.0, -42.0, -100.0, -100.0, -41.0, -44.0, -35.0, -100.0, -61.0, -61.0, -100.0, -74.0], "episode_types": ["t", "t", "t", "t", "t", "t", "t", "t", "t", "t", "t", "t", "t", "t", "t", "t", "t", "t", "t", "t", "t", "t", "t", "t", "t", "t", "t", "t", "t", "t", "t", "t", "t", "t", "t", "t", "t", "t", "t", "t", "t", "t", "t", "t", "t", "t", "t", "t", "t", "t", "t", "t", "t", "t", "t", "t", "t", "t", "t", "t", "t", "t", "t", "t", "t", "t", "t", "t", "t", "t", "t", "t", "t", "t", "t", "t", "t", "t", "t", "t", "t", "t", "t", "t", "t", "t", "t", "t", "t", "t", "t", "t", "t"]}