{"initial_reset_timestamp": 1670107111.430998, "timestamps": [1670107113.4720445, 1670107114.0600817, 1670107114.6536314, 1670107115.1043615, 1670107115.663658, 1670107116.2763948, 1670107116.711273, 1670107117.2912514, 1670107117.501886, 1670107117.7106175, 1670107121.5381765, 1670107122.076226, 1670107122.4837277, 1670107123.0917075, 1670107123.6496205, 1670107124.07854, 1670107124.6577487, 1670107125.2820923, 1670107125.7340095, 1670107126.3502126, 1670107130.7839334, 1670107131.385409, 1670107132.0485692, 1670107132.4842231, 1670107133.0556712, 1670107133.3808453, 1670107133.9250438, 1670107134.3473008, 1670107134.9541936, 1670107135.5163023, 1670107174.3903787, 1670107174.9073648, 1670107175.4380438, 1670107175.8449333, 1670107176.3929853, 1670107176.9671152, 1670107177.2715175, 1670107177.862218, 1670107178.323683, 1670107178.868426, 1670107217.5026798, 1670107217.8980577, 1670107218.4600024, 1670107219.1839883, 1670107219.5961134, 1670107220.1667714, 1670107220.3517776, 1670107220.8825214, 1670107221.2580109, 1670107221.804661, 1670107260.4422596, 1670107261.019103, 1670107261.6403704, 1670107262.059156, 1670107262.6174743, 1670107263.0866284, 1670107263.5858757, 1670107264.1858726, 1670107264.6535747, 1670107265.2386696, 1670107303.0882463, 1670107303.761006, 1670107304.2374861, 1670107304.544303, 1670107304.962833, 1670107305.5726116, 1670107306.068038, 1670107306.612791, 1670107307.217246, 1670107307.6852286, 1670107308.202985, 1670107308.785577, 1670107347.8462443, 1670107348.2984855, 1670107348.7737894, 1670107349.3538032, 1670107349.7755497, 1670107350.333007, 1670107350.9207969, 1670107351.3651483, 1670107352.0702183, 1670107352.6698942], "episode_lengths": [100, 100, 100, 100, 100, 100, 100, 100, 100, 100, 100, 100, 100, 100, 100, 100, 100, 100, 100, 100, 100, 100, 100, 100, 100, 100, 100, 100, 100, 100, 100, 100, 100, 100, 100, 100, 100, 100, 100, 100, 100, 100, 100, 100, 100, 100, 100, 100, 100, 100, 100, 100, 100, 100, 100, 100, 100, 100, 100, 100, 74, 97, 100, 32, 100, 100, 100, 100, 100, 99, 85, 100, 100, 100, 100, 100, 100, 100, 100, 100, 100, 100], "episode_rewards": [-100.0, -100.0, -100.0, -100.0, -100.0, -100.0, -100.0, -100.0, -100.0, -100.0, -100.0, -100.0, -100.0, -100.0, -100.0, -100.0, -100.0, -100.0, -100.0, -100.0, -100.0, -100.0, -100.0, -100.0, -100.0, -100.0, -100.0, -100.0, -100.0, -100.0, -100.0, -100.0, -100.0, -100.0, -100.0, -100.0, -100.0, -100.0, -100.0, -100.0, -100.0, -100.0, -100.0, -100.0, -100.0, -100.0, -100.0, -100.0, -100.0, -100.0, -100.0, -100.0, -100.0, -100.0, -100.0, -100.0, -100.0, -100.0, -100.0, -100.0, -73.0, -96.0, -100.0, -31.0, -100.0, -100.0, -100.0, -100.0, -100.0, -98.0, -84.0, -100.0, -100.0, -100.0, -100.0, -100.0, -100.0, -100.0, -100.0, -100.0, -100.0, -100.0], "episode_types": ["t", "t", "t", "t", "t", "t", "t", "t", "t", "t", "t", "t", "t", "t", "t", "t", "t", "t", "t", "t", "t", "t", "t", "t", "t", "t", "t", "t", "t", "t", "t", "t", "t", "t", "t", "t", "t", "t", "t", "t", "t", "t", "t", "t", "t", "t", "t", "t", "t", "t", "t", "t", "t", "t", "t", "t", "t", "t", "t", "t", "t", "t", "t", "t", "t", "t", "t", "t", "t", "t", "t", "t", "t", "t", "t", "t", "t", "t", "t", "t", "t", "t"]}