{"initial_reset_timestamp": 1667263213.0948007, "timestamps": [1667263214.1925418, 1667263214.2132897, 1667263214.2445362], "episode_lengths": [88, 79, 111], "episode_rewards": [-118.11052540749041, -327.4153117394716, -354.6920458658159], "episode_types": ["t", "t", "t", "t"]}