{"initial_reset_timestamp": 1670030099.4294198, "timestamps": [1670030115.427915, 1670030115.5919158, 1670030115.7632368, 1670030115.9212642, 1670030116.0842524, 1670030116.3203073, 1670030116.531922, 1670030116.9412286, 1670030117.2113543, 1670030117.418754, 1670030117.639864, 1670030117.8488474, 1670030118.068664, 1670030118.2999005, 1670030118.5536385, 1670030118.7457688, 1670030118.941712, 1670030119.1464558, 1670030119.3928385, 1670030119.6657536, 1670030132.6426308, 1670030132.8975198, 1670030133.1779563, 1670030133.6588194, 1670030133.927295, 1670030134.2033262, 1670030134.4581656, 1670030134.6639047, 1670030134.9154246, 1670030135.151705, 1670030135.3718588, 1670030135.62304, 1670030135.8291037, 1670030136.05489, 1670030136.3183987, 1670030136.5568976, 1670030136.9295113, 1670030137.1261625, 1670030137.3195019, 1670030137.5196323], "episode_lengths": [50, 50, 50, 50, 50, 50, 50, 50, 50, 50, 50, 50, 50, 50, 50, 50, 50, 50, 50, 50, 50, 50, 50, 50, 50, 50, 50, 50, 50, 50, 50, 50, 50, 50, 50, 50, 50, 50, 50, 50], "episode_rewards": [-50.0, -50.0, -50.0, -50.0, -50.0, -50.0, -50.0, -50.0, -50.0, -50.0, -50.0, -50.0, -50.0, -50.0, -50.0, -50.0, -50.0, -50.0, -50.0, -50.0, -50.0, -50.0, -50.0, -50.0, -50.0, -50.0, -50.0, -50.0, -50.0, -50.0, -50.0, -50.0, -50.0, -50.0, -50.0, -50.0, -50.0, -50.0, -50.0, -50.0], "episode_types": ["t", "t", "t", "t", "t", "t", "t", "t", "t", "t", "t", "t", "t", "t", "t", "t", "t", "t", "t", "t", "t", "t", "t", "t", "t", "t", "t", "t", "t", "t", "t", "t", "t", "t", "t", "t", "t", "t", "t", "t", "t"]}