{"initial_reset_timestamp": 1670030102.430647, "timestamps": [1670030104.701295, 1670030105.3364508, 1670030105.9895754, 1670030106.6152399, 1670030107.2456222, 1670030107.5325837, 1670030108.125376, 1670030108.6099203, 1670030109.0249577, 1670030109.5152895, 1670030110.1226761, 1670030110.6887531, 1670030111.3858213, 1670030111.9479637, 1670030112.532817, 1670030112.9362273, 1670030113.5269158, 1670030114.1419902, 1670030114.7632458, 1670030115.4008045, 1670030121.5873642, 1670030122.2018242, 1670030122.7486255, 1670030123.3148475, 1670030123.842189, 1670030124.4449425, 1670030125.0671449, 1670030125.6970036, 1670030126.4984062, 1670030127.0569818, 1670030127.6436749, 1670030128.2672923, 1670030128.8074412, 1670030129.3133829, 1670030129.8185952, 1670030130.3991797, 1670030130.9004164, 1670030131.3732138, 1670030131.964903, 1670030132.5369627, 1670030138.9973233, 1670030139.6401308, 1670030140.2614622, 1670030140.765618, 1670030141.4006517, 1670030141.9820862, 1670030142.5814779, 1670030143.1332445, 1670030143.655523, 1670030144.1740007, 1670030144.7674122, 1670030145.4074976, 1670030145.9436667, 1670030146.3789752, 1670030146.950497, 1670030147.552488, 1670030148.1154172, 1670030148.624433, 1670030149.3691883, 1670030149.9004598], "episode_lengths": [50, 50, 50, 50, 50, 50, 50, 50, 50, 50, 50, 50, 50, 50, 50, 50, 50, 50, 50, 50, 50, 50, 50, 50, 50, 50, 50, 50, 50, 50, 50, 50, 50, 50, 50, 50, 50, 50, 50, 50, 50, 50, 50, 50, 50, 50, 50, 50, 50, 50, 50, 50, 50, 50, 50, 50, 50, 50, 50, 50], "episode_rewards": [-50.0, -50.0, -50.0, -50.0, -50.0, -50.0, -50.0, -50.0, -50.0, -50.0, -50.0, -50.0, -50.0, -50.0, -50.0, -50.0, -50.0, -50.0, -50.0, -50.0, -50.0, -50.0, -50.0, -50.0, -50.0, -50.0, -50.0, -50.0, -50.0, -50.0, -50.0, -50.0, -50.0, -50.0, -50.0, -50.0, -50.0, -50.0, -50.0, -50.0, -50.0, -50.0, -50.0, -50.0, -50.0, -50.0, -50.0, -50.0, -50.0, -50.0, -50.0, -50.0, -50.0, -50.0, -50.0, -50.0, -50.0, -50.0, -50.0, -50.0], "episode_types": ["t", "t", "t", "t", "t", "t", "t", "t", "t", "t", "t", "t", "t", "t", "t", "t", "t", "t", "t", "t", "t", "t", "t", "t", "t", "t", "t", "t", "t", "t", "t", "t", "t", "t", "t", "t", "t", "t", "t", "t", "t", "t", "t", "t", "t", "t", "t", "t", "t", "t", "t", "t", "t", "t", "t", "t", "t", "t", "t", "t"]}