{"initial_reset_timestamp": 1670010104.083032, "timestamps": [1670010106.3943117, 1670010106.7884202, 1670010107.2572398, 1670010108.6034534, 1670010109.369547, 1670010110.3103635, 1670010111.698862, 1670010114.6147087, 1670010114.9231, 1670010115.2171087, 1670010115.5019634, 1670010115.7744334, 1670010116.0541117, 1670010116.380688, 1670010116.7422771, 1670010120.094736, 1670010121.4310966, 1670010122.352197, 1670010122.89339, 1670010123.4131644, 1670010123.943069, 1670010124.472762, 1670010125.0031254, 1670010175.779904, 1670010176.5614545, 1670010177.2943075, 1670010178.036579, 1670010178.8580668, 1670010179.6453247, 1670010180.4406607, 1670010238.2243135, 1670010240.0215955, 1670010241.7697647, 1670010242.6765254, 1670010243.5036972, 1670010244.3678405, 1670010245.40343, 1670010342.539698, 1670010344.1732717, 1670010346.3508558, 1670010348.4398417, 1670010350.6235912, 1670010352.8126917, 1670010354.5429614, 1670010428.4799407, 1670010430.0195048, 1670010431.766211, 1670010433.0954165, 1670010433.9084694, 1670010434.6968927, 1670010435.4983974, 1670010501.4151103, 1670010503.5232575, 1670010505.7338002, 1670010507.8944304, 1670010510.0378444, 1670010512.2332563, 1670010514.4444013, 1670010590.9380407, 1670010591.661175, 1670010592.2679744, 1670010592.8763294, 1670010594.3348887, 1670010595.8849132, 1670010597.3350096, 1670010669.4433298, 1670010670.1487556, 1670010670.8684275, 1670010671.5074782, 1670010672.1304617, 1670010672.7584152, 1670010673.4282126, 1670010751.3707979, 1670010752.5652344, 1670010753.284286, 1670010754.0393121, 1670010755.7892265, 1670010757.8114073, 1670010759.994345, 1670010850.7656019, 1670010851.4779255, 1670010852.135992, 1670010853.0593202, 1670010854.729366, 1670010856.5155864, 1670010858.4839242, 1670010935.5609002, 1670010936.4606898, 1670010937.4800577, 1670010938.2404964, 1670010939.803291, 1670010941.5119479, 1670010943.2002897, 1670011006.4817905, 1670011007.1542, 1670011007.9283426, 1670011008.6383524, 1670011009.3951497, 1670011010.170278, 1670011010.9525874, 1670011095.5359979, 1670011097.6411803, 1670011099.7715423, 1670011100.749995, 1670011101.9770553, 1670011103.6637027, 1670011105.2448835, 1670011165.2541673, 1670011165.9709764, 1670011166.6429615, 1670011167.2395859, 1670011167.910318, 1670011168.5773668, 1670011169.6096108, 1670011233.0750623, 1670011233.907411, 1670011234.6536238, 1670011235.3742776, 1670011236.156304, 1670011236.8822114, 1670011237.5703273, 1670011296.8806903, 1670011297.991598, 1670011299.5883486, 1670011301.3592787, 1670011302.9585836, 1670011304.7084167, 1670011306.308257, 1670011388.7512414, 1670011389.5151281, 1670011390.2229383, 1670011390.981952, 1670011391.7407992, 1670011392.573428, 1670011393.2841198, 1670011447.9503534, 1670011448.6974847, 1670011449.2557702, 1670011449.9243503, 1670011450.5681772, 1670011452.198323, 1670011453.7613366, 1670011530.7670276, 1670011533.0019617, 1670011535.269566, 1670011537.2769403, 1670011538.9526327, 1670011540.5758314, 1670011542.3020227, 1670011628.4416437, 1670011629.5046654, 1670011631.296603, 1670011633.1547856, 1670011634.7594707, 1670011635.997043, 1670011638.0161066, 1670011713.7813585, 1670011715.7939868, 1670011717.8020456, 1670011719.5328221, 1670011721.5971332, 1670011723.449718, 1670011725.17355, 1670011813.0755541, 1670011814.9764652, 1670011816.738437, 1670011818.868574, 1670011821.1643403, 1670011823.4201434, 1670011825.2201443, 1670011898.8072107, 1670011901.1275144, 1670011903.312956, 1670011905.2068043, 1670011906.5286841, 1670011907.4663641, 1670011908.347736, 1670011973.190576, 1670011974.1259813, 1670011975.922647, 1670011977.8240547, 1670011979.5182614, 1670011980.4252253, 1670011981.2916434, 1670012063.8072257, 1670012065.6704223, 1670012067.658609, 1670012069.72443, 1670012071.9894228, 1670012073.7609057, 1670012075.654411, 1670012145.36219, 1670012146.273901, 1670012147.1194766, 1670012148.3724246, 1670012150.2285092, 1670012152.0257301, 1670012153.3515086, 1670012232.6886628, 1670012234.6441035, 1670012236.5623753, 1670012238.3417518, 1670012239.660123, 1670012240.599679, 1670012242.433519, 1670012313.5245073, 1670012315.3000965, 1670012317.09632, 1670012318.0215397, 1670012319.6196616, 1670012321.5757284, 1670012323.3825045, 1670012398.9320302, 1670012400.8636775, 1670012402.730085, 1670012403.681033, 1670012404.5696263, 1670012405.9654133, 1670012407.8082614, 1670012490.7654157, 1670012492.9963684, 1670012495.2571921, 1670012497.5667455, 1670012499.677529, 1670012501.512794, 1670012503.4086967, 1670012568.52655, 1670012569.4385872, 1670012570.362705, 1670012571.1787655, 1670012572.031004, 1670012573.2143393, 1670012574.1602418, 1670012641.9627209, 1670012643.6361725, 1670012644.4953282, 1670012646.1852856, 1670012647.8411596, 1670012648.6871533, 1670012649.5742896, 1670012716.517919, 1670012718.8130968, 1670012721.079567, 1670012722.8268354, 1670012724.4186466, 1670012726.2490323, 1670012728.2031057, 1670012811.2214086, 1670012812.182345, 1670012813.0181494, 1670012813.8663578, 1670012814.698035, 1670012815.5001378, 1670012816.3949974, 1670012886.185459, 1670012888.0073931, 1670012889.8328483, 1670012891.7296612, 1670012893.775524, 1670012895.55702, 1670012897.2895846, 1670012988.4403236, 1670012990.4207647, 1670012992.1061084, 1670012993.9519632, 1670012996.0062926, 1670012997.8690455, 1670012999.8014894, 1670013081.9459207, 1670013083.3137665, 1670013084.1819234, 1670013085.0790966, 1670013085.9697015, 1670013086.8822954, 1670013088.5868356, 1670013145.4546225, 1670013146.5547254, 1670013147.5520382, 1670013148.6045673, 1670013149.7357814, 1670013150.6655676, 1670013151.6299138, 1670013204.5682306, 1670013206.2809908, 1670013208.1297436, 1670013210.0035534, 1670013211.8711843, 1670013213.6489308, 1670013215.3953195, 1670013276.7620738, 1670013277.6149046, 1670013278.4660528, 1670013279.3997743, 1670013280.3569705, 1670013281.2666702, 1670013282.1624093, 1670013349.3679543, 1670013351.4114473, 1670013352.8113468, 1670013354.4654024, 1670013355.827904, 1670013356.9139411, 1670013357.993232, 1670013419.9383416, 1670013421.6040802, 1670013422.75454, 1670013423.618328, 1670013424.5154905, 1670013425.789173, 1670013426.675704, 1670013493.403677, 1670013495.3042252, 1670013497.0791411, 1670013498.7940075, 1670013499.6575935, 1670013500.8207486, 1670013503.15816, 1670013567.0055828, 1670013568.2855082, 1670013569.9642856, 1670013571.6593826, 1670013573.3948078, 1670013575.1989484, 1670013576.8590407, 1670013645.1926548, 1670013646.401655, 1670013647.1325648, 1670013647.9178195, 1670013648.703366, 1670013649.4863915, 1670013650.710505, 1670013740.995908, 1670013742.898643, 1670013744.8212938, 1670013746.1778069, 1670013747.0900211, 1670013747.9156466, 1670013748.7208872, 1670013800.3379169, 1670013801.2461586, 1670013802.1220098, 1670013802.9652226, 1670013803.8073466, 1670013804.659294, 1670013805.5482893, 1670013861.897077, 1670013862.7692974, 1670013863.6369703, 1670013864.4734216, 1670013865.3656101, 1670013866.2287266, 1670013867.8548973],