{"initial_reset_timestamp": 1670010101.0864887, "timestamps": [1670010111.779326, 1670010111.9882338, 1670010112.3291566, 1670010112.6290362, 1670010112.9245114, 1670010113.2292414, 1670010116.7942984, 1670010117.1111627, 1670010117.4267468, 1670010117.7406275, 1670010118.0408762, 1670010118.358041, 1670010118.6722057, 1670010127.3025055, 1670010131.1162093, 1670010138.7227142, 1670010144.8174815, 1670010154.2505903, 1670010163.7684655, 1670010170.6323438, 1670010187.9694912, 1670010195.1332686, 1670010203.947299, 1670010209.1467748, 1670010218.664678, 1670010226.8083787, 1670010246.785149, 1670010261.1158662, 1670010275.4285705, 1670010290.308744, 1670010302.9574585, 1670010314.318975, 1670010328.9774957, 1670010358.133395, 1670010371.8074353, 1670010380.254899, 1670010392.687432, 1670010404.6275058, 1670010413.6885896, 1670010421.295925, 1670010438.5184758, 1670010442.852065, 1670010452.3231125, 1670010460.3763287, 1670010466.9897847, 1670010475.22093, 1670010484.1192284, 1670010492.1851203, 1670010518.3930192, 1670010533.907516, 1670010542.4341767, 1670010554.5378306, 1670010562.085825, 1670010568.1971369, 1670010573.107654, 1670010577.1082094, 1670010585.5179307, 1670010588.5876267, 1670010600.1055045, 1670010611.9413104, 1670010620.5089552, 1670010625.7242124, 1670010638.0547497, 1670010643.1628, 1670010645.5686648, 1670010654.9391878, 1670010663.5794122, 1670010676.3589196, 1670010683.4716275, 1670010693.869883, 1670010704.123251, 1670010716.714875, 1670010721.5657406, 1670010726.6168745, 1670010737.7475212, 1670010741.9622507, 1670010764.5090177, 1670010772.7104435, 1670010779.8485909, 1670010784.725233, 1670010788.8483927, 1670010793.9987187, 1670010796.5691628, 1670010803.2935777, 1670010814.110752, 1670010821.0732732, 1670010826.8249242, 1670010833.668999, 1670010843.64137, 1670010847.6999662, 1670010860.802343, 1670010872.2917483, 1670010876.2367485, 1670010877.9781055, 1670010888.3622484, 1670010893.053822, 1670010900.1785033, 1670010906.2304049, 1670010908.798913, 1670010913.6972475, 1670010920.5053532, 1670010925.7736373, 1670010932.495307, 1670010944.8566737, 1670010948.3327663, 1670010950.4150279, 1670010952.3214555, 1670010957.0445197, 1670010960.057873, 1670010965.157227, 1670010969.1015756, 1670010970.9929433, 1670010973.6332312, 1670010978.219468, 1670010980.6545532, 1670010982.8653526, 1670010984.4368236, 1670010985.6244376, 1670010986.6502748, 1670010988.076755, 1670010990.8796346, 1670010994.148303, 1670010995.3346832, 1670010998.029364, 1670010999.174716, 1670011004.6291134, 1670011012.9691858, 1670011016.1527293, 1670011017.6938987, 1670011019.3925135, 1670011021.9724932, 1670011024.6466317, 1670011027.6279027, 1670011031.9661024, 1670011034.7148867, 1670011039.360299, 1670011042.999879, 1670011047.1305323, 1670011051.7571588, 1670011054.6309588, 1670011058.9171119, 1670011062.7923365, 1670011065.8369758, 1670011067.6335373, 1670011069.3979425, 1670011072.6072822, 1670011074.5279806, 1670011077.876988, 1670011080.9586384, 1670011084.4854949, 1670011086.6987042, 1670011089.4462428, 1670011107.0159564, 1670011108.3902884, 1670011109.5289114, 1670011111.7421803, 1670011113.7107902, 1670011116.331292, 1670011119.5118337, 1670011121.589569, 1670011123.7574508, 1670011124.8111563, 1670011126.620446, 1670011127.9180684, 1670011128.9982383, 1670011132.7799852, 1670011136.559582, 1670011138.26656, 1670011139.7821445, 1670011141.4805167, 1670011142.56189, 1670011145.0606658, 1670011149.2754436, 1670011151.9092672, 1670011154.1056151, 1670011156.625577, 1670011158.9865377, 1670011160.1073449, 1670011161.9661174, 1670011163.1164117, 1670011171.1037004, 1670011175.564359, 1670011178.812386, 1670011180.7215226, 1670011182.3893566, 1670011183.330512, 1670011184.6853464, 1670011185.8574317, 1670011187.5577772, 1670011189.5814438, 1670011192.8693676, 1670011200.374306, 1670011202.0341372, 1670011203.2899892, 1670011204.4971735, 1670011205.70986, 1670011209.738231, 1670011211.3975215, 1670011213.1368544, 1670011214.546355, 1670011216.391423, 1670011219.7996368, 1670011221.1770356, 1670011225.1276848, 1670011227.4476664, 1670011229.4111633, 1670011230.4759552, 1670011237.9133496, 1670011239.1578126, 1670011240.9559352, 1670011242.14541, 1670011246.7128317, 1670011248.337181, 1670011250.6525435, 1670011253.3654015, 1670011255.9877257, 1670011257.4899771, 1670011258.7258387, 1670011260.1820998, 1670011261.5613973, 1670011262.7863917, 1670011263.6663785, 1670011265.2520103, 1670011267.6821537, 1670011269.952048, 1670011272.5747757, 1670011273.872665, 1670011274.9478805, 1670011276.754142, 1670011279.263859, 1670011280.1695592, 1670011283.6825705, 1670011286.312397, 1670011289.2442338, 1670011291.405106, 1670011294.1823413, 1670011307.3349693, 1670011310.4295828, 1670011313.4505675, 1670011315.1872613, 1670011317.735178, 1670011322.2681613, 1670011324.8959188, 1670011326.2284286, 1670011327.3379774, 1670011329.141939, 1670011333.36138, 1670011335.140295, 1670011341.4646132, 1670011346.4084797, 1670011348.869636, 1670011353.9057634, 1670011357.2209995, 1670011359.688708, 1670011365.0468996, 1670011367.6506057, 1670011371.2788906, 1670011373.5645797, 1670011379.227522, 1670011383.0735877, 1670011393.9364839, 1670011395.092252, 1670011396.632788, 1670011398.028208, 1670011400.1279578, 1670011401.3218346, 1670011402.4281464, 1670011403.833438, 1670011404.7271855, 1670011407.250148, 1670011408.9785423, 1670011410.37044, 1670011411.8598268, 1670011413.2948706, 1670011415.7173781, 1670011417.6032033, 1670011418.4445522, 1670011419.76068, 1670011421.0198157, 1670011423.6256976, 1670011425.7524238, 1670011427.5871046, 1670011429.215802, 1670011430.571216, 1670011433.0874977, 1670011434.6236928, 1670011437.020532, 1670011438.186242, 1670011439.5275965, 1670011440.7657428, 1670011443.8036287, 1670011453.7722208, 1670011456.1152053, 1670011457.623075, 1670011458.94418, 1670011460.8970828, 1670011464.221326, 1670011467.0196643, 1670011468.3988137, 1670011469.738404, 1670011470.7774613, 1670011475.881235, 1670011480.4457426, 1670011483.9319744, 1670011487.0047133, 1670011490.0767817, 1670011493.022925, 1670011496.1193697, 1670011498.9824398, 1670011502.3166645, 1670011505.7747445, 1670011510.1952, 1670011512.8986342, 1670011517.6518753, 1670011519.3649712, 1670011521.2526135, 1670011523.9641807], "episode_lengths": [150, 150, 150, 150, 150, 150, 135, 150, 150, 150, 150, 138, 150, 150, 150, 150, 150, 150, 150, 150, 150, 150, 150, 150, 150, 150, 150, 150, 150, 150, 150, 121, 150, 150, 150, 150, 150, 150, 132, 150, 150, 97, 150, 116, 117, 143, 95, 103, 150, 150, 90, 150, 150, 73, 49, 53, 150, 76, 61, 150, 87, 59, 141, 88, 53, 150, 147, 150, 100, 150, 150, 150, 52, 83, 128, 42, 117, 87, 75, 56, 44, 94, 49, 70, 119, 75, 58, 71, 96, 48, 40, 132, 49, 28, 148, 74, 103, 80, 33, 54, 90, 70, 80, 52, 42, 35, 42, 49, 32, 62, 89, 43, 50, 60, 41, 43, 35, 26, 23, 32, 34, 49, 28, 65, 28, 67, 44, 38, 20, 38, 35, 29, 61, 75, 40, 53, 37, 42, 50, 28, 53, 41, 34, 16, 16, 30, 27, 39, 33, 34, 26, 35, 55, 37, 29, 47, 27, 37, 34, 36, 35, 20, 32, 28, 24, 57, 45, 25, 33, 37, 22, 56, 48, 46, 24, 28, 47, 29, 53, 29, 30, 55, 42, 29, 41, 22, 30, 28, 43, 22, 38, 112, 34, 31, 28, 22, 46, 28, 42, 33, 37, 41, 23, 45, 39, 22, 23, 36, 30, 45, 29, 55, 28, 56, 32, 38, 27, 27, 35, 32, 25, 18, 36, 40, 26, 42, 30, 25, 34, 42, 21, 57, 40, 43, 35, 29, 26, 36, 55, 41, 29, 59, 37, 32, 25, 28, 51, 41, 67, 47, 23, 48, 36, 29, 63, 25, 42, 29, 55, 47, 59, 28, 35, 32, 48, 27, 25, 33, 21, 58, 38, 33, 28, 17, 27, 34, 21, 33, 32, 51, 24, 20, 33, 31, 33, 24, 32, 26, 35, 31, 45, 28, 34, 39, 30, 48, 39, 38, 32, 30, 24, 63, 57, 46, 53, 31, 35, 30, 27, 33, 38, 47, 32, 51, 23, 43, 31],