{"initial_reset_timestamp": 1670120028.4555786, "timestamps": [1670120036.9780095, 1670120037.155397, 1670120037.4972496, 1670120037.8061895, 1670120038.0797005, 1670120038.3517263, 1670120038.617331, 1670120038.877634, 1670120039.1348314, 1670120039.4126754, 1670120045.5677977, 1670120045.8498838, 1670120046.1167684, 1670120046.379209, 1670120046.7365453, 1670120047.006569, 1670120047.2665064, 1670120047.5336165, 1670120047.7900093, 1670120048.0464892, 1670120056.9912925, 1670120060.5840504, 1670120064.065769, 1670120067.5877113, 1670120071.1916215, 1670120074.7816892, 1670120078.52307, 1670120081.9984097, 1670120085.66594, 1670120089.0494673, 1670120097.8627965, 1670120101.6192334, 1670120104.9751177, 1670120108.4164882, 1670120111.9325514, 1670120115.4352682, 1670120118.705573, 1670120121.439443, 1670120124.8134267, 1670120128.525569, 1670120137.4962022, 1670120140.4101634, 1670120143.9526632, 1670120147.6310973, 1670120149.4979594, 1670120152.9197059, 1670120156.464121, 1670120160.1618493, 1670120163.7199514, 1670120166.0727549, 1670120169.8262463, 1670120178.6533186, 1670120182.1773093, 1670120185.6411715, 1670120189.2064242, 1670120192.6483045, 1670120196.0596232, 1670120199.6895554, 1670120202.5403352, 1670120204.6373875, 1670120208.17111, 1670120211.8305206, 1670120221.231427, 1670120224.8412244, 1670120228.4965832, 1670120232.0772808, 1670120235.502783, 1670120239.0563328, 1670120242.5039275, 1670120246.0880663, 1670120249.6599853, 1670120253.2296536, 1670120262.4178593, 1670120266.019562, 1670120269.5895157, 1670120271.099164, 1670120273.0941179, 1670120276.6727219, 1670120280.2515213, 1670120283.81501, 1670120287.5030425, 1670120291.1357641, 1670120300.100922, 1670120303.621139, 1670120307.2467048, 1670120310.74087, 1670120314.3521423, 1670120318.0697002, 1670120321.6664689, 1670120325.4183824, 1670120328.8844924, 1670120332.411256, 1670120341.30939, 1670120344.8027742, 1670120348.27206, 1670120351.7797246, 1670120355.2186732, 1670120358.5209224, 1670120362.090354, 1670120365.522769, 1670120369.0421138, 1670120372.5257027, 1670120381.8456805, 1670120385.2898846, 1670120389.139335, 1670120392.683002, 1670120396.1618009, 1670120399.594315, 1670120403.103723, 1670120406.496298, 1670120410.188719, 1670120413.8003268, 1670120422.5841835, 1670120426.361226, 1670120429.963066, 1670120433.4696455, 1670120437.1425507, 1670120440.824022, 1670120444.36658, 1670120447.9549475, 1670120451.4019802, 1670120454.802643, 1670120463.9843335, 1670120467.5182757, 1670120471.2263288, 1670120474.7109177, 1670120478.1862345, 1670120481.7120614, 1670120485.2595198, 1670120488.8105698, 1670120492.4680753, 1670120495.9149284, 1670120505.032338, 1670120508.5589225, 1670120512.1302612, 1670120515.781405, 1670120519.2892513, 1670120522.8315842, 1670120526.2779503, 1670120529.7069876, 1670120533.361165, 1670120536.859582, 1670120546.0378084, 1670120549.7050438, 1670120553.2101126, 1670120556.6467795, 1670120560.1870193, 1670120563.7431753, 1670120567.3657444, 1670120569.688417, 1670120571.753007, 1670120575.394062, 1670120584.6123934, 1670120588.1769104, 1670120591.8234117, 1670120595.5216393, 1670120599.1603408, 1670120602.644253, 1670120606.348489, 1670120609.3113172, 1670120612.7684076, 1670120616.2076328, 1670120625.3013196, 1670120628.8139987, 1670120632.1576822, 1670120635.766915, 1670120639.292999, 1670120642.7075572, 1670120646.1875346, 1670120649.8090336, 1670120653.2616825, 1670120656.7690456, 1670120665.9051232, 1670120669.4820352, 1670120673.3348458, 1670120677.0195482, 1670120680.615357, 1670120684.211266, 1670120687.775757, 1670120691.4718337, 1670120695.1872334, 1670120698.8108268, 1670120707.695047, 1670120711.1835244, 1670120714.6177607, 1670120718.3071082, 1670120721.782372, 1670120725.1270218, 1670120728.5923712, 1670120732.0697927, 1670120735.6166182, 1670120739.326935, 1670120748.2739356, 1670120751.8280814, 1670120755.2815452, 1670120758.7526455, 1670120762.320744, 1670120765.8751774, 1670120769.5367417, 1670120773.132086, 1670120776.625553, 1670120779.9821463, 1670120789.2303188, 1670120792.8069475, 1670120796.3141534, 1670120800.0233676, 1670120803.5599735, 1670120807.1741123, 1670120810.8054428, 1670120814.4316056, 1670120818.0015838, 1670120821.7216325, 1670120831.0830634, 1670120834.5402868, 1670120838.1546, 1670120841.6612494, 1670120845.2148745, 1670120848.7395792, 1670120852.0999978, 1670120855.6612315, 1670120858.6674101, 1670120862.1583538, 1670120870.3520074, 1670120871.4639776, 1670120874.8886325, 1670120878.4203868, 1670120881.8548315, 1670120885.5098236, 1670120889.0159614, 1670120892.482116, 1670120895.9984758, 1670120899.5615377, 1670120908.496332, 1670120911.9901273, 1670120915.484783, 1670120919.05501, 1670120922.7955523, 1670120926.5170937, 1670120930.2510743, 1670120933.97981, 1670120937.6438696, 1670120941.1848176, 1670120950.524278, 1670120954.016311, 1670120957.5930774, 1670120961.100445, 1670120964.6816905, 1670120968.1692758, 1670120971.7830815, 1670120975.2288246, 1670120978.7137928, 1670120982.3271167, 1670120991.3602831, 1670120994.9646566, 1670120998.482268, 1670121001.9817514, 1670121005.5211015, 1670121009.1564398, 1670121012.8737473, 1670121016.418382, 1670121019.8858619, 1670121023.258635, 1670121032.4530504, 1670121036.0196545, 1670121039.5133212, 1670121043.1264331, 1670121046.7334583, 1670121050.3124542, 1670121053.9429967, 1670121057.6089628, 1670121061.1375463, 1670121064.6866167, 1670121073.742013, 1670121077.175001, 1670121080.7005975, 1670121084.172941, 1670121087.7142243, 1670121091.2743647, 1670121094.94567, 1670121098.7141323, 1670121102.371275, 1670121105.9605627, 1670121114.3348682, 1670121117.903409, 1670121121.360788, 1670121124.9841845, 1670121128.5276954, 1670121132.064259, 1670121135.48507, 1670121139.017843, 1670121142.7216833, 1670121146.3633814, 1670121155.6380966, 1670121159.1616268, 1670121162.9182098, 1670121166.505992, 1670121169.4180045, 1670121170.3843405, 1670121172.8695302, 1670121176.3562376, 1670121179.9677286, 1670121183.6543715, 1670121193.155081, 1670121196.6734574, 1670121200.3695333, 1670121203.9035914, 1670121207.4430976, 1670121211.0253525, 1670121214.5232847, 1670121218.105635, 1670121221.6524856, 1670121225.123237, 1670121233.92771, 1670121237.3764572, 1670121241.033944, 1670121244.4971259, 1670121248.208481, 1670121251.6186333, 1670121255.058209, 1670121258.666976, 1670121262.1820893, 1670121265.5892658, 1670121274.4212759, 1670121277.9116366, 1670121281.7190325, 1670121285.3848283, 1670121288.8758795, 1670121292.475517, 1670121295.9257858, 1670121299.5124028, 1670121303.1799607, 1670121306.8632257, 1670121316.3251634, 1670121320.1344187, 1670121323.651902, 1670121327.1823025, 1670121330.694509, 1670121334.0754905, 1670121337.5635188, 1670121341.0351782, 1670121344.5670128, 1670121348.004614, 1670121356.9413855, 1670121358.6715114, 1670121359.770318, 1670121360.8439093, 1670121363.075216, 1670121366.6256325, 1670121370.1481247, 1670121373.541797, 1670121377.0295188, 1670121380.5015602, 1670121390.0480084, 1670121393.6676872, 1670121397.3828282, 1670121401.0956001, 1670121404.7062407, 1670121408.2920957, 1670121411.9411857, 1670121415.4719155, 1670121419.0372415, 1670121422.7930772, 1670121431.6511462, 1670121435.1655085, 1670121438.6179924, 1670121442.1699188, 1670121445.7665908, 1670121449.4744558, 1670121453.0022461, 1670121456.527044, 1670121460.0259497, 1670121463.6073005, 1670121472.8318446, 1670121476.3722296, 1670121479.949692, 1670121483.6362476, 1670121487.0434206, 1670121490.5967357, 1670121494.4099584, 1670121498.0060887, 1670121501.5555801, 1670121505.1934593, 1670121514.8468647, 1670121518.4851713, 1670121522.2398884, 1670121525.809682, 1670121529.493754, 1670121532.9434862, 1670121536.4111476, 1670121540.105561, 1670121543.7900908, 1670121547.348266, 1670121556.6533055, 1670121560.2435617, 1670121563.6723876, 1670121567.2924688, 1670121570.8916035, 1670121574.488982, 1670121577.9722648, 1670121581.4655313, 1670121585.1106427, 1670121588.576375, 