{"initial_reset_timestamp": 1670120030.6001332, "timestamps": [1670120032.5238326, 1670120033.0943608, 1670120033.5654519, 1670120034.1418931, 1670120034.4128633, 1670120034.9836252, 1670120035.3866138, 1670120035.9534857, 1670120036.5240867, 1670120036.9332438, 1670120040.6726575, 1670120041.243511, 1670120041.6552572, 1670120042.210989, 1670120042.7437356, 1670120043.132668, 1670120043.6936834, 1670120044.341183, 1670120044.770229, 1670120045.4158676, 1670120049.3011286, 1670120049.7703526, 1670120050.1873384, 1670120050.7699401, 1670120051.1763656, 1670120051.748809, 1670120052.1537187, 1670120052.6081357, 1670120053.1790948, 1670120053.5434883, 1670120090.3131864, 1670120090.8838336, 1670120091.3021398, 1670120091.9454916, 1670120092.4211357, 1670120092.8400452, 1670120093.4097404, 1670120093.7335346, 1670120094.202736, 1670120094.629534, 1670120131.165044, 1670120131.6706252, 1670120132.175235, 1670120132.5408921, 1670120133.1403167, 1670120133.7192066, 1670120134.115344, 1670120134.680332, 1670120134.947194, 1670120135.3997931, 1670120172.5911498, 1670120173.1540444, 1670120173.7247703, 1670120174.1280878, 1670120174.80446, 1670120175.3641899, 1670120175.741559, 1670120176.3039467, 1670120176.7617226, 1670120177.2253335, 1670120213.960126, 1670120214.5231974, 1670120215.0820463, 1670120215.4954178, 1670120216.1362998, 1670120216.7090538, 1670120217.1315477, 1670120217.694416, 1670120218.2528656, 1670120218.6694312, 1670120255.3310137, 1670120255.9084918, 1670120256.2329695, 1670120256.709373, 1670120257.1081614, 1670120257.6572025, 1670120258.3315692, 1670120258.7472355, 1670120259.2882767, 1670120259.825845, 1670120293.2307448, 1670120293.6833203, 1670120294.2645025, 1670120294.6684144, 1670120295.2296305, 1670120295.5631237, 1670120296.0464807, 1670120296.6547258, 1670120297.0110126, 1670120297.603561, 1670120334.6454341, 1670120335.0603142, 1670120335.5850642, 1670120336.154343, 1670120336.550272, 1670120337.1083777, 1670120337.3639922, 1670120337.91144, 1670120338.3980422, 1670120338.9105403, 1670120374.729098, 1670120375.2569404, 1670120375.6480622, 1670120376.193591, 1670120376.7414796, 1670120377.145031, 1670120377.7102406, 1670120378.062049, 1670120378.5510828, 1670120379.1535134, 1670120415.8704793, 1670120416.3246236, 1670120416.6589081, 1670120417.2259986, 1670120417.7939963, 1670120418.1923249, 1670120418.7654886, 1670120419.1303444, 1670120419.5955045, 1670120420.022056, 1670120457.1027663, 1670120457.5174701, 1670120458.0713317, 1670120458.6382754, 1670120459.0444791, 1670120459.6194618, 1670120460.1134913, 1670120460.5559227, 1670120461.1144829, 1670120461.4035058, 1670120498.1988537, 1670120498.5970604, 1670120499.1273248, 1670120499.709531, 1670120500.1555362, 1670120500.7335618, 1670120501.02873, 1670120501.58576, 1670120501.9161057, 1670120502.47504, 1670120539.099841, 1670120539.6108725, 1670120540.162598, 1670120540.6903725, 1670120541.1142576, 1670120541.6823874, 1670120542.0081074, 1670120542.5158882, 1670120542.9300625, 1670120543.4081583, 1670120577.626656, 1670120578.0425324, 1670120578.6996017, 1670120579.2824159, 1670120579.747005, 1670120580.3019216, 1670120580.626594, 1670120581.1968985, 1670120581.597801, 1670120582.149421, 1670120618.1931882, 1670120618.7176902, 1670120619.275677, 1670120619.8644142, 1670120620.2820354, 1670120620.7925332, 1670120621.175261, 1670120621.7320852, 1670120622.2582195, 1670120622.6309986, 1670120658.8306582, 1670120659.2241051, 1670120659.7143714, 1670120660.285954, 1670120660.7853081, 1670120661.3477707, 1670120661.929834, 1670120662.3065674, 1670120662.892519, 1670120663.2325666, 1670120700.9423907, 1670120701.5255368, 1670120701.967034, 1670120702.5293484, 1670120702.9196274, 1670120703.3513634, 1670120704.0088239, 1670120704.2826931, 1670120704.7065728, 1670120705.0888464, 1670120741.4785233, 1670120741.730608, 1670120742.2314909, 1670120742.632968, 1670120743.1821244, 1670120743.71704, 1670120744.0916593, 1670120744.674694, 1670120745.242167, 1670120745.645973, 1670120782.2358704, 1670120782.5542893, 1670120783.0118275, 1670120783.4796894, 1670120783.8598456, 1670120784.4303615, 1670120784.8523924, 1670120785.398446, 1670120786.1803694, 1670120786.697089, 1670120823.8785787, 1670120824.4457755, 1670120824.9968348, 1670120825.362995, 1670120825.9094803, 1670120826.4370499, 1670120826.856919, 1670120827.4271872, 1670120827.9605699, 1670120828.4610825, 1670120864.3239322, 1670120864.7047858, 1670120865.2325568, 1670120865.8161662, 1670120866.230498, 1670120866.7962592, 1670120867.1249964, 1670120867.5617383, 1670120867.9593453, 1670120868.502762, 1670120901.6318932, 1670120902.1099904, 1670120902.544296, 1670120903.192024, 1670120903.8028731, 1670120904.2029824, 1670120904.7751079, 1670120905.0648682, 1670120905.5367076, 1670120905.9058037, 1670120943.4005096, 1670120943.9314852, 1670120944.4520116, 1670120944.875416, 1670120945.4082344, 1670120945.987408, 1670120946.3813748, 1670120946.9480922, 1670120947.4697788, 1670120947.913866, 1670120984.288065, 1670120984.9011483, 1670120985.316109, 1670120985.8592355, 1670120986.4223228, 1670120986.796932, 1670120987.3531287, 1670120987.9163327, 1670120988.3537426, 1670120988.902012, 1670121025.2542892, 1670121025.8247917, 1670121026.354067, 1670121026.9141924, 1670121027.474574, 1670121027.8659315, 1670121028.4270558, 1670121028.9680035, 1670121029.3784852, 1670121029.950994, 1670121066.9190798, 1670121067.3539279, 1670121067.7794998, 1670121068.4279509, 1670121068.9041848, 1670121069.3641653, 1670121069.9327586, 1670121070.2406576, 1670121070.7894642, 1670121071.1933918, 1670121107.7613232, 1670121108.0786505, 1670121108.5098624, 1670121108.869418, 1670121109.461355, 1670121109.9721224, 1670121110.310901, 1670121110.8836727, 1670121111.4711792, 1670121111.861708, 1670121148.5147295, 1670121149.0157013, 1670121149.5635898, 1670121149.9582584, 1670121150.5096953, 1670121151.093656, 1670121151.547942, 1670121152.094233, 1670121152.5893128, 1670121153.0706599, 1670121186.0008914, 1670121186.4535737, 1670121186.9453812, 1670121187.4974427, 1670121187.8466282, 1670121188.432219, 1670121188.8419049, 1670121189.4580781, 1670121190.0462768, 1670121190.5033188, 1670121227.2129388, 1670121227.7744384, 1670121228.062522, 1670121228.5575497, 1670121229.005065, 1670121229.3951864, 1670121229.8922276, 1670121230.308539, 1670121230.866757, 1670121231.430324, 1670121267.6064446, 1670121268.0452635, 1670121268.4668474, 1670121268.9164295, 1670121269.4995387, 1670121269.922173, 1670121270.4984138, 1670121270.9015539, 1670121271.4036613, 1670121271.9682198, 1670121309.1133535, 1670121309.5137885, 1670121310.065892, 1670121310.639048, 1670121311.056339, 1670121311.6153154, 1670121312.2041764, 1670121312.6035366, 1670121313.1750333, 1670121313.739226, 1670121350.040895, 1670121350.5292087, 1670121350.9238844, 1670121351.4881334, 1670121352.0678873, 1670121352.4643016, 1670121353.036111, 1670121353.4137034, 1670121353.8662014, 1670121354.307084, 1670121382.7574873, 1670121383.2821014, 1670121383.6410246, 1670121384.1886473, 1670121384.7609036, 1670121385.174561, 1670121385.7396872, 1670121386.3070862, 1670121386.7353184, 1670121387.2990072, 1670121424.6612709, 1670121425.2962368, 1670121425.6938949, 1670121426.2590835, 1670121426.8418417, 1670121427.260272, 1670121427.8217962, 1670121428.1957655, 1670121428.7378273, 1670121429.118606, 1670121465.7009614, 1670121466.174362, 1670121466.860095, 1670121467.2852285, 1670121467.8629897, 1670121468.4661515, 1670121468.8859274, 1670121469.4775991, 1670121469.9118147, 1670121470.338611, 1670121507.358771, 1670121507.7676926, 1670121508.3327203, 1670121508.9362564, 1670121509.3624742, 1670121509.8410926, 1670121510.3944697, 1670121510.8755343, 1670121511.5450666, 1670121512.1469417, 1670121549.546935, 1670121550.0173182, 1670121550.5884266, 1670121550.9094472, 1670121551.5299437, 1670121551.9521716, 1670121552.5005004, 1670121553.072894, 1670121553.5203075, 1670121554.0856607, 1670121590.7886677, 1670121591.1784425, 