{"initial_reset_timestamp": 1670033927.079371, "timestamps": [1670033938.0153716, 1670033938.2367496, 1670033938.6282756, 1670033938.904414, 1670033939.2224174, 1670033939.541578, 1670033947.8931944, 1670033948.148693, 1670033948.475222, 1670033948.790819, 1670033949.117035, 1670033949.4658685, 1670033949.9096508, 1670033958.95108, 1670033965.8349044, 1670033973.4105055, 1670033980.2269247, 1670033987.4320464, 1670033994.5539086, 1670034001.3876345, 1670034017.44046, 1670034024.7106905, 1670034032.7935493, 1670034039.5957174, 1670034047.4296978, 1670034055.8369966, 1670034064.2220027, 1670034080.6626751, 1670034088.5739033, 1670034095.7772238, 1670034102.9305449, 1670034111.0071955, 1670034118.0741005, 1670034133.0794268, 1670034140.755119, 1670034147.6890528, 1670034155.7496965, 1670034163.527903, 1670034171.0804048, 1670034178.6699526, 1670034193.1739056, 1670034200.2651765, 1670034208.1367218, 1670034215.4749684, 1670034223.2230325, 1670034230.7344465, 1670034238.170111, 1670034253.3366008, 1670034260.4039054, 1670034268.3215997, 1670034276.015239, 1670034283.9504488, 1670034291.4437041, 1670034306.7690883, 1670034314.437886, 1670034321.5817337, 1670034328.8054879, 1670034336.166457, 1670034343.4337633, 1670034350.0348415, 1670034365.8789003, 1670034372.920042, 1670034380.1613996, 1670034387.555309, 1670034394.8299596, 1670034401.763725, 1670034409.412144, 1670034425.014637, 1670034432.3678741, 1670034439.5465214, 1670034446.691269, 1670034453.7197673, 1670034460.609692, 1670034468.4933012, 1670034484.1376133, 1670034491.2507832, 1670034497.9112473, 1670034504.7175312, 1670034511.522387, 1670034518.634864, 1670034533.7723827, 1670034541.334006, 1670034548.5028725, 1670034555.8554134, 1670034562.8422713, 1670034570.3134794, 1670034577.02581, 1670034591.6625733, 1670034598.9785402, 1670034605.7595093, 1670034613.3538654, 1670034620.8906898, 1670034627.708879, 1670034635.0969408, 1670034650.2603285, 1670034657.8601394, 1670034664.9917347, 1670034671.5892167, 1670034678.9332535, 1670034686.2672422, 1670034701.0552619, 1670034707.9735112, 1670034714.7886357, 1670034721.5514133, 1670034729.1928582, 1670034736.6255283, 1670034744.2177706, 1670034759.0752316, 1670034766.7079504, 1670034773.3881092, 1670034780.7341235, 1670034787.9209554, 1670034796.117428, 1670034803.940331, 1670034818.8648252, 1670034826.0397558, 1670034832.0709074, 1670034838.9720287, 1670034846.6404552, 1670034854.4661903, 1670034868.4420907, 1670034875.705584, 1670034882.6033008, 1670034890.1618366, 1670034897.6599967, 1670034904.6791272, 1670034911.961275, 1670034926.678558, 1670034933.7763746, 1670034940.71366, 1670034947.542034, 1670034954.7731237, 1670034962.1172323, 1670034969.1610951], "episode_lengths": [150, 150, 150, 110, 150, 150, 150, 97, 150, 150, 150, 150, 150, 150, 150, 150, 150, 150, 150, 150, 150, 150, 150, 150, 150, 150, 150, 150, 150, 150, 150, 150, 150, 150, 150, 150, 150, 150, 150, 150, 150, 150, 150, 150, 150, 150, 150, 150, 150, 150, 150, 150, 150, 150, 150, 150, 150, 150, 150, 150, 150, 150, 150, 150, 150, 150, 150, 150, 150, 150, 150, 136, 150, 150, 150, 150, 150, 150, 150, 150, 150, 150, 150, 150, 150, 150, 150, 150, 150, 150, 150, 150, 150, 150, 150, 150, 150, 150, 150, 150, 150, 150, 150, 150, 150, 150, 150, 150, 150, 150, 150, 150, 150, 150, 150, 150, 131, 150, 150, 150, 150, 150, 150, 150, 150, 150, 150, 150, 150, 150, 150, 150, 150, 150], "episode_rewards": [-150.0, -150.0, -150.0, -109.0, -150.0, -150.0, -150.0, -96.0, -150.0, -150.0, -150.0, -150.0, -150.0, -150.0, -150.0, -150.0, -150.0, -150.0, -150.0, -150.0, -150.0, -150.0, -150.0, -150.0, -150.0, -150.0, -150.0, -150.0, -150.0, -150.0, -150.0, -150.0, -150.0, -150.0, -150.0, -150.0, -150.0, -150.0, -150.0, -150.0, -150.0, -150.0, -150.0, -150.0, -150.0, -150.0, -150.0, -150.0, -150.0, -150.0, -150.0, -150.0, -150.0, -150.0, -150.0, -150.0, -150.0, -150.0, -150.0, -150.0, -150.0, -150.0, -150.0, -150.0, -150.0, -150.0, -150.0, -150.0, -150.0, -150.0, -150.0, -135.0, -150.0, -150.0, -150.0, -150.0, -150.0, -150.0, -150.0, -150.0, -150.0, -150.0, -150.0, -150.0, -150.0, -150.0, -150.0, -150.0, -150.0, -150.0, -150.0, -150.0, -150.0, -150.0, -150.0, -150.0, -150.0, -150.0, -150.0, -150.0, -150.0, -150.0, -150.0, -150.0, -150.0, -150.0, -150.0, -150.0, -150.0, -150.0, -150.0, -150.0, -150.0, -150.0, -150.0, -150.0, -130.0, -150.0, -150.0, -150.0, -150.0, -150.0, -150.0, -150.0, -150.0, -150.0, -150.0, -150.0, -150.0, -150.0, -150.0, -150.0, -150.0, -150.0], "episode_types": ["t", "t", "t", "t", "t", "t", "t", "t", "t", "t", "t", "t", "t", "t", "t", "t", "t", "t", "t", "t", "t", "t", "t", "t", "t", "t", "t", "t", "t", "t", "t", "t", "t", "t", "t", "t", "t", "t", "t", "t", "t", "t", "t", "t", "t", "t", "t", "t", "t", "t", "t", "t", "t", "t", "t", "t", "t", "t", "t", "t", "t", "t", "t", "t", "t", "t", "t", "t", "t", "t", "t", "t", "t", "t", "t", "t", "t", "t", "t", "t", "t", "t", "t", "t", "t", "t", "t", "t", "t", "t", "t", "t", "t", "t", "t", "t", "t", "t", "t", "t", "t", "t", "t", "t", "t", "t", "t", "t", "t", "t", "t", "t", "t", "t", "t", "t", "t", "t", "t", "t", "t", "t", "t", "t", "t", "t", "t", "t", "t", "t", "t", "t", "t", "t", "t"]}