{"initial_reset_timestamp": 1670033929.635599, "timestamps": [1670033932.1663585, 1670033933.1239727, 1670033934.2313323, 1670033935.1053026, 1670033936.1085503, 1670033937.032434, 1670033937.9439368, 1670033941.3583612, 1670033942.291773, 1670033943.1991904, 1670033944.241483, 1670033944.8882737, 1670033945.7978337, 1670033946.6291273, 1670033947.8702428, 1670033951.4234428, 1670033952.4106452, 1670033953.644552, 1670033954.7468352, 1670033955.6843638, 1670033956.6298175, 1670033957.7103386, 1670033958.6590652, 1670034007.6836789, 1670034008.646948, 1670034009.9006312, 1670034010.5942323, 1670034011.7930295, 1670034012.8416128, 1670034013.750136, 1670034014.642596, 1670034068.642339, 1670034069.479882, 1670034070.569768, 1670034071.5644765, 1670034072.6138735, 1670034073.716223, 1670034074.3553953, 1670034075.3960013, 1670034126.9105074, 1670034127.7997112, 1670034128.9141073, 1670034129.873232, 1670034130.77184, 1670034131.779674, 1670034132.759346, 1670034184.9398115, 1670034186.051514, 1670034186.9394093, 1670034187.9594507, 1670034188.7956955, 1670034189.7567582, 1670034190.7003539, 1670034242.2651665, 1670034243.215282, 1670034244.1405845, 1670034245.0739486, 1670034246.0555525, 1670034247.0229173, 1670034248.077642, 1670034300.8885605, 1670034301.5868008, 1670034302.6091778, 1670034303.4464364, 1670034304.401352, 1670034305.3902588, 1670034306.511554, 1670034357.0462565, 1670034357.7953033, 1670034358.7125669, 1670034359.7085538, 1670034360.9683387, 1670034362.0720363, 1670034363.2418919, 1670034413.7892478, 1670034414.8235457, 1670034415.7783368, 1670034416.8040378, 1670034417.765365, 1670034418.8106942, 1670034419.7974823, 1670034470.6899545, 1670034471.444924, 1670034472.4564192, 1670034473.3997679, 1670034474.3835814, 1670034474.913825, 1670034475.7988846, 1670034477.0220187, 1670034525.8800716, 1670034526.8291044, 1670034527.8028817, 1670034528.808634, 1670034529.7397864, 1670034530.80338, 1670034532.0209308, 1670034581.679405, 1670034582.8106904, 1670034583.5868158, 1670034584.3458488, 1670034585.0120578, 1670034586.305617, 1670034587.4074643, 1670034637.625213, 1670034638.482225, 1670034639.3254166, 1670034640.3321414, 1670034641.293864, 1670034642.3174381, 1670034643.1909091, 1670034693.304478, 1670034694.2579718, 1670034695.377953, 1670034696.3057868, 1670034697.1886337, 1670034698.170302, 1670034699.1715455, 1670034748.8426816, 1670034749.854807, 1670034751.1149347, 1670034752.1220958, 1670034753.14246, 1670034754.1281357, 1670034755.0070708, 1670034806.1732183, 1670034806.9680538, 1670034808.1309803, 1670034809.080755, 1670034810.087708, 1670034810.954737, 1670034811.9278567, 1670034862.0234601, 1670034862.9977946, 1670034863.9775531, 1670034864.8157191, 1670034865.6973805, 1670034866.5487428, 1670034867.431721, 1670034917.720646, 1670034918.5132291, 1670034919.510362, 1670034920.566528, 1670034921.443281, 1670034922.3875585, 1670034923.2643094, 1670034972.461703, 1670034973.635011, 1670034974.601491, 1670034975.5867066, 1670034976.5394316, 1670034977.5116253, 1670034978.5892684], "episode_lengths": [150, 150, 150, 150, 150, 150, 150, 150, 150, 150, 150, 66, 150, 150, 150, 54, 150, 150, 150, 150, 150, 150, 150, 150, 150, 150, 100, 150, 150, 130, 150, 150, 150, 150, 150, 150, 150, 63, 150, 150, 150, 150, 150, 150, 150, 150, 150, 150, 150, 150, 150, 150, 150, 150, 150, 150, 150, 150, 150, 150, 150, 150, 136, 150, 150, 150, 150, 150, 150, 150, 150, 150, 150, 150, 150, 150, 150, 150, 150, 150, 150, 150, 150, 150, 150, 150, 67, 150, 150, 150, 150, 150, 150, 132, 150, 150, 150, 150, 150, 150, 111, 150, 150, 150, 150, 150, 150, 150, 150, 150, 150, 150, 150, 150, 150, 150, 150, 150, 150, 150, 150, 150, 150, 150, 150, 150, 150, 150, 150, 150, 150, 137, 150, 150, 150, 150, 150, 150, 150, 150, 150, 150, 150, 150, 150, 150, 150, 150, 150, 150, 150, 150], "episode_rewards": [-150.0, -150.0, -150.0, -150.0, -150.0, -150.0, -150.0, -150.0, -150.0, -150.0, -150.0, -65.0, -150.0, -150.0, -150.0, -53.0, -150.0, -150.0, -150.0, -150.0, -150.0, -150.0, -150.0, -150.0, -150.0, -150.0, -99.0, -150.0, -150.0, -129.0, -150.0, -150.0, -150.0, -150.0, -150.0, -150.0, -150.0, -62.0, -150.0, -150.0, -150.0, -150.0, -150.0, -150.0, -150.0, -150.0, -150.0, -150.0, -150.0, -150.0, -150.0, -150.0, -150.0, -150.0, -150.0, -150.0, -150.0, -150.0, -150.0, -150.0, -150.0, -150.0, -135.0, -150.0, -150.0, -150.0, -150.0, -150.0, -150.0, -150.0, -150.0, -150.0, -150.0, -150.0, -150.0, -150.0, -150.0, -150.0, -150.0, -150.0, -150.0, -150.0, -150.0, -150.0, -150.0, -150.0, -66.0, -150.0, -150.0, -150.0, -150.0, -150.0, -150.0, -131.0, -150.0, -150.0, -150.0, -150.0, -150.0, -150.0, -110.0, -150.0, -150.0, -150.0, -150.0, -150.0, -150.0, -150.0, -150.0, -150.0, -150.0, -150.0, -150.0, -150.0, -150.0, -150.0, -150.0, -150.0, -150.0, -150.0, -150.0, -150.0, -150.0, -150.0, -150.0, -150.0, -150.0, -150.0, -150.0, -150.0, -150.0, -136.0, -150.0, -150.0, -150.0, -150.0, -150.0, -150.0, -150.0, -150.0, -150.0, -150.0, -150.0, -150.0, -150.0, -150.0, -150.0, -150.0, -150.0, -150.0, -150.0, -150.0], "episode_types": ["t", "t", "t", "t", "t", "t", "t", "t", "t", "t", "t", "t", "t", "t", "t", "t", "t", "t", "t", "t", "t", "t", "t", "t", "t", "t", "t", "t", "t", "t", "t", "t", "t", "t", "t", "t", "t", "t", "t", "t", "t", "t", "t", "t", "t", "t", "t", "t", "t", "t", "t", "t", "t", "t", "t", "t", "t", "t", "t", "t", "t", "t", "t", "t", "t", "t", "t", "t", "t", "t", "t", "t", "t", "t", "t", "t", "t", "t", "t", "t", "t", "t", "t", "t", "t", "t", "t", "t", "t", "t", "t", "t", "t", "t", "t", "t", "t", "t", "t", "t", "t", "t", "t", "t", "t", "t", "t", "t", "t", "t", "t", "t", "t", "t", "t", "t", "t", "t", "t", "t", "t", "t", "t", "t", "t", "t", "t", "t", "t", "t", "t", "t", "t", "t", "t", "t", "t", "t", "t", "t", "t", "t", "t", "t", "t", "t", "t", "t", "t", "t", "t", "t"]}