{"initial_reset_timestamp": 1667263150.3680294, "timestamps": [1667263151.4806108, 1667263151.5009527, 1667263151.531994], "episode_lengths": [88, 79, 111], "episode_rewards": [-118.11052540749041, -327.4153117394716, -354.6920458658159], "episode_types": ["t", "t", "t", "t"]}