{"initial_reset_timestamp": 1670028197.4818945, "timestamps": [1670028206.6690526, 1670028206.9000385, 1670028207.4217403, 1670028207.7890882, 1670028208.0693705, 1670028208.4194486, 1670028208.7619617, 1670028209.1214647, 1670028209.4640527, 1670028209.7519124, 1670028216.0088973, 1670028216.3746216, 1670028216.6574788, 1670028216.9745688, 1670028217.4914832, 1670028217.7952187, 1670028218.0909224, 1670028218.3685112, 1670028218.6568084, 1670028218.9480407, 1670028230.349376, 1670028234.3494453, 1670028238.523427, 1670028241.8649104, 1670028245.0158684, 1670028248.9040701, 1670028252.451436, 1670028256.6398137, 1670028260.61166, 1670028263.8734744, 1670028274.5859666, 1670028278.8782802, 1670028283.3877084, 1670028287.647931, 1670028291.6665576, 1670028295.7095964, 1670028300.0729337, 1670028304.4776323, 1670028308.6013165, 1670028312.7639782, 1670028323.0659986, 1670028327.369242, 1670028331.3792005, 1670028335.4941156, 1670028339.8424273, 1670028344.0457115, 1670028348.1077518, 1670028352.056406, 1670028356.365991, 1670028360.7344325, 1670028371.189512, 1670028375.3548682, 1670028379.691364, 1670028383.7933173, 1670028387.902447, 1670028392.249378, 1670028396.543053, 1670028400.388858, 1670028404.8995383, 1670028409.3698018, 1670028420.175947, 1670028424.1973617, 1670028428.0849137, 1670028432.193959, 1670028436.1617658, 1670028440.3251712, 1670028444.4225135, 1670028448.4176958, 1670028452.2575629, 1670028456.526281, 1670028467.2176394, 1670028471.4103637, 1670028475.9402478, 1670028480.0470078, 1670028484.290884, 1670028488.352865, 1670028492.302787, 1670028496.4786885, 1670028500.6177764, 1670028504.746221, 1670028515.562984, 1670028519.9224324, 1670028524.2151647, 1670028528.6412125, 1670028532.68959, 1670028536.4909997, 1670028540.5994248, 1670028544.8633976, 1670028549.244188, 1670028553.3753817, 1670028563.626559, 1670028568.1738758, 1670028572.2684984, 1670028576.4385378, 1670028580.5000627, 1670028584.6311662, 1670028588.722417, 1670028592.882023, 1670028596.954274, 1670028601.0502954, 1670028612.0039752, 1670028616.3295848, 1670028620.8558822, 1670028625.194012, 1670028629.4975407, 1670028633.8301098, 1670028638.2604194, 1670028642.404672, 1670028646.9268084, 1670028650.9732494, 1670028661.8690627, 1670028666.0537677, 1670028670.208442, 1670028674.703302, 1670028678.7995574, 1670028683.1875517, 1670028687.6638422, 1670028692.1098847, 1670028696.4353979, 1670028701.1197734, 1670028712.3441355, 1670028716.6786468, 1670028720.8188689, 1670028725.1582959, 1670028729.2696488, 1670028734.066998, 1670028738.5276184, 1670028742.8809266, 1670028747.1453161, 1670028751.4989555, 1670028762.5759678, 1670028767.0353355, 1670028771.394488, 1670028775.6743622, 1670028780.2638333, 1670028784.3815863, 1670028789.1374493, 1670028793.3666074, 1670028797.5844939, 1670028802.006319, 1670028812.955961, 1670028817.444331, 1670028821.6883955, 1670028825.9068258, 1670028830.4095354, 1670028834.753163, 1670028839.2366915, 1670028843.5634434, 1670028847.7886124, 1670028852.1448276, 1670028863.321021, 1670028867.570894, 1670028871.859932, 1670028876.2430232, 1670028880.2951076, 1670028884.4351194, 1670028888.9731011, 1670028893.2893143, 1670028897.943855, 1670028902.4001799, 1670028913.5815444, 1670028917.9645991, 1670028922.3552942, 1670028926.608498, 1670028930.524207, 1670028934.7790127, 1670028939.1009707, 1670028943.486964, 1670028947.9153094, 1670028952.2937636, 1670028963.556989, 1670028967.7808173, 1670028971.997077, 1670028976.4021895, 1670028980.8172088, 1670028985.3693385, 1670028989.7933404, 1670028994.1337385, 1670028998.5883484, 1670029002.7485213, 1670029014.2092838, 1670029018.3492236, 1670029022.4773574, 1670029026.591362, 1670029030.7230887, 1670029034.6529593, 1670029038.5383334, 1670029042.6110098, 1670029046.724314, 1670029050.8551743, 1670029061.6169682, 1670029065.643569, 1670029069.728809, 1670029073.9484882, 1670029078.1643207, 1670029082.3644176, 1670029086.5621932, 1670029090.9331005, 1670029095.1805618, 1670029099.2327447, 1670029109.5051696, 1670029113.8161852, 1670029118.0887744, 1670029122.1408472, 1670029126.204713, 1670029130.331712, 1670029134.4711928, 1670029138.252664, 1670029142.3244388, 1670029146.2895916, 1670029156.5656557, 1670029160.5006049, 1670029164.8069801, 1670029168.994847, 1670029173.1869173, 1670029177.5346973, 1670029181.661769, 1670029185.883932, 1670029190.2200358, 1670029194.2073328, 1670029204.8850117, 1670029209.2425308, 1670029213.3115652, 1670029217.5168216, 1670029221.6271565, 1670029225.9108148, 1670029230.1653695, 1670029234.352202, 1670029238.6979773, 1670029242.4210448, 1670029253.0377128, 1670029257.0575728, 1670029261.0806234, 1670029265.1110568, 1670029269.3775084, 1670029273.4818997, 1670029277.5199332, 1670029281.721284, 1670029285.6274207, 1670029289.2817361, 1670029299.6698918, 1670029303.9567602, 1670029308.4036763, 1670029312.3931003, 1670029316.5852087, 1670029320.78401, 1670029325.3244123, 1670029329.5004938, 1670029333.6360395, 1670029337.901619, 1670029348.5009198, 1670029352.6602263, 1670029356.9080226, 1670029360.8662167, 1670029364.9689064, 1670029368.8851113, 1670029372.9497292, 1670029377.0654538, 1670029380.7298183, 1670029384.6913702, 1670029395.267436, 1670029398.3134172, 1670029402.453929, 1670029406.645322, 1670029410.8624496, 1670029415.0950904, 1670029418.0158916, 1670029421.8698854, 1670029425.9218895, 1670029429.7813237, 1670029434.004233, 1670029444.5327277, 1670029448.9347656, 1670029453.1831932, 1670029457.387681, 1670029461.413293, 1670029465.608393, 1670029469.4989893, 1670029473.4629266, 1670029477.5322864, 1670029481.4936447, 1670029492.2650905, 1670029496.4802063, 1670029500.4901388, 1670029504.4887724, 1670029508.476275, 1670029512.2182913, 1670029516.027978, 1670029519.9476187, 1670029524.1549034, 1670029528.3872292, 1670029538.9888082, 1670029542.9641423, 1670029546.9184837, 1670029550.7798266, 1670029553.0540211, 1670029557.0231318, 1670029561.3771596, 1670029565.5037074, 1670029569.7184634, 1670029573.7102585, 1670029584.6084812, 1670029588.5916772, 1670029592.3569708, 1670029596.2746608, 1670029600.2665653, 1670029604.258305, 1670029608.2226074, 1670029612.2930007, 1670029616.4671686, 1670029620.3004596, 1670029631.364128, 1670029635.50856, 1670029639.7056172, 1670029644.040931, 1670029648.048963, 1670029652.186763, 1670029656.0930805, 1670029660.267359, 1670029664.2092962, 1670029668.188673, 1670029679.1105614, 1670029683.3957632, 1670029687.83664, 1670029691.9681237, 1670029695.9471593, 1670029700.0364032, 1670029702.788475, 1670029706.8932471, 1670029710.9465601, 1670029714.9708438, 1670029719.400345, 1670029729.9544578, 1670029734.3190074, 1670029738.5099213, 1670029742.3865032, 1670029746.9031188, 1670029750.9431546, 1670029755.1994598, 1670029759.4867814, 1670029763.396876, 1670029767.3816304, 1670029778.207052, 1670029782.192541, 1670029786.2676306, 1670029790.3134458, 1670029794.2718055, 1670029798.0883718, 1670029802.4529018, 1670029806.90483, 1670029811.0672243, 1670029814.9754217, 1670029825.0796537, 1670029829.02188, 1670029833.133283, 1670029837.2899582, 1670029841.431623, 1670029845.7055938, 1670029850.0098724, 1670029854.4605339, 1670029858.4008117, 1670029862.3264112, 1670029872.45979, 1670029876.523081, 1670029880.8972793, 1670029885.1653612, 1670029889.1609364, 1670029893.1235049, 1670029897.2543964, 1670029901.4288733, 1670029905.4877982, 1670029909.6235182, 1670029920.0552535, 1670029921.9982443, 1670029926.188342, 1670029930.2115293, 1670029934.2429163, 1670029938.2989376, 1670029942.872603, 1670029947.1976538, 1670029951.404735, 1670029955.2960944, 1670029965.4283643, 1670029969.4485743, 1670029973.84135, 1670029975.782354, 1670029979.5898015, 1670029983.6166265, 1670029987.6692362, 1670029991.9513638, 1670029996.3554199, 1670030000.6459112, 1670030005.0241678, 1670030015.9097989, 1670030019.6684337, 1670030023.7271733, 1670030027.5932791, 1670030031.770084, 1670030036.0997398, 1670030040.211675, 1670030042.6957326, 1670030046.705566, 