{"initial_reset_timestamp": 1670028201.1356902, "timestamps": [1670028203.3114645, 1670028203.8765604, 1670028204.4170523, 1670028204.9560437, 1670028205.1935, 1670028205.4064305, 1670028205.6475277, 1670028205.8779461, 1670028206.083995, 1670028206.6083665, 1670028211.3055532, 1670028211.7706685, 1670028212.2885377, 1670028212.8369172, 1670028213.4118383, 1670028213.9272366, 1670028214.4035237, 1670028214.9211342, 1670028215.43568, 1670028215.867444, 1670028220.544882, 1670028221.1031375, 1670028221.8719192, 1670028222.525696, 1670028223.1427293, 1670028223.6556976, 1670028224.21479, 1670028224.8137457, 1670028225.497866, 1670028226.0527344, 1670028267.4889023, 1670028267.882816, 1670028268.407647, 1670028269.139838, 1670028269.7670774, 1670028270.411359, 1670028270.9631262, 1670028271.4757204, 1670028272.010967, 1670028272.6098435, 1670028316.2378237, 1670028316.755089, 1670028317.163535, 1670028317.6918943, 1670028318.4144778, 1670028318.957856, 1670028319.5265768, 1670028320.0727308, 1670028320.4626012, 1670028321.0701294, 1670028364.2405694, 1670028364.8381324, 1670028365.3834794, 1670028365.8195403, 1670028366.3407404, 1670028366.9242945, 1670028367.6363695, 1670028368.1921804, 1670028368.7079868, 1670028369.1825826, 1670028413.0272572, 1670028413.540741, 1670028414.015293, 1670028414.454008, 1670028415.0686076, 1670028415.6901376, 1670028416.2421231, 1670028416.9474642, 1670028417.4483733, 1670028418.059362, 1670028459.9257362, 1670028460.490624, 1670028461.0654292, 1670028461.63563, 1670028462.249213, 1670028462.718619, 1670028463.1975062, 1670028463.7509913, 1670028464.4881413, 1670028465.1277645, 1670028508.462286, 1670028509.0904746, 1670028509.7224588, 1670028510.1967545, 1670028510.6354804, 1670028511.199738, 1670028511.7863796, 1670028512.2880642, 1670028512.7724721, 1670028513.4821305, 1670028556.918692, 1670028557.4965322, 1670028558.105147, 1670028558.5907552, 1670028558.9884524, 1670028559.589038, 1670028560.1418765, 1670028560.6771708, 1670028561.0293202, 1670028561.6225753, 1670028604.9474545, 1670028605.542413, 1670028605.9425514, 1670028606.5586717, 1670028607.1856022, 1670028607.7234797, 1670028608.2479084, 1670028608.8419847, 1670028609.443295, 1670028610.0105653, 1670028654.744091, 1670028655.3107107, 1670028655.906333, 1670028656.4514778, 1670028656.9285352, 1670028657.519671, 1670028658.1937141, 1670028658.7560465, 1670028659.1751878, 1670028659.7595787, 1670028704.8475943, 1670028705.5730317, 1670028706.2095292, 1670028706.8486943, 1670028707.4394295, 1670028707.8975422, 1670028708.4714663, 1670028709.0314543, 1670028709.6372354, 1670028710.1813037, 1670028755.361473, 1670028755.9417934, 1670028756.7036867, 1670028757.1517322, 1670028757.760305, 1670028758.3827157, 1670028758.9333375, 1670028759.50099, 1670028760.0355856, 1670028760.6638339, 1670028805.976781, 1670028806.5259497, 1670028806.9439166, 1670028807.6685948, 1670028808.2139893, 1670028808.8299372, 1670028809.3761747, 1670028809.9296997, 1670028810.522276, 1670028811.143986, 1670028856.088626, 1670028856.6794212, 1670028857.137317, 1670028857.7361584, 1670028858.4818783, 1670028859.0427754, 1670028859.678127, 1670028860.3352284, 1670028860.9531207, 1670028861.4844651, 1670028906.1707141, 1670028906.7235832, 1670028907.3540454, 1670028907.9589694, 1670028908.5420403, 1670028909.1310058, 1670028910.0101378, 1670028910.552452, 1670028911.1679664, 1670028911.725054, 1670028956.3285182, 1670028956.8783994, 1670028957.3813577, 1670028957.9898775, 1670028958.6590807, 1670028959.2598853, 1670028959.842203, 1670028960.5949767, 1670028961.1891139, 1670028961.6712115, 1670029006.989923, 1670029007.6451523, 1670029008.2331526, 1670029008.7187135, 1670029009.3448877, 1670029009.9465804, 1670029010.559863, 1670029011.1035798, 1670029011.8763988, 1670029012.4329944, 1670029054.8157036, 1670029055.235605, 1670029055.8412905, 1670029056.4539573, 1670029057.0250707, 1670029057.6045597, 1670029058.1325774, 1670029058.6510572, 1670029059.2575612, 1670029060.0146058, 1670029103.075161, 1670029103.623432, 1670029104.1033015, 1670029104.5968597, 1670029105.1762545, 1670029105.7320275, 1670029106.2548103, 1670029106.7360473, 1670029107.3041737, 1670029107.9198048, 1670029150.45613, 1670029150.8740609, 1670029151.3183775, 1670029151.8637576, 1670029152.2367704, 1670029152.7335322, 1670029153.2011383, 1670029153.726572, 1670029154.2012985, 1670029154.836416, 1670029198.1353817, 1670029198.7494667, 1670029199.3355749, 1670029199.8157914, 1670029200.3463302, 1670029200.9298272, 1670029201.4973567, 1670029202.0563226, 1670029202.534022, 1670029203.1493664, 1670029246.4377923, 1670029247.1221416, 1670029247.6366594, 1670029248.142575, 1670029248.6209974, 1670029249.211658, 1670029249.779718, 1670029250.3604786, 1670029250.747884, 1670029251.2931352, 1670029292.7977996, 1670029293.3914888, 1670029294.1323824, 1670029294.691333, 1670029295.2195947, 1670029295.7342608, 1670029296.2234383, 1670029296.7982893, 1670029297.3695602, 1670029297.8792827, 1670029341.7801132, 1670029342.3277576, 1670029342.8961592, 1670029343.6175985, 1670029344.1760108, 1670029344.7277327, 1670029345.157912, 1670029345.738253, 1670029346.2716355, 1670029346.8257575, 1670029388.5265064, 1670029389.0504618, 1670029389.5895839, 1670029390.145555, 1670029390.7812328, 1670029391.225738, 1670029391.7693863, 1670029392.3766809, 1670029392.9767425, 1670029393.5109124, 1670029436.3351216, 1670029436.9890635, 1670029437.5608358, 1670029438.0966768, 1670029438.710721, 1670029439.2203343, 1670029439.8193538, 1670029440.4707444, 1670029441.0653667, 1670029441.5692003, 1670029484.000237, 1670029484.603922, 1670029485.2120035, 1670029485.834732, 1670029486.3956108, 1670029486.8408866, 1670029487.6369777, 1670029488.1419349, 1670029488.6061885, 1670029489.20871, 1670029530.9104774, 1670029531.5135279, 1670029532.1424356, 1670029532.738067, 1670029533.1556854, 1670029533.621254, 1670029534.185417, 1670029534.809196, 1670029535.3393943, 1670029535.8801713, 1670029578.4884489, 1670029578.9612103, 1670029579.4814596, 1670029580.0431733, 1670029580.5963547, 1670029581.2323864, 1670029581.855066, 1670029582.3684888, 1670029583.078229, 1670029583.562103, 1670029624.7809432, 1670029625.3607533, 1670029625.932155, 1670029626.4412904, 1670029626.9526868, 1670029627.5542462, 1670029628.17136, 1670029628.7984538, 1670029629.3669777, 1670029630.2142367, 1670029672.9084282, 1670029673.3901463, 1670029673.9734805, 1670029674.5862637, 1670029675.217137, 1670029675.7630942, 1670029676.236997, 1670029676.7773507, 1670029677.3787591, 1670029678.0072548, 1670029721.448564, 1670029722.0580113, 1670029722.569407, 1670029723.0311542, 1670029723.6261866, 1670029724.1874778, 1670029724.6013656, 1670029725.1094034, 1670029725.6174626, 1670029726.2531493, 1670029769.5182061, 1670029770.0688233, 1670029770.5659583, 1670029771.0885592, 1670029771.637098, 1670029772.2181993, 1670029772.8399076, 1670029773.2332172, 1670029773.8295245, 1670029774.4224346, 1670029816.7925367, 1670029817.3405578, 1670029817.8731866, 1670029818.2458122, 1670029818.8435245, 1670029819.3759308, 1670029819.922239, 1670029820.366532, 1670029820.925898, 1670029821.5070775, 1670029864.171142, 1670029864.9160185, 1670029865.5863202, 1670029866.1617775, 1670029866.632517, 1670029867.1185, 1670029867.676968, 1670029868.1833, 1670029868.6924636, 1670029869.200109, 1670029911.7074997, 1670029912.2041333, 1670029912.9435592, 1670029913.533706, 1670029914.1416054, 1670029914.6883543, 1670029915.0737038, 1670029915.5791574, 1670029916.0717928, 1670029916.5892806, 1670029959.4729846, 1670029960.0100794, 1670029960.5206108, 1670029961.1574945, 1670029961.6420286, 1670029962.1178734, 1670029962.6861262, 1670029963.2269897, 1670029963.7008235, 1670029964.1886497, 1670030007.31335, 1670030007.8929596, 1670030008.4879532, 1670030009.2783716, 1670030009.8422706, 1670030010.490283, 1670030011.1130805, 1670030011.6973178, 1670030012.2989368, 1670030012.7934756, 1670030054.4428868, 1670030055.0801404, 