{"initial_reset_timestamp": 1670015978.1591713, "timestamps": [1670015980.4934175, 1670015981.07982, 1670015981.696004, 1670015982.3187182, 1670015982.7235157, 1670015983.276378, 1670015983.601898, 1670015984.1962194, 1670015984.6575224, 1670015985.1550314, 1670015985.41206, 1670015985.6597066, 1670015986.0502594, 1670015986.264741, 1670015986.487967, 1670015986.7197692, 1670015986.9313421, 1670015987.1518857, 1670015987.339182, 1670015987.5119922, 1670015993.6505451, 1670015993.9130566, 1670015994.2119763, 1670015994.5543072, 1670015994.8510602, 1670015995.1119676, 1670015995.3528216, 1670015995.564921, 1670015995.8996708, 1670015996.1050894, 1670015996.323846, 1670015996.5654893, 1670015996.7531905, 1670015997.2374966, 1670015997.9084032, 1670015998.6405556, 1670015999.411672, 1670016000.168789, 1670016000.938684, 1670016001.6865702, 1670016007.5990396, 1670016008.1773503, 1670016008.7594492, 1670016009.353521, 1670016010.2547324, 1670016011.0786347, 1670016011.9013348, 1670016012.7175066, 1670016013.5392716, 1670016014.3883677, 1670016015.1004202, 1670016015.8003178, 1670016016.5086744, 1670016017.1662602, 1670016017.8071215, 1670016018.4621189, 1670016018.7830486, 1670016019.167804, 1670016019.9299238, 1670016020.7737048, 1670016079.3902485, 1670016080.2648702, 1670016080.9806228, 1670016081.6952295, 1670016082.0589116, 1670016082.4244065, 1670016082.8165548, 1670016083.1912673, 1670016083.5949137, 1670016083.9754517, 1670016084.6333008, 1670016085.2415614, 1670016085.5805302, 1670016085.9405906, 1670016086.412588, 1670016086.8106027, 1670016087.201875, 1670016087.5448937, 1670016087.9068017, 1670016088.258492, 1670016154.4730945, 1670016154.831286, 1670016155.1653152, 1670016155.5335133, 1670016155.8843844, 1670016156.2063947, 1670016156.5050411, 1670016156.907924, 1670016157.2558155, 1670016157.5522397, 1670016157.911386, 1670016158.2910404, 1670016158.6919367, 1670016159.0917604, 1670016159.425936, 1670016159.7689905, 1670016160.106189, 1670016160.4628577, 1670016160.7931652, 1670016161.3697946, 1670016228.442732, 1670016228.8608243, 1670016229.2822943, 1670016229.6778636, 1670016230.0405452, 1670016230.3937554, 1670016230.9499738, 1670016231.5269384, 1670016232.042249, 1670016232.619775, 1670016233.0145748, 1670016233.4683783, 1670016234.109119, 1670016234.6190605, 1670016235.2157967, 1670016235.8935845, 1670016236.2535164, 1670016236.6025653, 1670016237.103501, 1670016237.8334088], "episode_lengths": [50, 50, 50, 50, 50, 50, 50, 50, 50, 50, 50, 50, 50, 50, 50, 50, 50, 50, 50, 50, 50, 50, 50, 50, 50, 50, 50, 50, 50, 50, 50, 50, 50, 50, 50, 50, 50, 50, 50, 50, 50, 50, 50, 50, 50, 50, 50, 50, 50, 50, 50, 50, 50, 50, 50, 50, 50, 50, 50, 50, 50, 50, 50, 50, 50, 50, 50, 50, 50, 50, 50, 50, 50, 50, 50, 50, 50, 50, 50, 50, 50, 50, 50, 50, 50, 50, 50, 50, 50, 50, 50, 50, 50, 50, 50, 50, 50, 50, 50, 50, 50, 50, 50, 50, 50, 50, 50, 50, 50, 50, 50, 50, 50, 50, 50, 50, 50, 50, 50, 50], "episode_rewards": [-50.0, -50.0, -50.0, -50.0, -50.0, -50.0, -50.0, -50.0, -50.0, -50.0, -50.0, -50.0, -50.0, -50.0, -50.0, -50.0, -50.0, -50.0, -50.0, -50.0, -50.0, -50.0, -50.0, -50.0, -50.0, -50.0, -50.0, -50.0, -50.0, -50.0, -50.0, -50.0, -50.0, -50.0, -50.0, -50.0, -50.0, -50.0, -50.0, -50.0, -50.0, -50.0, -50.0, -50.0, -50.0, -50.0, -50.0, -50.0, -50.0, -50.0, -50.0, -50.0, -50.0, -50.0, -50.0, -50.0, -50.0, -50.0, -50.0, -50.0, -50.0, -50.0, -50.0, -50.0, -50.0, -50.0, -50.0, -50.0, -50.0, -50.0, -50.0, -50.0, -50.0, -50.0, -50.0, -50.0, -50.0, -50.0, -50.0, -50.0, -50.0, -50.0, -50.0, -50.0, -50.0, -50.0, -50.0, -50.0, -50.0, -50.0, -50.0, -50.0, -50.0, -50.0, -50.0, -50.0, -50.0, -50.0, -50.0, -50.0, -50.0, -50.0, -50.0, -50.0, -50.0, -50.0, -50.0, -50.0, -50.0, -50.0, -50.0, -50.0, -50.0, -50.0, -50.0, -50.0, -50.0, -50.0, -50.0, -50.0], "episode_types": ["t", "t", "t", "t", "t", "t", "t", "t", "t", "t", "t", "t", "t", "t", "t", "t", "t", "t", "t", "t", "t", "t", "t", "t", "t", "t", "t", "t", "t", "t", "t", "t", "t", "t", "t", "t", "t", "t", "t", "t", "t", "t", "t", "t", "t", "t", "t", "t", "t", "t", "t", "t", "t", "t", "t", "t", "t", "t", "t", "t", "t", "t", "t", "t", "t", "t", "t", "t", "t", "t", "t", "t", "t", "t", "t", "t", "t", "t", "t", "t", "t", "t", "t", "t", "t", "t", "t", "t", "t", "t", "t", "t", "t", "t", "t", "t", "t", "t", "t", "t", "t", "t", "t", "t", "t", "t", "t", "t", "t", "t", "t", "t", "t", "t", "t", "t", "t", "t", "t", "t"]}