{"initial_reset_timestamp": 1670015975.1492589, "timestamps": [1670015987.5349343, 1670015987.6926632, 1670015987.843221, 1670015988.003636, 1670015988.1876037, 1670015988.4668088, 1670015988.6979628, 1670015989.1418712, 1670015989.3695464, 1670015989.5904565, 1670015989.8182218, 1670015990.057687, 1670015990.3076267, 1670015990.5593493, 1670015990.7770445, 1670015990.9820058, 1670015991.1759183, 1670015991.3787534, 1670015991.5892835, 1670015991.8458524, 1670016001.774814, 1670016002.0247684, 1670016002.263291, 1670016002.6935933, 1670016002.9353375, 1670016003.1792462, 1670016003.4132886, 1670016003.6283176, 1670016003.847091, 1670016004.075974, 1670016004.2591317, 1670016004.4748354, 1670016004.675146, 1670016004.865428, 1670016005.0685205, 1670016005.2536182, 1670016005.606464, 1670016005.8154826, 1670016006.017611, 1670016006.22101, 1670016024.0228572, 1670016027.313768, 1670016029.7711499, 1670016032.30802, 1670016034.7604916, 1670016037.3036175, 1670016041.4133635, 1670016045.0484827, 1670016047.4778316, 1670016050.6224563, 1670016055.1782646, 1670016057.57858, 1670016060.0467, 1670016062.625487, 1670016065.0296097, 1670016067.545331, 1670016070.151908, 1670016072.156983, 1670016074.3451638, 1670016076.5564506, 1670016089.6613111, 1670016091.009879, 1670016094.561838, 1670016097.9249856, 1670016101.0572677, 1670016102.4228582, 1670016105.8020062, 1670016109.9665735, 1670016114.1665928, 1670016117.5956511, 1670016120.9766142, 1670016123.7955163, 1670016125.6495821, 1670016129.949931, 1670016132.6034982, 1670016135.0772262, 1670016137.5265486, 1670016141.317687, 1670016144.3482845, 1670016145.6769474, 1670016147.8225355, 1670016149.2777984, 1670016151.3452923, 1670016162.2190537, 1670016166.4719646, 1670016168.5854053, 1670016171.0841565, 1670016172.8751216, 1670016173.7318578, 1670016175.739278, 1670016177.6830256, 1670016178.9868422, 1670016181.3776443, 1670016182.9379053, 1670016186.209568, 1670016188.3981345, 1670016190.2836971, 1670016191.7782922, 1670016193.5066068, 1670016195.3203378, 1670016197.1803026, 1670016199.261087, 1670016200.8890445, 1670016204.8073826, 1670016206.4505014, 1670016207.3239806, 1670016208.6844876, 1670016209.8619926, 1670016212.4576488, 1670016213.726464, 1670016215.7076006, 1670016216.9126956, 1670016217.8713818, 1670016218.8011093, 1670016220.0267992, 1670016221.0131872, 1670016222.7972915, 1670016223.8856876, 1670016225.0514207, 1670016226.3141081, 1670016239.9568477, 1670016241.7188134, 1670016242.8119075, 1670016245.712024, 1670016247.9078834, 1670016249.9998147, 1670016251.8980122, 1670016254.5998855, 1670016256.3327053, 1670016258.3269897, 1670016259.8680742, 1670016261.858474, 1670016263.281818, 1670016264.590283, 1670016266.87453, 1670016268.2245753, 1670016270.9142544, 1670016272.1306753, 1670016273.9210486, 1670016275.9342391, 1670016277.5823882, 1670016279.6390781, 1670016281.227978, 1670016282.26453, 1670016282.9366064, 1670016283.5902264, 1670016284.5858727, 1670016285.5104403, 1670016287.6488724, 1670016289.08689, 1670016290.922394, 1670016291.8742745, 1670016293.8241854, 1670016295.5494258, 1670016297.5383558, 1670016299.9088411, 1670016301.7690914, 1670016304.855243, 1670016306.9143224, 1670016308.9956908, 1670016311.268911, 1670016313.6605983], "episode_lengths": [50, 50, 50, 50, 50, 50, 50, 50, 50, 50, 50, 50, 50, 50, 50, 50, 50, 50, 50, 48, 50, 50, 50, 50, 50, 50, 50, 50, 50, 50, 50, 50, 50, 50, 50, 50, 50, 50, 50, 50, 38, 50, 50, 50, 50, 50, 50, 50, 50, 50, 50, 50, 50, 50, 50, 50, 50, 50, 50, 50, 50, 20, 50, 50, 50, 24, 50, 50, 50, 50, 40, 29, 27, 44, 50, 50, 50, 42, 50, 30, 50, 30, 40, 50, 50, 43, 50, 36, 15, 41, 39, 24, 50, 31, 45, 22, 25, 28, 26, 20, 23, 17, 16, 45, 17, 17, 21, 18, 35, 14, 21, 23, 13, 18, 23, 18, 36, 20, 19, 23, 39, 22, 16, 27, 19, 18, 16, 23, 13, 27, 21, 19, 24, 21, 35, 19, 30, 12, 18, 21, 17, 20, 19, 26, 20, 19, 25, 22, 31, 19, 26, 19, 25, 15, 17, 20, 16, 28, 18, 18, 20, 21], "episode_rewards": [-50.0, -50.0, -50.0, -50.0, -50.0, -50.0, -50.0, -50.0, -50.0, -50.0, -50.0, -50.0, -50.0, -50.0, -50.0, -50.0, -50.0, -50.0, -50.0, -47.0, -50.0, -50.0, -50.0, -50.0, -50.0, -50.0, -50.0, -50.0, -50.0, -50.0, -50.0, -50.0, -50.0, -50.0, -50.0, -50.0, -50.0, -50.0, -50.0, -50.0, -37.0, -50.0, -50.0, -50.0, -50.0, -50.0, -50.0, -50.0, -50.0, -50.0, -50.0, -50.0, -50.0, -50.0, -50.0, -50.0, -50.0, -50.0, -50.0, -50.0, -50.0, -19.0, -50.0, -50.0, -50.0, -23.0, -50.0, -50.0, -50.0, -50.0, -39.0, -28.0, -26.0, -43.0, -50.0, -50.0, -50.0, -41.0, -50.0, -29.0, -50.0, -29.0, -39.0, -50.0, -50.0, -42.0, -50.0, -35.0, -14.0, -40.0, -38.0, -23.0, -50.0, -30.0, -44.0, -21.0, -24.0, -27.0, -25.0, -19.0, -22.0, -16.0, -15.0, -44.0, -16.0, -16.0, -20.0, -17.0, -34.0, -13.0, -20.0, -22.0, -12.0, -17.0, -22.0, -17.0, -35.0, -19.0, -18.0, -22.0, -38.0, -21.0, -15.0, -26.0, -18.0, -17.0, -15.0, -22.0, -12.0, -26.0, -20.0, -18.0, -23.0, -20.0, -34.0, -18.0, -29.0, -11.0, -17.0, -20.0, -16.0, -19.0, -18.0, -25.0, -19.0, -18.0, -24.0, -21.0, -30.0, -18.0, -25.0, -18.0, -24.0, -14.0, -16.0, -19.0, -15.0, -27.0, -17.0, -17.0, -19.0, -20.0], "episode_types": ["t", "t", "t", "t", "t", "t", "t", "t", "t", "t", "t", "t", "t", "t", "t", "t", "t", "t", "t", "t", "t", "t", "t", "t", "t", "t", "t", "t", "t", "t", "t", "t", "t", "t", "t", "t", "t", "t", "t", "t", "t", "t", "t", "t", "t", "t", "t", "t", "t", "t", "t", "t", "t", "t", "t", "t", "t", "t", "t", "t", "t", "t", "t", "t", "t", "t", "t", "t", "t", "t", "t", "t", "t", "t", "t", "t", "t", "t", "t", "t", "t", "t", "t", "t", "t", "t", "t", "t", "t", "t", "t", "t", "t", "t", "t", "t", "t", "t", "t", "t", "t", "t", "t", "t", "t", "t", "t", "t", "t", "t", "t", "t", "t", "t", "t", "t", "t", "t", "t", "t", "t", "t", "t", "t", "t", "t", "t", "t", "t", "t", "t", "t", "t", "t", "t", "t", "t", "t", "t", "t", "t", "t", "t", "t", "t", "t", "t", "t", "t", "t", "t", "t", "t", "t", "t", "t", "t", "t", "t", "t", "t", "t", "t"]}