{"initial_reset_timestamp": 1667107400.6121411, "timestamps": [1667107402.6301877, 1667107403.302199, 1667107403.8703265, 1667107404.6003444, 1667107405.2532337, 1667107406.0183537, 1667107406.4907568, 1667107407.1225324, 1667107410.3514977, 1667107410.9233801, 1667107411.4449763, 1667107412.1770766, 1667107412.7316015, 1667107413.2917778, 1667107413.8268917, 1667107414.4202206, 1667107415.2110498, 1667107415.7856607, 1667107416.3133655, 1667107416.8746002, 1667107417.4915352, 1667107418.0937784, 1667107418.9806352, 1667107419.6347833, 1667107420.526171, 1667107421.0730548, 1667107421.845919, 1667107422.2748075, 1667107423.0122805, 1667107423.6976786, 1667107424.2664604, 1667107424.9434307, 1667107425.6314604, 1667107426.2424777, 1667107427.0378966, 1667107428.0998688, 1667107428.61437, 1667107429.571559, 1667107430.1129415, 1667107430.6863804, 1667107431.446493, 1667107432.0704913, 1667107432.7465644, 1667107433.3313894, 1667107433.9892504, 1667107434.5890696, 1667107435.4638207, 1667107435.9923675, 1667107436.9332092, 1667107437.6631026, 1667107438.5713663, 1667107439.2384448, 1667107439.782209, 1667107440.3060758, 1667107440.801261, 1667107441.2485464, 1667107441.684163, 1667107442.349659, 1667107442.8924577, 1667107443.3697076, 1667107444.345568, 1667107444.801544, 1667107445.4071991, 1667107446.1529694, 1667107447.040164, 1667107447.6833725, 1667107448.3152776, 1667107448.9645097, 1667107449.4839928, 1667107450.0844934, 1667107451.104868, 1667107451.8730981, 1667107452.9541216, 1667107453.4564662, 1667107453.917932, 1667107454.5547378, 1667107455.2014508, 1667107455.8230665, 1667107456.7297583, 1667107457.3152463, 1667107458.2842062, 1667107459.0727966], "episode_lengths": [617, 685, 591, 780, 693, 829, 514, 669, 681, 608, 530, 775, 601, 604, 554, 620, 848, 619, 556, 593, 661, 640, 907, 696, 912, 627, 800, 465, 768, 729, 638, 712, 731, 661, 835, 1090, 534, 1006, 587, 621, 798, 664, 708, 626, 687, 654, 907, 566, 971, 780, 943, 730, 608, 574, 518, 502, 471, 700, 573, 528, 1036, 479, 640, 783, 920, 678, 684, 712, 583, 628, 1068, 849, 1141, 559, 515, 644, 682, 662, 954, 623, 991, 838], "episode_rewards": [330.0, 290.0, 270.0, 470.0, 390.0, 560.0, 250.0, 280.0, 380.0, 290.0, 250.0, 410.0, 310.0, 360.0, 310.0, 370.0, 530.0, 270.0, 230.0, 370.0, 460.0, 390.0, 800.0, 490.0, 880.0, 280.0, 460.0, 230.0, 480.0, 300.0, 350.0, 470.0, 270.0, 310.0, 640.0, 550.0, 310.0, 760.0, 350.0, 330.0, 360.0, 350.0, 280.0, 410.0, 390.0, 640.0, 860.0, 290.0, 520.0, 500.0, 550.0, 300.0, 370.0, 270.0, 280.0, 180.0, 290.0, 340.0, 300.0, 300.0, 530.0, 240.0, 360.0, 540.0, 430.0, 320.0, 340.0, 330.0, 300.0, 330.0, 710.0, 390.0, 1630.0, 240.0, 230.0, 270.0, 430.0, 330.0, 590.0, 320.0, 570.0, 470.0], "episode_types": ["t", "t", "t", "t", "t", "t", "t", "t", "t", "t", "t", "t", "t", "t", "t", "t", "t", "t", "t", "t", "t", "t", "t", "t", "t", "t", "t", "t", "t", "t", "t", "t", "t", "t", "t", "t", "t", "t", "t", "t", "t", "t", "t", "t", "t", "t", "t", "t", "t", "t", "t", "t", "t", "t", "t", "t", "t", "t", "t", "t", "t", "t", "t", "t", "t", "t", "t", "t", "t", "t", "t", "t", "t", "t", "t", "t", "t", "t", "t", "t", "t", "t", "t"]}