{"initial_reset_timestamp": 1669932417.119784, "timestamps": [1669932428.63374, 1669932428.8425872, 1669932429.1605518, 1669932429.457072, 1669932429.7313588, 1669932430.0198364, 1669932439.948843, 1669932440.2366724, 1669932440.52635, 1669932440.8134003, 1669932441.1030214, 1669932441.3528507, 1669932441.6396887, 1669932454.6868434, 1669932463.116676, 1669932471.595874, 1669932479.6491387, 1669932488.3276608, 1669932497.320416, 1669932506.1742325, 1669932524.6552668, 1669932533.4018166, 1669932542.3816175, 1669932550.7209306, 1669932559.6411748, 1669932567.0226717, 1669932575.7354057, 1669932593.5893083, 1669932602.5762136, 1669932611.5427961, 1669932620.251057, 1669932628.439235, 1669932637.562139, 1669932641.240487, 1669932658.4399056, 1669932663.3671093, 1669932672.7687962, 1669932681.7911675, 1669932690.8818, 1669932700.0697253, 1669932709.0553513, 1669932726.9251819, 1669932734.4599285, 1669932742.1151829, 1669932746.4707534, 1669932750.8996103, 1669932759.315595, 1669932767.7013535, 1669932770.0097802, 1669932775.050419, 1669932789.051025, 1669932797.492187, 1669932805.5971427, 1669932809.3767633, 1669932817.2122614, 1669932821.6129358, 1669932829.2155535, 1669932834.4480717, 1669932840.6871812, 1669932851.7595823, 1669932858.6230962, 1669932866.8576655, 1669932870.7251234, 1669932873.467448, 1669932881.50757, 1669932889.645981, 1669932894.4992821, 1669932897.2780874, 1669932903.198327, 1669932916.6172407, 1669932921.6819835, 1669932923.4209492, 1669932926.2340393, 1669932932.5037708, 1669932937.8862698, 1669932940.4976408, 1669932943.2129762, 1669932946.0961564, 1669932953.8506837, 1669932957.1476645, 1669932960.6824865, 1669932965.5968266, 1669932979.0272694, 1669932982.6843395, 1669932985.2137108, 1669932989.6963193, 1669932994.1643953, 1669932997.2700617, 1669932999.323549, 1669933001.9766953, 1669933004.771132, 1669933009.0027363, 1669933010.787003, 1669933014.513207, 1669933015.8631635, 1669933019.1128428, 1669933021.528092, 1669933023.9800913, 1669933025.9167485, 1669933027.239072, 1669933030.919331, 1669933043.5842364, 1669933045.7968812, 1669933049.2911181, 1669933050.9346542, 1669933052.4490101, 1669933054.2449324, 1669933057.4120128, 1669933059.005447, 1669933061.4926236, 1669933064.665147, 1669933067.1044002, 1669933069.9349003, 1669933071.8842225, 1669933074.0364375, 1669933075.156599, 1669933077.7125218, 1669933081.0036695, 1669933082.3740168, 1669933084.3302624, 1669933086.3552852, 1669933087.919448, 1669933092.1450372, 1669933094.6035001, 1669933096.2022858, 1669933097.9736972, 1669933099.781868, 1669933111.493853, 1669933112.6849937, 1669933114.4835792, 1669933117.1839802, 1669933119.0218678, 1669933121.529012, 1669933123.8163466, 1669933125.1938326, 1669933128.0558445, 1669933131.1549253, 1669933133.5510921, 1669933136.181329, 1669933137.5035381, 1669933139.3464456, 1669933141.0257456, 1669933142.068972, 1669933143.7856529, 1669933145.5193062, 1669933146.9780982, 1669933149.0900226, 1669933151.8107288, 1669933153.5529604, 1669933155.1766472, 1669933156.5639741, 1669933158.0023522, 1669933161.8983037, 1669933163.4854412, 1669933165.3005242, 1669933167.3023832, 1669933179.323878, 1669933181.5774448, 1669933183.6963909, 1669933186.0799148, 1669933189.424531, 1669933191.5183876, 1669933193.52836, 1669933195.3847954, 1669933196.6135445, 1669933198.0450115, 1669933198.3550987, 1669933200.3227317, 1669933201.7996013, 1669933203.225761, 1669933205.5991597, 1669933207.6957572, 1669933209.6319678, 1669933211.0475621, 1669933213.2481697, 1669933214.7815216, 1669933217.7418232, 1669933219.6356785, 1669933221.5225248, 1669933223.1132128, 1669933224.3241887, 1669933226.005808, 1669933228.7420192, 1669933230.6565733, 1669933232.6693258, 1669933245.6824777, 1669933247.212393, 1669933249.2782786, 1669933250.785871, 1669933253.124574, 1669933254.549467, 1669933257.0642486, 1669933258.8839839, 1669933260.678764, 1669933262.2091262, 1669933264.653422, 1669933266.2844026, 1669933268.8468182, 1669933271.1966937, 1669933274.169283, 1669933275.9948666, 1669933277.8397324, 1669933279.245317, 1669933280.8765619, 1669933282.5904682, 1669933284.9828694, 1669933286.715102, 1669933288.2753994, 1669933289.7574196, 1669933291.1937535, 1669933292.5186248, 1669933293.7058432, 1669933295.5236735, 1669933297.3677347, 1669933299.9207902, 1669933301.85791, 1669933314.4832144, 1669933316.174095, 1669933318.6461697, 1669933320.5904264, 1669933323.672188, 1669933325.9835355, 1669933327.9590046, 1669933329.4590282, 1669933331.3134356, 1669933332.8631444, 1669933335.2408416, 1669933337.052852, 1669933339.5297287, 1669933341.297891, 1669933344.2709727, 1669933345.9910924, 1669933347.480571, 1669933348.8907187, 1669933350.9834952, 1669933352.5553179, 1669933353.9656172, 1669933355.9287133, 1669933357.2888622, 1669933358.8245523, 1669933360.712424, 1669933362.2072706, 1669933363.9919896, 1669933366.5319371, 1669933368.366687, 1669933380.6810825, 1669933382.6450906, 1669933384.2061908, 1669933385.5457788, 1669933388.8041484, 1669933390.216807, 1669933393.5056503, 1669933396.1498852, 1669933398.648537, 1669933401.410125, 1669933403.234788, 1669933405.0566807, 1669933407.0848806, 1669933408.3628163, 1669933410.6680176, 1669933412.0134451, 1669933413.3745372, 1669933415.6288188, 1669933417.6171176, 1669933420.2580137, 1669933422.3895378, 1669933424.2983265, 1669933427.4255111, 1669933428.8250701, 1669933430.6936162, 1669933432.3319628, 1669933434.8313205, 1669933446.8470423, 1669933448.379042, 1669933449.691941, 1669933452.0453696, 1669933454.091885, 1669933455.5590131, 1669933457.8960657, 1669933459.9314768, 1669933461.5257962, 1669933463.7202985, 1669933465.3236964, 1669933466.143025, 1669933467.9892557, 1669933469.832067, 1669933471.7927742, 1669933473.669827, 1669933476.3833432, 1669933478.1644557, 1669933479.6061306, 1669933481.7370284, 1669933483.9297056, 1669933485.2220218, 1669933486.9054215, 1669933489.3653438, 1669933490.5879698, 1669933493.1695223, 1669933494.8615062, 1669933496.368594, 1669933497.7278352, 1669933499.0919259, 1669933500.6275086, 1669933501.9974158, 1669933514.2868423, 1669933515.785817, 1669933517.6269574, 1669933519.7018025, 1669933521.8571138, 1669933523.4273484, 1669933525.157763, 1669933527.1978104, 1669933529.3783035, 1669933531.6410437, 1669933533.3478305, 1669933535.0447547, 1669933536.876882, 1669933538.8192403, 1669933540.4823554, 1669933541.8046625, 1669933543.5008261, 1669933545.4078562, 1669933546.6267114, 1669933547.9384708, 1669933550.039677, 1669933551.7741406, 1669933553.289558, 1669933554.3254282, 1669933556.10262, 1669933558.3031204, 1669933560.4191833, 1669933562.125783, 1669933563.0594513, 1669933564.3453202, 1669933565.7703898, 1669933567.0765922, 1669933568.6018996, 1669933570.0237434, 1669933582.5580156, 1669933584.5169616, 1669933586.0960093, 1669933587.70299, 1669933589.1527324, 1669933591.0085995, 1669933592.7443044, 1669933594.6336994, 1669933595.94941, 1669933597.8847315, 1669933599.2082505, 1669933601.2379892, 1669933603.0487719, 1669933604.2743165, 1669933606.2850707, 1669933608.4007573, 1669933610.333757, 1669933612.3912885, 1669933614.6901553, 1669933616.4999259, 1669933618.6911411, 1669933620.711103, 1669933622.0842443, 1669933623.1998937, 1669933624.5613828, 1669933626.375313, 1669933627.8034406, 1669933629.249402, 1669933630.6235878, 1669933632.3517566, 1669933633.46246, 1669933635.433472, 1669933637.2044268],