{"initial_reset_timestamp": 1670106875.352053, "timestamps": [1670106877.355353, 1670106877.8460083, 1670106878.257203, 1670106878.7529972, 1670106879.33178, 1670106879.7394662, 1670106880.3076344, 1670106880.7614136, 1670106881.179064, 1670106881.6895742, 1670106885.5646644, 1670106885.9796956, 1670106886.5524385, 1670106887.0444663, 1670106887.5199974, 1670106888.102469, 1670106888.4761732, 1670106888.9828613, 1670106889.3917384, 1670106889.9537525, 1670106893.8405516, 1670106894.4182243, 1670106894.8927407, 1670106895.398034, 1670106895.7973187, 1670106896.3523972, 1670106896.9458826, 1670106897.3557057, 1670106897.9277844, 1670106898.3282819, 1670106935.4495497, 1670106935.801196, 1670106936.2196236, 1670106936.7985544, 1670106937.1172411, 1670106937.6860695, 1670106938.0341187, 1670106938.5989091, 1670106939.172463, 1670106939.600106, 1670106975.9970987, 1670106976.5826297, 1670106976.9851637, 1670106977.547665, 1670106978.218827, 1670106978.620234, 1670106979.1910315, 1670106979.4886174, 1670106979.9601853, 1670106980.3723092, 1670107017.283999, 1670107017.7001467, 1670107018.268226, 1670107018.849503, 1670107019.3514383, 1670107019.923936, 1670107020.4365394, 1670107020.881614, 1670107021.456178, 1670107021.7569633], "episode_lengths": [100, 100, 100, 100, 100, 100, 100, 100, 100, 100, 100, 100, 100, 100, 100, 100, 100, 100, 100, 100, 100, 100, 100, 100, 100, 100, 100, 100, 100, 100, 100, 100, 100, 100, 100, 100, 100, 100, 100, 100, 100, 100, 100, 100, 100, 100, 100, 100, 100, 100, 100, 100, 100, 100, 100, 100, 100, 100, 100, 100], "episode_rewards": [-100.0, -100.0, -100.0, -100.0, -100.0, -100.0, -100.0, -100.0, -100.0, -100.0, -100.0, -100.0, -100.0, -100.0, -100.0, -100.0, -100.0, -100.0, -100.0, -100.0, -100.0, -100.0, -100.0, -100.0, -100.0, -100.0, -100.0, -100.0, -100.0, -100.0, -100.0, -100.0, -100.0, -100.0, -100.0, -100.0, -100.0, -100.0, -100.0, -100.0, -100.0, -100.0, -100.0, -100.0, -100.0, -100.0, -100.0, -100.0, -100.0, -100.0, -100.0, -100.0, -100.0, -100.0, -100.0, -100.0, -100.0, -100.0, -100.0, -100.0], "episode_types": ["t", "t", "t", "t", "t", "t", "t", "t", "t", "t", "t", "t", "t", "t", "t", "t", "t", "t", "t", "t", "t", "t", "t", "t", "t", "t", "t", "t", "t", "t", "t", "t", "t", "t", "t", "t", "t", "t", "t", "t", "t", "t", "t", "t", "t", "t", "t", "t", "t", "t", "t", "t", "t", "t", "t", "t", "t", "t", "t", "t"]}