{"initial_reset_timestamp": 1670106873.113736, "timestamps": [1670106881.7350354, 1670106881.911558, 1670106882.2309186, 1670106882.5091615, 1670106882.7736049, 1670106883.0562751, 1670106883.316362, 1670106883.5708177, 1670106883.8258882, 1670106884.0791616, 1670106890.0941133, 1670106890.351301, 1670106890.60701, 1670106890.8602307, 1670106891.2206922, 1670106891.4723418, 1670106891.7404342, 1670106892.0005062, 1670106892.261692, 1670106892.522959, 1670106901.7079456, 1670106905.420029, 1670106908.8536468, 1670106912.2667935, 1670106916.057869, 1670106919.6225588, 1670106923.4416683, 1670106926.960177, 1670106930.6048548, 1670106934.024772, 1670106942.7887866, 1670106946.392234, 1670106949.897559, 1670106953.4594703, 1670106956.8160148, 1670106960.1795697, 1670106963.653211, 1670106967.2665734, 1670106970.502256, 1670106974.2884352, 1670106983.5255985, 1670106987.0925832, 1670106990.9437122, 1670106994.00442, 1670106997.6063933, 1670107001.2778387, 1670107004.90014, 1670107008.3849454, 1670107009.8821256, 1670107013.0417743, 1670107015.8170521, 1670107024.6524851, 1670107028.288589, 1670107031.8024743, 1670107035.3298733, 1670107038.8958504, 1670107042.40565, 1670107045.975237, 1670107049.3966422, 1670107053.0928657], "episode_lengths": [100, 100, 100, 100, 100, 100, 100, 100, 100, 100, 100, 100, 100, 100, 100, 100, 100, 100, 100, 100, 100, 100, 100, 100, 100, 100, 100, 100, 100, 100, 100, 100, 100, 100, 100, 100, 100, 100, 93, 100, 100, 100, 100, 100, 100, 100, 100, 100, 36, 92, 77, 87, 100, 100, 100, 100, 100, 100, 100, 100], "episode_rewards": [-100.0, -100.0, -100.0, -100.0, -100.0, -100.0, -100.0, -100.0, -100.0, -100.0, -100.0, -100.0, -100.0, -100.0, -100.0, -100.0, -100.0, -100.0, -100.0, -100.0, -100.0, -100.0, -100.0, -100.0, -100.0, -100.0, -100.0, -100.0, -100.0, -100.0, -100.0, -100.0, -100.0, -100.0, -100.0, -100.0, -100.0, -100.0, -92.0, -100.0, -100.0, -100.0, -100.0, -100.0, -100.0, -100.0, -100.0, -100.0, -35.0, -91.0, -76.0, -86.0, -100.0, -100.0, -100.0, -100.0, -100.0, -100.0, -100.0, -100.0], "episode_types": ["t", "t", "t", "t", "t", "t", "t", "t", "t", "t", "t", "t", "t", "t", "t", "t", "t", "t", "t", "t", "t", "t", "t", "t", "t", "t", "t", "t", "t", "t", "t", "t", "t", "t", "t", "t", "t", "t", "t", "t", "t", "t", "t", "t", "t", "t", "t", "t", "t", "t", "t", "t", "t", "t", "t", "t", "t", "t", "t", "t", "t"]}