{"initial_reset_timestamp": 1667348069.0311425, "timestamps": [1667348070.4964972, 1667348070.5170639, 1667348070.5482516, 1667348071.705146, 1667348071.80181, 1667348071.850041, 1667348071.9231987, 1667348072.299638, 1667348073.0658512, 1667348073.8028965, 1667348074.892138, 1667348075.732672, 1667348077.321399, 1667348078.4369347], "episode_lengths": [88, 79, 111, 77, 224, 153, 194, 113, 82, 77, 115, 89, 165, 116], "episode_rewards": [-118.11052540749041, -327.4153117394716, -354.6920458658159, -195.15699640809504, -266.95593504335346, -530.9680304562827, -341.120984398603, -265.84090396835956, -320.17559453629525, -167.1732540198717, -175.82644609845647, -79.20040331444643, -498.62113553121446, -427.2928182931354], "episode_types": ["t", "t", "t", "t", "t", "t", "t", "t", "t", "t", "t", "t", "t", "t", "t"]}