{"initial_reset_timestamp": 1670015974.2530138, "timestamps": [1670015986.233747, 1670015986.5123942, 1670015986.9015317, 1670015987.24236, 1670015987.5734272, 1670015987.915907, 1670015995.439788, 1670015995.7423956, 1670015996.0831478, 1670015996.4109933, 1670015996.7667568, 1670015997.128153, 1670015997.4568608, 1670016018.7339656, 1670016029.3190086, 1670016036.4562676, 1670016046.4129398, 1670016056.339864, 1670016063.6589174, 1670016070.9575155, 1670016086.6284058, 1670016094.6422498, 1670016103.3895786, 1670016115.3446846, 1670016126.0781844, 1670016135.357816, 1670016151.1878202, 1670016157.4579513, 1670016165.6588333, 1670016172.930035, 1670016180.0118275, 1670016189.7803392, 1670016200.8072515, 1670016219.5848439, 1670016226.994345, 1670016234.2050195, 1670016244.1546853, 1670016259.160089, 1670016268.4538214, 1670016281.490693, 1670016301.1658614, 1670016317.1021779, 1670016331.2197123, 1670016344.3143935, 1670016359.2725933, 1670016374.7905018, 1670016399.735948, 1670016408.6425526, 1670016424.1737027, 1670016431.4752142, 1670016446.8147402, 1670016460.9027488, 1670016474.6145012, 1670016488.08901, 1670016492.7013385, 1670016523.2805967, 1670016529.9600456, 1670016539.4513366, 1670016548.8010967, 1670016558.8859696, 1670016569.366621, 1670016584.2305183, 1670016609.4907076, 1670016613.5140047, 1670016623.2117739, 1670016631.4807968, 1670016641.7948968, 1670016653.7222583, 1670016663.185093, 1670016665.2534025, 1670016666.6892, 1670016678.2615287, 1670016685.1792583, 1670016689.8050241, 1670016701.9340327, 1670016707.3298829, 1670016719.7877438, 1670016735.289262, 1670016743.6772804, 1670016754.6035688, 1670016757.9796877, 1670016763.5454435, 1670016765.6405647, 1670016770.8086793, 1670016773.7636068, 1670016778.5060887, 1670016781.6925995, 1670016784.5465767, 1670016793.228556, 1670016806.918068, 1670016812.2346225, 1670016817.3774626, 1670016822.846024, 1670016826.1402807, 1670016828.8762782, 1670016831.481229, 1670016837.8248324, 1670016843.544615, 1670016857.8198164, 1670016870.7689161, 1670016878.3642037, 1670016893.6554585, 1670016897.839353, 1670016902.9605463, 1670016908.3790977, 1670016913.1845362, 1670016917.3746457, 1670016929.6679964, 1670016938.5165207, 1670016962.7893653, 1670016968.107337, 1670016982.0579157, 1670016987.2964816, 1670016992.987041, 1670016998.0609536, 1670017000.7509925, 1670017008.4205186, 1670017019.1882944, 1670017023.2676682, 1670017026.0293722, 1670017031.3252652, 1670017038.5486832, 1670017041.3808954, 1670017047.2295418, 1670017051.7309597, 1670017056.0974236, 1670017059.1794598, 1670017071.3527348, 1670017073.7829978, 1670017075.81146, 1670017078.7019007, 1670017082.6792214, 1670017085.648358, 1670017087.8534703, 1670017089.2056189, 1670017093.5421913, 1670017095.040249, 1670017100.4780812, 1670017102.9782746, 1670017115.4600706, 1670017117.1548293, 1670017118.771413, 1670017121.4691489, 1670017123.1064296, 1670017124.4732578, 1670017126.5810626, 1670017128.6375482, 1670017132.0919008, 1670017134.8527396, 1670017136.5671492, 1670017138.5094156, 1670017140.2503116, 1670017143.0693016, 1670017145.5397594, 1670017150.2048705, 1670017159.5940237, 1670017161.5970938, 1670017163.1676674, 1670017164.6218557, 1670017168.9350626, 1670017169.8776305, 1670017172.168726, 1670017173.4646266, 1670017175.1486871, 1670017176.4201884, 1670017178.0008187, 1670017179.5040214, 1670017181.3563757, 1670017183.2895103, 1670017184.1895385, 1670017188.0684335, 1670017190.7778382, 1670017193.4917078, 1670017194.6297982, 1670017201.0867746, 1670017202.7825015, 1670017204.016046, 1670017204.9029698, 1670017207.664307, 1670017210.9046729, 1670017213.9138863, 1670017215.1207788, 1670017216.2552261, 1670017219.4423184, 1670017222.1561084, 1670017224.0416167, 1670017228.4476225, 1670017232.2088556, 1670017233.862266, 1670017236.485161, 1670017238.1146123, 1670017239.8126726, 1670017241.054216], "episode_lengths": [150, 150, 150, 150, 150, 150, 150, 150, 150, 150, 150, 150, 150, 150, 150, 150, 150, 150, 150, 150, 150, 150, 150, 150, 150, 150, 150, 150, 150, 150, 150, 150, 150, 150, 150, 150, 150, 150, 150, 150, 150, 150, 150, 150, 150, 150, 150, 95, 150, 70, 150, 142, 150, 133, 44, 150, 63, 150, 150, 150, 106, 150, 145, 75, 127, 150, 150, 116, 150, 41, 36, 150, 142, 75, 150, 111, 122, 150, 150, 150, 55, 150, 55, 150, 36, 81, 60, 62, 146, 150, 150, 150, 150, 62, 28, 54, 150, 150, 150, 150, 73, 150, 41, 51, 54, 47, 52, 147, 103, 89, 53, 150, 103, 150, 140, 72, 150, 150, 150, 91, 150, 150, 60, 117, 70, 108, 57, 122, 77, 55, 75, 113, 91, 64, 40, 128, 38, 142, 63, 118, 43, 47, 80, 54, 45, 69, 61, 89, 69, 41, 50, 47, 84, 71, 61, 37, 49, 38, 36, 111, 25, 69, 36, 48, 33, 44, 41, 51, 59, 26, 105, 71, 69, 28, 30, 49, 35, 24, 80, 64, 42, 25, 30, 53, 61, 54, 125, 94, 42, 70, 42, 44, 31], "episode_rewards": [-150.0, -150.0, -150.0, -150.0, -150.0, -150.0, -150.0, -150.0, -150.0, -150.0, -150.0, -150.0, -150.0, -150.0, -150.0, -150.0, -150.0, -150.0, -150.0, -150.0, -150.0, -150.0, -150.0, -150.0, -150.0, -150.0, -150.0, -150.0, -150.0, -150.0, -150.0, -150.0, -150.0, -150.0, -150.0, -150.0, -150.0, -150.0, -150.0, -150.0, -150.0, -150.0, -150.0, -150.0, -150.0, -150.0, -150.0, -94.0, -150.0, -69.0, -150.0, -141.0, -150.0, -132.0, -43.0, -150.0, -62.0, -150.0, -150.0, -150.0, -105.0, -150.0, -144.0, -74.0, -126.0, -150.0, -150.0, -115.0, -150.0, -40.0, -35.0, -150.0, -141.0, -74.0, -150.0, -110.0, -121.0, -150.0, -150.0, -150.0, -54.0, -150.0, -54.0, -150.0, -35.0, -80.0, -59.0, -61.0, -145.0, -150.0, -150.0, -150.0, -150.0, -61.0, -27.0, -53.0, -150.0, -150.0, -150.0, -150.0, -72.0, -150.0, -40.0, -50.0, -53.0, -46.0, -51.0, -146.0, -102.0, -88.0, -52.0, -150.0, -102.0, -150.0, -139.0, -71.0, -150.0, -150.0, -150.0, -90.0, -150.0, -150.0, -59.0, -116.0, -69.0, -107.0, -56.0, -121.0, -76.0, -54.0, -74.0, -112.0, -90.0, -63.0, -39.0, -127.0, -37.0, -141.0, -62.0, -117.0, -42.0, -46.0, -79.0, -53.0, -44.0, -68.0, -60.0, -88.0, -68.0, -40.0, -49.0, -46.0, -83.0, -70.0, -60.0, -36.0, -48.0, -37.0, -35.0, -110.0, -24.0, -68.0, -35.0, -47.0, -32.0, -43.0, -40.0, -50.0, -58.0, -25.0, -104.0, -70.0, -68.0, -27.0, -29.0, -48.0, -34.0, -23.0, -79.0, -63.0, -41.0, -24.0, -29.0, -52.0, -60.0, -53.0, -124.0, -93.0, -41.0, -69.0, -41.0, -43.0, -30.0], "episode_types": ["t", "t", "t", "t", "t", "t", "t", "t", "t", "t", "t", "t", "t", "t", "t", "t", "t", "t", "t", "t", "t", "t", "t", "t", "t", "t", "t", "t", "t", "t", "t", "t", "t", "t", "t", "t", "t", "t", "t", "t", "t", "t", "t", "t", "t", "t", "t", "t", "t", "t", "t", "t", "t", "t", "t", "t", "t", "t", "t", "t", "t", "t", "t", "t", "t", "t", "t", "t", "t", "t", "t", "t", "t", "t", "t", "t", "t", "t", "t", "t", "t", "t", "t", "t", "t", "t", "t", "t", "t", "t", "t", "t", "t", "t", "t", "t", "t", "t", "t", "t", "t", "t", "t", "t", "t", "t", "t", "t", "t", "t", "t", "t", "t", "t", "t", "t", "t", "t", "t", "t", "t", "t", "t", "t", "t", "t", "t", "t", "t", "t", "t", "t", "t", "t", "t", "t", "t", "t", "t", "t", "t", "t", "t", "t", "t", "t", "t", "t", "t", "t", "t", "t", "t", "t", "t", "t", "t", "t", "t", "t", "t", "t", "t", "t", "t", "t", "t", "t", "t", "t", "t", "t", "t", "t", "t", "t", "t", "t", "t", "t", "t", "t", "t", "t", "t", "t", "t", "t", "t", "t", "t", "t", "t", "t"]}