{"initial_reset_timestamp": 1670015977.1796432, "timestamps": [1670015980.3772943, 1670015981.6860452, 1670015982.7303202, 1670015983.6682286, 1670015984.9345715, 1670015985.6671867, 1670015986.14334, 1670015989.4074304, 1670015990.6177087, 1670015991.8415434, 1670015993.0929778, 1670015993.8299172, 1670015994.2939599, 1670015994.8958607, 1670015995.366027, 1670015999.1347976, 1670016001.078491, 1670016002.8643925, 1670016004.580945, 1670016005.631345, 1670016006.8472323, 1670016008.4119806, 1670016010.1901734, 1670016072.635422, 1670016073.4917924, 1670016074.3185048, 1670016075.1418483, 1670016075.9204884, 1670016076.9531717, 1670016078.6430664, 1670016144.0592575, 1670016144.8586628, 1670016145.5954127, 1670016146.4168043, 1670016147.217623, 1670016148.0101023, 1670016148.8598006, 1670016206.9252577, 1670016207.5236068, 1670016208.9141293, 1670016209.9710464, 1670016210.8764982, 1670016212.6175215, 1670016214.3437366, 1670016283.1468494, 1670016283.781564, 1670016284.471829, 1670016285.1894817, 1670016285.8813603, 1670016287.5170648, 1670016288.647806, 1670016388.1473534, 1670016390.1739757, 1670016391.934768, 1670016393.4345322, 1670016395.0391796, 1670016396.029021, 1670016396.689098, 1670016497.6637123, 1670016499.6794531, 1670016501.7033467, 1670016503.72683, 1670016505.7822428, 1670016507.8214808, 1670016509.8495178, 1670016597.0004313, 1670016598.9802353, 1670016601.0013266, 1670016603.0455146, 1670016605.08317, 1670016606.352126, 1670016607.4211323, 1670016673.9779203, 1670016674.4852104, 1670016674.8720224, 1670016675.3543184, 1670016675.927256, 1670016676.4272542, 1670016676.9293249, 1670016747.243509, 1670016747.753254, 1670016748.2221065, 1670016748.694982, 1670016749.1523178, 1670016749.6359293, 1670016750.1921546, 1670016801.9375234, 1670016802.5835748, 1670016803.253228, 1670016803.8985674, 1670016804.4779062, 1670016805.099957, 1670016805.632051, 1670016848.773077, 1670016849.7748127, 1670016850.7607574, 1670016851.4995172, 1670016851.9903, 1670016852.4860542, 1670016853.1166906, 1670016946.562993, 1670016948.6420534, 1670016950.7276297, 1670016952.8235505, 1670016954.9468198, 1670016957.0623982, 1670016959.1597552, 1670017015.4774961, 1670017016.0795221, 1670017016.7585258, 1670017017.3761613, 1670017017.9188275, 1670017018.5091329, 1670017019.0548503, 1670017063.157709, 1670017064.591763, 1670017066.1538472, 1670017066.9455276, 1670017067.5191793, 1670017068.118769, 1670017068.6795325, 1670017105.841775, 1670017106.5258808, 1670017107.2150826, 1670017107.8492634, 1670017108.5287783, 1670017109.160567, 1670017109.8388739, 1670017152.8655705, 1670017154.483731, 1670017155.594105, 1670017156.2709768, 1670017157.0007217, 1670017157.6975663, 1670017158.3623273, 1670017197.2778459, 1670017197.9241033, 1670017198.601082, 1670017199.2338974, 1670017199.9367607, 1670017200.5231454, 1670017201.0459602, 1670017243.8074923, 1670017245.5723934, 1670017247.029798, 1670017247.9813986, 1670017250.031912, 1670017251.1469283, 1670017252.2782216, 1670017286.7795208, 1670017288.357737, 1670017290.0436604, 1670017291.7694416, 1670017292.5066836, 1670017293.241407, 1670017294.0733793, 1670017338.1154683, 1670017339.7929494, 1670017341.3283372, 1670017342.8472412, 1670017343.4680562, 1670017344.0875118, 1670017344.6745965, 1670017384.5390072, 1670017385.9403553, 1670017387.5535252, 1670017388.3417094, 1670017389.0569317, 1670017389.8731413, 1670017391.536681, 1670017445.4286082, 1670017447.5600896, 1670017449.6433477, 1670017451.7354176, 1670017453.8411815, 1670017455.9034777, 1670017457.9467278, 1670017513.5201316, 1670017515.66693, 1670017517.1126657, 1670017518.902133, 1670017520.718578, 1670017522.4689977, 1670017523.245166, 1670017618.0788116, 1670017620.2781363, 1670017622.4430995, 1670017624.5943892, 1670017626.706007, 1670017628.8148673, 1670017631.0086863, 1670017691.1012893, 1670017693.1862745, 1670017695.2584283, 1670017697.3377018, 1670017699.4423487, 1670017701.5448973, 1670017703.315568, 1670017773.5650704, 1670017774.1784549, 1670017774.8019495, 1670017775.5052245, 1670017776.1965322, 1670017776.869709, 1670017777.5662131, 1670017822.1711452, 1670017824.2716444, 1670017826.3981404, 1670017828.5186796, 1670017830.655687, 1670017832.7906163, 1670017834.8968647, 1670017931.5954714, 1670017933.7161455, 1670017935.8384533, 1670017936.7687104, 1670017938.168937, 1670017940.3117692, 1670017942.4940338, 1670017992.299075, 1670017994.3933198, 1670017995.5689733, 1670017996.334622, 1670017997.076578, 1670017997.821823, 1670017998.6706896, 1670018058.383463, 1670018059.0117505, 1670018059.7077599, 1670018060.4448202, 1670018061.190565, 1670018061.951492, 1670018062.7136292, 1670018105.3822684, 1670018106.0359778, 1670018106.593786, 1670018107.0630267, 1670018107.567391, 1670018108.1345375, 1670018108.74039, 1670018154.8172133, 1670018156.621525, 1670018157.9422596, 1670018158.6125364, 1670018159.2664828, 1670018159.9658053, 1670018160.5470355, 1670018203.2529743, 1670018204.7213402, 1670018206.3582685, 1670018207.7285228, 1670018209.1189702, 1670018209.8992434, 1670018210.6675012, 1670018251.1528485, 1670018251.8238637, 1670018252.3923578, 1670018252.889244, 1670018253.4408047, 1670018254.0556145, 1670018254.7669713, 1670018315.3116367, 1670018316.4642541, 1670018317.344171, 1670018318.5960662, 1670018320.5534027, 1670018322.3217149, 1670018323.8228142, 1670018377.8001883, 1670018378.622809, 1670018379.4782856, 1670018381.1779108, 1670018382.8895943, 1670018384.5308545, 1670018385.281214, 1670018431.817491, 1670018432.5893078, 1670018433.3391542, 1670018434.1214855, 1670018434.9109833, 1670018435.6981075, 1670018436.479211, 1670018522.3710673, 1670018524.5374117, 1670018526.6742125, 1670018528.849425, 1670018531.0222323, 1670018533.193048, 1670018535.3642428, 1670018624.7902677, 1670018626.6952662, 1670018627.5842736, 1670018628.320178, 1670018629.1480596, 1670018629.9045992, 1670018630.7813354, 1670018671.0101218, 1670018671.7366118, 1670018672.4479063, 1670018673.1094441, 1670018673.7877097, 1670018674.462652, 1670018675.1375785, 1670018725.2571652, 1670018725.9801078, 1670018726.7052457, 1670018727.3497005, 1670018728.011114, 1670018728.6897237, 1670018729.3802044, 1670018770.078238, 1670018770.704656, 1670018771.3277388, 1670018771.9369745, 1670018772.555294, 1670018773.1678631, 1670018773.8466492, 1670018817.9044702, 1670018819.504402, 1670018821.2047825, 1670018822.862862, 1670018823.9730363, 1670018824.716223, 1670018826.461483, 1670018874.7194836, 1670018876.8748581, 1670018879.051767, 1670018881.2283916, 1670018882.9280922, 1670018884.7134502, 1670018886.564673, 1670018958.7867105, 1670018960.9516654, 1670018963.1131847, 1670018965.2838163, 1670018967.4444857, 1670018969.6140747, 1670018971.7824612, 1670019029.8146017, 1670019030.5819612, 1670019031.831459, 1670019033.2042391, 1670019034.0146174, 1670019035.134058, 1670019037.2556243, 1670019114.9881625, 1670019117.098913, 1670019118.99303, 1670019120.6513693, 1670019122.2217422, 1670019123.8910174, 1670019126.004783],