{"initial_reset_timestamp": 1669949503.6135678, "timestamps": [1669949507.0336945, 1669949507.2399907, 1669949507.5562494, 1669949507.8486462, 1669949508.1510677, 1669949508.442663, 1669949510.9093046, 1669949511.191417, 1669949511.4722826, 1669949511.7554827, 1669949512.0371203, 1669949512.3118467, 1669949512.582548, 1669949515.5172024, 1669949516.9224818, 1669949518.3072398, 1669949519.692392, 1669949521.0590916, 1669949522.534411, 1669949523.9250414, 1669949527.2967849, 1669949528.6427867, 1669949530.0100822, 1669949531.3654015, 1669949532.7455418, 1669949534.121641, 1669949537.5596507, 1669949538.941197, 1669949540.3124526, 1669949541.7027142, 1669949543.0915406, 1669949544.1509383, 1669949545.5337465, 1669949548.9694996, 1669949550.3421583, 1669949551.5010288, 1669949552.8789625, 1669949554.2437189, 1669949555.6197722, 1669949556.962541, 1669949560.4127164, 1669949561.3470364, 1669949562.7151175, 1669949564.0300927, 1669949565.4034832, 1669949566.3372736, 1669949566.9226265, 1669949567.891566, 1669949571.288205, 1669949572.5351303, 1669949573.882997, 1669949574.3464215, 1669949575.6917534, 1669949577.0633762, 1669949577.6173902, 1669949578.0668678, 1669949579.4078813, 1669949579.9209769, 1669949583.2076483, 1669949584.6229193, 1669949585.9614313, 1669949586.9546425, 1669949588.0084522, 1669949589.3438268, 1669949590.684462, 1669949594.0211778, 1669949595.3803706, 1669949596.7203548, 1669949598.068828, 1669949598.5205607, 1669949599.4901977, 1669949600.817922, 1669949601.9151366, 1669949602.2874696, 1669949605.677432, 1669949606.8671706, 1669949607.807965, 1669949608.3558, 1669949608.8106394, 1669949609.6493087, 1669949610.4480233, 1669949611.7235336, 1669949612.5104456, 1669949615.7259495, 1669949616.2705142, 1669949616.8231604, 1669949617.2471354, 1669949617.8195312, 1669949618.22492, 1669949618.5311604, 1669949619.4877155, 1669949619.9095004, 1669949620.3357956, 1669949620.6722121, 1669949621.260179, 1669949621.8034434, 1669949622.3463104, 1669949623.167961, 1669949623.7999234, 1669949624.621299, 1669949625.1762683, 1669949627.975698, 1669949628.6011088, 1669949629.820869, 1669949630.4106405, 1669949630.8661158, 1669949631.3014414, 1669949631.691182, 1669949632.094747, 1669949632.5128667, 1669949633.4247167, 1669949633.962076, 1669949634.5388577, 1669949635.4227843, 1669949635.954193, 1669949636.7696157, 1669949639.433109, 1669949640.0079167, 1669949640.8385427, 1669949641.2481132, 1669949642.16669, 1669949642.5580683, 1669949643.0584905, 1669949643.4980466, 1669949643.9765303, 1669949644.3720114, 1669949644.9954252, 1669949645.5769727, 1669949646.2159262, 1669949647.3405201, 1669949647.7664962, 1669949648.137957, 1669949648.598335, 1669949651.275111, 1669949651.844807, 1669949652.3936074, 1669949652.7789543, 1669949653.4456158, 1669949653.7459095, 1669949654.0804148, 1669949654.6353796, 1669949654.9878676, 1669949655.5169513, 1669949655.9548864, 1669949656.4832945, 1669949657.0048163, 1669949657.6731548, 1669949658.0268185, 1669949658.4728699, 1669949658.9716926, 1669949659.4482715, 1669949659.945073, 1669949660.277215, 1669949660.721543, 1669949661.1201, 1669949663.9975078, 1669949664.4159124, 1669949664.7578855, 1669949665.1745024, 1669949665.697944, 1669949665.9764745, 1669949666.3545506, 1669949666.8076413, 1669949667.641427, 1669949668.1423588, 1669949668.8609746, 1669949669.3077037, 1669949669.7775924, 1669949670.2436025, 1669949670.8953, 1669949671.209051, 1669949671.860821, 1669949672.203702, 1669949672.6060336, 1669949673.0669386, 1669949675.7922084, 1669949676.0797617, 1669949676.4624367, 1669949676.9815636, 1669949677.5085504, 1669949677.9956143, 1669949678.6290107, 1669949679.159361, 1669949679.6169193, 1669949680.1663554, 1669949680.5959826, 1669949680.9852517, 1669949681.3941643, 1669949681.7822073, 1669949682.355933, 1669949683.1338177, 1669949683.5385144, 1669949683.9423892, 1669949684.4031284, 1669949684.7068527, 1669949685.0565946, 1669949685.5469468, 1669949688.4871264, 1669949688.963381, 1669949689.3962975, 1669949689.8922524, 1669949690.2204304, 1669949690.646656, 1669949691.0103445, 1669949691.471897, 1669949692.021254, 1669949692.529452, 1669949692.7911532, 1669949693.2052062, 1669949693.8113828, 1669949694.2756436, 1669949694.694859, 1669949695.2786934, 1669949695.7058558, 1669949696.144836, 1669949696.3835614, 1669949696.6366694, 1669949696.9659305, 1669949697.2046113, 1669949697.7869847, 1669949700.749862, 1669949701.1832533, 1669949701.5676725, 1669949701.8037844, 1669949702.081634, 1669949702.4902563, 1669949702.7766893, 1669949703.1995046, 1669949703.5530956, 1669949703.9333496, 1669949704.3178847, 1669949704.6391134, 1669949704.9766421, 1669949705.288836, 1669949705.6268322, 1669949705.999699, 1669949706.4588943, 1669949706.7884765, 1669949707.340713, 1669949707.562151, 1669949707.9904761, 1669949708.3591127, 1669949708.6377797, 1669949708.8774061, 1669949709.2151074, 1669949709.4813662, 1669949709.8258452, 1669949710.1418352, 1669949710.4655025, 1669949710.7896733, 1669949711.2199068, 1669949713.9084194, 1669949714.3719025, 1669949714.687848, 1669949714.9732418, 1669949715.2564402, 1669949715.6270642, 1669949715.9924135, 1669949716.292798, 1669949716.5923376, 1669949716.96531, 1669949717.298455, 1669949717.9202306, 1669949718.291008, 1669949719.12435, 1669949719.651348, 1669949719.9757504, 1669949720.3011746, 1669949720.786467, 1669949721.1260877, 1669949721.4311001, 1669949721.777137, 1669949722.1043618, 1669949722.530012, 1669949722.9808393, 1669949723.2698808, 1669949723.5956903, 1669949723.905999], "episode_lengths": [150, 150, 150, 150, 150, 150, 126, 150, 150, 150, 150, 150, 150, 150, 150, 150, 150, 150, 150, 150, 150, 150, 150, 150, 150, 150, 150, 150, 150, 150, 150, 112, 150, 150, 150, 126, 150, 150, 150, 150, 150, 100, 150, 144, 150, 99, 60, 105, 150, 139, 150, 46, 150, 150, 58, 44, 150, 52, 150, 150, 150, 109, 116, 150, 150, 150, 150, 150, 150, 45, 98, 150, 122, 36, 150, 133, 105, 58, 47, 91, 87, 134, 85, 130, 56, 57, 42, 59, 40, 28, 96, 41, 42, 31, 61, 56, 56, 87, 65, 88, 57, 60, 66, 136, 63, 47, 44, 37, 40, 41, 98, 53, 59, 97, 53, 86, 66, 59, 90, 40, 100, 37, 50, 43, 48, 38, 65, 60, 66, 122, 42, 36, 47, 51, 58, 57, 37, 70, 27, 31, 57, 33, 54, 43, 53, 53, 61, 33, 44, 50, 48, 50, 31, 44, 39, 82, 41, 32, 41, 54, 25, 37, 46, 91, 51, 77, 44, 47, 44, 67, 28, 67, 31, 39, 45, 52, 26, 37, 54, 54, 47, 65, 55, 44, 58, 43, 39, 40, 37, 59, 72, 39, 39, 46, 28, 33, 50, 42, 48, 43, 52, 31, 45, 37, 47, 57, 52, 23, 41, 64, 47, 41, 61, 42, 44, 20, 22, 31, 20, 61, 43, 43, 38, 19, 23, 39, 25, 42, 34, 37, 37, 29, 22, 28, 31, 35, 45, 30, 57, 18, 43, 36, 25, 20, 32, 23, 32, 29, 30, 30, 43, 29, 47, 31, 27, 27, 38, 37, 29, 29, 37, 31, 64, 35, 89, 54, 30, 31, 42, 32, 28, 33, 31, 43, 46, 27, 32, 29],