{"initial_reset_timestamp": 1670028192.6784036, "timestamps": [1670028210.0441062, 1670028210.3188732, 1670028210.6848848, 1670028210.9979467, 1670028211.3627036, 1670028211.7335784, 1670028221.6321623, 1670028222.031424, 1670028222.4343486, 1670028222.8193994, 1670028223.0744283, 1670028223.417922, 1670028223.843015, 1670028231.819577, 1670028243.8950787, 1670028257.5467665, 1670028271.4382527, 1670028285.2527838, 1670028299.1654441, 1670028313.2554514, 1670028340.5577834, 1670028352.8701282, 1670028366.6163902, 1670028380.6895273, 1670028394.871347, 1670028408.8069897, 1670028436.3093793, 1670028450.1591833, 1670028462.5238123, 1670028476.1325135, 1670028490.3515308, 1670028504.1086047, 1670028515.4885123, 1670028519.6827273, 1670028524.0093746, 1670028547.3558002, 1670028559.7232988, 1670028563.4879992, 1670028572.7315557, 1670028584.5538762, 1670028593.7994187, 1670028601.316255, 1670028608.1182485, 1670028622.6929824, 1670028651.0156, 1670028663.914623, 1670028676.088861, 1670028683.9630034, 1670028693.1116903, 1670028695.857994, 1670028701.543168, 1670028715.1220036, 1670028724.641797, 1670028733.7288637, 1670028762.3835144, 1670028771.6451895, 1670028786.165003, 1670028797.499142, 1670028805.3900123, 1670028816.1580667, 1670028821.4759135, 1670028835.9263544, 1670028842.469071, 1670028871.4743, 1670028880.077329, 1670028894.7051094, 1670028904.2736123, 1670028917.6495764, 1670028925.7297823, 1670028932.3877845, 1670028944.3652534, 1670028957.7892153, 1670028977.3469114, 1670028991.9810429, 1670028999.159917, 1670029010.7694924, 1670029017.2428007, 1670029025.6322057, 1670029038.4975116, 1670029051.0793352, 1670029063.8803375, 1670029088.8698547, 1670029092.5297978, 1670029095.1221547, 1670029098.8333452, 1670029103.0267575, 1670029107.5143054, 1670029113.3909433, 1670029118.6361299, 1670029121.047686, 1670029129.8095088, 1670029135.8901408, 1670029139.6910896, 1670029143.6514008, 1670029148.3002286, 1670029153.2997444, 1670029157.7372234, 1670029162.6808903, 1670029168.4958797, 1670029186.1522653, 1670029189.9163356, 1670029194.0096447, 1670029197.6701508, 1670029199.4772723, 1670029202.3136587, 1670029204.4869223, 1670029207.4520552, 1670029211.6167989, 1670029214.9415314, 1670029219.1527922, 1670029224.4982026, 1670029228.631169, 1670029232.4703724, 1670029237.0146134, 1670029240.1825666, 1670029243.1305623, 1670029247.215588, 1670029251.2045164, 1670029256.157621, 1670029262.4194813, 1670029266.7800472, 1670029269.1851003, 1670029273.6465168, 1670029288.9502907, 1670029291.9574003, 1670029294.8522081, 1670029299.2282138, 1670029302.2962341, 1670029308.2210202, 1670029312.4266534, 1670029316.516574, 1670029321.3838286, 1670029326.214474, 1670029330.1472335, 1670029332.5975268, 1670029335.3759823, 1670029338.2848842, 1670029342.7404764, 1670029346.1607683, 1670029351.1458838, 1670029354.0872557, 1670029356.8645513, 1670029359.1148524, 1670029361.6119354, 1670029364.0381768, 1670029366.400772, 1670029368.9666734, 1670029372.4238398, 1670029375.1084597, 1670029399.3775876, 1670029403.0678291, 1670029405.0704443, 1670029407.4474216, 1670029410.1254733, 1670029413.8758984, 1670029416.7222579, 1670029419.6126816, 1670029421.9852011, 1670029424.2440248, 1670029427.1013017, 1670029429.9686093, 1670029433.5123568, 1670029437.1791816, 1670029442.3392088, 1670029444.7330606, 1670029449.6369686, 1670029452.1411111, 1670029456.662861, 1670029458.7819076, 1670029462.9281933, 1670029467.9346297, 1670029473.9106247, 1670029477.072254, 1670029484.5008295, 1670029502.2184055, 1670029506.141886, 1670029509.4441783, 1670029511.8171523, 1670029515.7772176, 1670029518.6019518, 1670029521.309605, 1670029523.5782795, 1670029525.580072, 1670029527.9378667, 1670029531.523479, 1670029535.0766697, 1670029539.4732702, 1670029545.6901653, 1670029548.7928061, 1670029550.8368049, 1670029554.8493316, 1670029557.5819056, 1670029559.8397567, 1670029562.5889082, 1670029565.3855069, 1670029569.4677181, 1670029571.7407906, 1670029574.4237878, 1670029578.762971, 1670029582.471932, 1670029585.4158378, 1670029588.9119303, 1670029607.9702914, 1670029613.7184718, 1670029615.2970614, 1670029616.871865, 1670029619.0534637, 1670029622.9171546, 1670029625.779413, 1670029628.7220619, 1670029632.398082, 1670029636.642478, 1670029639.3281863, 1670029643.2159495, 1670029645.945747, 1670029648.6718607, 1670029651.0282528, 1670029653.9495292, 1670029656.3298893, 1670029658.5579796, 1670029662.6316133, 1670029664.6675775, 1670029667.1850233, 1670029669.8001337, 1670029672.0426018, 1670029674.5325062, 1670029677.4249973, 1670029679.834245, 1670029682.7924702, 1670029686.3484406, 1670029689.4151642, 1670029691.702702, 1670029712.9287252, 1670029717.3596034, 1670029721.7023392, 1670029724.1075227, 1670029726.1852462, 1670029729.013878, 1670029731.7925105, 1670029736.494799, 1670029739.388986, 1670029742.8951218, 1670029746.4105883, 1670029748.4176772, 1670029751.6231303, 1670029754.3228283, 1670029759.2741113, 1670029761.8088949, 1670029765.8506045, 1670029768.3736095, 1670029770.4494045, 1670029773.4651675, 1670029776.1858804, 1670029778.9578137, 1670029781.3576756, 1670029783.89039, 1670029786.3131804, 1670029789.1539724, 1670029791.641939, 1670029795.1198006, 1670029797.532046, 1670029800.5268445, 1670029802.6151638, 1670029820.7967663, 1670029825.109537, 1670029827.066782, 1670029829.902761, 1670029832.483251, 1670029835.9961567, 1670029838.877981, 1670029843.549955, 1670029845.5654325, 1670029848.6232278, 1670029853.1487923, 1670029855.5720587, 1670029858.803559, 1670029863.0158238, 1670029869.725801, 1670029873.4236405, 1670029877.4493866, 1670029880.1141891, 1670029882.8145866, 1670029887.1768208, 1670029889.9451642, 1670029891.9682083, 1670029893.9748316, 1670029896.4294677, 1670029899.1220038, 1670029901.282299, 1670029903.975944, 1670029907.9042187, 1670029926.364182, 1670029929.047254, 1670029931.8052297, 1670029934.014494, 1670029937.1848106, 1670029940.1184664, 1670029942.412143, 1670029944.7882917, 1670029947.3793316, 1670029949.2404296, 1670029950.9201763, 1670029952.743274, 1670029955.2883778, 1670029958.2310388, 1670029961.1850376, 1670029963.4709294, 1670029966.7410598, 1670029968.668925, 1670029971.2026732, 1670029973.9516404, 1670029976.0203304, 1670029978.1699662, 1670029981.651339, 1670029984.454154, 1670029989.133937, 1670029991.3019874, 1670029994.503297, 1670029996.5011308, 1670029998.686722, 1670030001.0999796, 1670030003.379806, 1670030005.5640237, 1670030008.1012611, 1670030010.546895, 1670030013.229267, 1670030032.8423939, 1670030034.770335, 1670030036.54702, 1670030038.8332305, 1670030041.600155, 1670030044.74528, 1670030047.9508502, 1670030051.024551, 1670030053.7777803, 1670030056.0772984, 1670030059.064365, 1670030061.1418092, 1670030064.0939128, 1670030067.454987, 1670030069.6723154, 1670030071.9603798, 1670030075.1109257, 1670030078.0561194, 1670030081.1847079, 1670030085.0313249, 1670030087.9763927, 1670030091.353614, 1670030093.2961097, 1670030095.7740982, 1670030098.345829, 1670030100.8996346, 1670030103.371443, 1670030105.3369348, 1670030107.5481207, 1670030110.0628295, 1670030112.7466893, 1670030114.856633, 1670030118.1804605, 1670030120.7297626],