{"initial_reset_timestamp": 1670010104.7459235, "timestamps": [1670010106.905573, 1670010107.6227324, 1670010108.9250467, 1670010109.6176634, 1670010110.8486145, 1670010112.2181222, 1670010113.3976257, 1670010116.3941092, 1670010116.7367506, 1670010117.0701878, 1670010117.3995662, 1670010117.6989682, 1670010118.0527477, 1670010118.4062135, 1670010119.226121, 1670010122.3121624, 1670010122.8688083, 1670010123.4208162, 1670010123.9074326, 1670010124.434975, 1670010124.917975, 1670010125.4700863, 1670010126.118843, 1670010177.9973524, 1670010178.7821608, 1670010179.5620782, 1670010180.355334, 1670010181.1941562, 1670010181.9980917, 1670010182.8518713, 1670010242.9073553, 1670010243.7446148, 1670010244.5944421, 1670010245.7238147, 1670010247.0247178, 1670010249.017137, 1670010251.2941453, 1670010347.8920631, 1670010350.060578, 1670010352.2510362, 1670010354.1440344, 1670010355.8816233, 1670010357.605524, 1670010359.824282, 1670010430.9209652, 1670010432.6705556, 1670010433.4380074, 1670010434.207648, 1670010434.978815, 1670010435.7814436, 1670010436.5767395, 1670010502.5479772, 1670010504.653731, 1670010506.90806, 1670010509.054652, 1670010511.2414956, 1670010513.4303236, 1670010515.453584, 1670010590.939626, 1670010591.5710166, 1670010592.0917404, 1670010592.6286533, 1670010593.2553446, 1670010595.0813522, 1670010596.5848727, 1670010668.7427208, 1670010669.4802618, 1670010670.1749916, 1670010670.8955305, 1670010671.5570836, 1670010672.158547, 1670010672.7892015, 1670010750.8090353, 1670010752.3477943, 1670010753.0603905, 1670010753.8072183, 1670010755.249965, 1670010757.2396321, 1670010759.3390973, 1670010849.6940002, 1670010850.8042054, 1670010851.5546877, 1670010852.2106345, 1670010853.2333274, 1670010854.910365, 1670010856.626671, 1670010934.4726472, 1670010935.22595, 1670010936.0691264, 1670010937.0462444, 1670010937.8097339, 1670010938.8960476, 1670010940.146039, 1670011001.7531757, 1670011003.4302714, 1670011005.0244598, 1670011005.6034422, 1670011006.1816535, 1670011006.859581, 1670011007.537538, 1670011086.6798232, 1670011088.2992682, 1670011090.1816711, 1670011092.1249042, 1670011094.2601938, 1670011096.417714, 1670011098.4920895, 1670011160.5227883, 1670011161.2652237, 1670011161.9090214, 1670011162.5985255, 1670011163.379459, 1670011164.029494, 1670011164.7111568, 1670011223.8741553, 1670011225.1988246, 1670011226.0448859, 1670011227.6871128, 1670011229.588088, 1670011230.4365418, 1670011231.1553423, 1670011281.6623557, 1670011283.1587038, 1670011284.0324764, 1670011285.760298, 1670011286.9598436, 1670011288.4847083, 1670011289.4628587, 1670011367.7213464, 1670011369.603116, 1670011371.3794162, 1670011372.9478464, 1670011374.9261763, 1670011377.1273792, 1670011379.355807, 1670011432.8528657, 1670011434.3095384, 1670011435.4035008, 1670011436.9784195, 1670011437.764317, 1670011438.438705, 1670011439.1833773, 1670011508.4342914, 1670011510.320175, 1670011511.8705914, 1670011513.6158044, 1670011515.6536586, 1670011517.5957828, 1670011519.361768, 1670011604.366604, 1670011606.3467243, 1670011608.4704325, 1670011610.679098, 1670011612.5434313, 1670011614.2983644, 1670011616.0377755, 1670011690.5120478, 1670011692.4539013, 1670011694.2188606, 1670011695.0612104, 1670011696.317107, 1670011698.1938224, 1670011699.9286075, 1670011787.9300413, 1670011789.8044093, 1670011791.936023, 1670011794.0906534, 1670011795.838057, 1670011797.7012703, 1670011799.7524714, 1670011879.0187924, 1670011879.9091516, 1670011880.722092, 1670011881.5594573, 1670011882.9442225, 1670011884.5532498, 1670011886.3915746, 1670011955.0886266, 1670011956.2904286, 1670011958.2012784, 1670011960.1237717, 1670011962.0476878, 1670011962.929895, 1670011963.942077, 1670012039.058932, 1670012040.8749013, 1670012042.6131983, 1670012044.6088612, 1670012046.9232125, 1670012048.8503277, 1670012050.650045, 1670012127.5476077, 1670012128.4096704, 1670012129.6174948, 1670012131.484185, 1670012132.380786, 1670012133.6320753, 1670012135.4292445, 1670012207.8093076, 1670012209.7231529, 1670012211.543266, 1670012213.3338196, 1670012215.3132503, 1670012217.2036781, 1670012219.0151086, 1670012290.7343824, 1670012292.4620733, 1670012294.7275648, 1670012296.491399, 1670012298.2940116, 1670012300.1377583, 1670012302.256014, 1670012381.2249177, 1670012382.3945282, 1670012383.4942253, 1670012385.211439, 1670012386.7222147, 1670012388.246877, 1670012389.6550593, 1670012471.654448, 1670012473.206672, 1670012474.0979679, 1670012475.0008955, 1670012476.8004336, 1670012478.569213, 1670012480.402116, 1670012550.8493838, 1670012552.7011552, 1670012553.7872953, 1670012554.7545857, 1670012556.0826206, 1670012557.8006804, 1670012559.6416025, 1670012621.9824698, 1670012623.8856578, 1670012625.7468128, 1670012627.5940492, 1670012628.483082, 1670012629.4019942, 1670012631.0847356, 1670012690.92698, 1670012692.6860485, 1670012694.4854388, 1670012696.3396208, 1670012698.6008182, 1670012700.4624557, 1670012702.3450522, 1670012789.896092, 1670012792.142346, 1670012794.1415186, 1670012796.0048537, 1670012797.6877074, 1670012799.7549741, 1670012802.0459337, 1670012860.2289958, 1670012861.9891608, 1670012863.90492, 1670012865.0151157, 1670012866.9745834, 1670012869.2315354, 1670012871.5051365, 1670012962.819175, 1670012964.8678315, 1670012966.7282984, 1670012968.6134522, 1670012970.4910965, 1670012972.2690213, 1670012974.032633, 1670013062.7631898, 1670013063.9799204, 1670013064.9029243, 1670013065.8376372, 1670013066.7862074, 1670013067.7697482, 1670013069.8460531, 1670013131.6435585, 1670013132.5058427, 1670013133.271942, 1670013134.03253, 1670013134.763031, 1670013135.633156, 1670013136.580498, 1670013137.313296, 1670013191.6646004, 1670013192.4791546, 1670013192.919225, 1670013193.7588775, 1670013194.7414978, 1670013195.6288476, 1670013196.511247, 1670013197.355875, 1670013257.4152403, 1670013258.7659616, 1670013261.0527556, 1670013262.1693358, 1670013262.6233256, 1670013263.4088333, 1670013264.486848, 1670013266.1701298, 1670013320.8532007, 1670013321.9089549, 1670013322.7043967, 1670013324.34105, 1670013325.1332452, 1670013327.2592325, 1670013328.057355, 1670013330.3373532, 1670013331.9011393, 1670013333.4893007, 1670013402.6294765, 1670013403.2463434, 1670013403.6291203, 1670013404.4431531, 1670013405.047214, 1670013405.8741643, 1670013406.470121, 1670013406.8986864, 1670013407.69473, 1670013408.4475894, 1670013469.6027036, 1670013470.6104004, 1670013471.3501277, 1670013472.2647364, 1670013473.3504558, 1670013475.322149, 1670013476.4699917, 1670013478.0962667, 1670013478.7964616, 1670013479.5338173, 1670013480.350604, 1670013481.1391256, 1670013481.8364103, 1670013482.5905433, 1670013552.3049543, 1670013552.83374, 1670013553.3283556, 1670013553.7677505, 1670013554.178631, 1670013554.954366, 1670013555.66597, 1670013556.1467679, 1670013556.5601, 1670013557.4386077, 1670013557.8380165, 1670013558.3844178, 1670013626.6217937, 1670013627.0329368, 1670013627.5429015, 1670013628.0700874, 1670013628.3739986, 1670013628.9845438, 1670013629.4579759, 1670013629.9685645, 1670013630.319698, 1670013631.6045783, 1670013632.4079018, 1670013633.0534806, 1670013634.4236252, 1670013635.0522156, 1670013635.942471, 1670013714.715652, 1670013715.904818, 1670013716.8614752, 1670013718.5280945, 1670013719.7947006, 1670013721.1161947, 1670013723.4251418, 1670013724.9011066, 1670013726.39895, 1670013728.5297697, 1670013729.8171349, 1670013786.8185494, 1670013787.535372, 1670013789.018705, 1670013790.1372721, 1670013790.572431, 1670013790.8335288, 1670013791.700201, 1670013792.009722, 1670013792.7515202, 1670013793.3693702, 1670013793.7966032, 1670013794.3015826, 1670013845.0561163, 1670013845.9692388, 1670013846.8396544, 1670013847.281393, 1670013847.860866, 1670013848.6512358, 1670013849.296869, 1670013850.570764, 1670013851.0474916, 1670013851.4090178, 1670013852.1404204, 1670013853.024782, 1670013853.593859],