{"initial_reset_timestamp": 1670010101.6525707, "timestamps": [1670010113.4666803, 1670010113.7035983, 1670010114.0672848, 1670010114.4302464, 1670010114.8205452, 1670010115.1249301, 1670010119.3041193, 1670010119.650193, 1670010119.9409368, 1670010120.2324903, 1670010120.5312047, 1670010120.8339925, 1670010121.1360292, 1670010128.678401, 1670010133.4863324, 1670010141.2059343, 1670010149.0014458, 1670010157.8681633, 1670010166.9280968, 1670010176.4067497, 1670010192.1622722, 1670010199.0712209, 1670010206.993312, 1670010215.0502484, 1670010222.845133, 1670010232.1887238, 1670010255.7041907, 1670010270.419215, 1670010284.3474383, 1670010298.2966807, 1670010311.184409, 1670010326.1361234, 1670010340.1798968, 1670010369.1170292, 1670010378.6398613, 1670010389.3812578, 1670010401.5070477, 1670010412.9301202, 1670010418.9184692, 1670010428.3488057, 1670010442.9220185, 1670010452.1360357, 1670010461.6348548, 1670010471.719788, 1670010481.2346866, 1670010492.8507497, 1670010519.51662, 1670010535.1930509, 1670010548.9209678, 1670010553.76142, 1670010561.5686934, 1670010575.4283085, 1670010584.1872447, 1670010597.3700721, 1670010608.5420496, 1670010622.002022, 1670010634.9774685, 1670010644.485315, 1670010653.78204, 1670010661.7019405, 1670010674.9801383, 1670010684.6890924, 1670010695.2753572, 1670010706.293777, 1670010719.2337003, 1670010729.5305903, 1670010741.2323403, 1670010767.201821, 1670010780.778378, 1670010792.4415085, 1670010802.8857822, 1670010810.144141, 1670010823.780482, 1670010838.4959881, 1670010861.0994213, 1670010871.4669206, 1670010883.0774314, 1670010890.755095, 1670010900.8782754, 1670010912.5381272, 1670010923.81452, 1670010943.1355796, 1670010952.650686, 1670010962.7098458, 1670010970.3462925, 1670010975.0574975, 1670010983.7989564, 1670010990.3100786, 1670010997.8097997, 1670011012.061009, 1670011022.2005668, 1670011026.3443499, 1670011035.4731996, 1670011047.5136979, 1670011060.4946756, 1670011074.0676563, 1670011099.7548838, 1670011108.6333473, 1670011116.5372941, 1670011120.6940866, 1670011128.410736, 1670011136.9679568, 1670011141.65427, 1670011144.2770286, 1670011155.1629975, 1670011167.6144469, 1670011169.1647687, 1670011180.6337204, 1670011186.435893, 1670011191.1812105, 1670011197.9083724, 1670011201.5859628, 1670011205.9087498, 1670011211.0650802, 1670011218.982753, 1670011235.4859753, 1670011237.7479022, 1670011244.5036056, 1670011253.6962683, 1670011260.928222, 1670011267.1188097, 1670011275.662029, 1670011290.0131483, 1670011298.1421824, 1670011305.660564, 1670011315.202321, 1670011325.6015549, 1670011334.4628148, 1670011338.9051251, 1670011346.5366592, 1670011354.32713, 1670011381.5786715, 1670011386.4221222, 1670011393.0427382, 1670011397.9605749, 1670011404.4297955, 1670011406.6849477, 1670011409.015605, 1670011415.9674103, 1670011421.8807123, 1670011428.1327343, 1670011439.7703993, 1670011442.0534306, 1670011446.1109035, 1670011450.5340867, 1670011456.441581, 1670011459.1730695, 1670011467.7046564, 1670011470.7876043, 1670011475.6524174, 1670011479.5225058, 1670011483.2404723, 1670011484.8852792, 1670011492.7773323, 1670011501.203229], "episode_lengths": [150, 150, 150, 150, 150, 150, 150, 150, 150, 150, 150, 150, 150, 150, 150, 150, 150, 150, 150, 150, 150, 150, 150, 150, 150, 150, 150, 150, 150, 150, 150, 150, 150, 150, 150, 150, 150, 150, 150, 150, 150, 150, 150, 150, 150, 150, 150, 150, 150, 65, 150, 150, 150, 150, 150, 150, 150, 150, 150, 150, 145, 150, 150, 150, 150, 150, 119, 150, 150, 150, 150, 78, 150, 150, 150, 116, 150, 117, 150, 150, 150, 150, 150, 106, 150, 84, 150, 134, 150, 150, 150, 54, 150, 126, 150, 150, 121, 150, 150, 52, 150, 119, 98, 59, 150, 150, 42, 150, 150, 69, 89, 68, 94, 64, 150, 150, 63, 150, 150, 150, 150, 150, 81, 121, 91, 150, 150, 150, 57, 73, 75, 150, 58, 150, 123, 150, 51, 54, 109, 142, 83, 67, 50, 66, 94, 84, 67, 139, 71, 60, 43, 48, 37, 94, 82], "episode_rewards": [-150.0, -150.0, -150.0, -150.0, -150.0, -150.0, -150.0, -150.0, -150.0, -150.0, -150.0, -150.0, -150.0, -150.0, -150.0, -150.0, -150.0, -150.0, -150.0, -150.0, -150.0, -150.0, -150.0, -150.0, -150.0, -150.0, -150.0, -150.0, -150.0, -150.0, -150.0, -150.0, -150.0, -150.0, -150.0, -150.0, -150.0, -150.0, -150.0, -150.0, -150.0, -150.0, -150.0, -150.0, -150.0, -150.0, -150.0, -150.0, -150.0, -64.0, -150.0, -150.0, -150.0, -150.0, -150.0, -150.0, -150.0, -150.0, -150.0, -150.0, -144.0, -150.0, -150.0, -150.0, -150.0, -150.0, -118.0, -150.0, -150.0, -150.0, -150.0, -77.0, -150.0, -150.0, -150.0, -115.0, -150.0, -116.0, -150.0, -150.0, -150.0, -150.0, -150.0, -105.0, -150.0, -83.0, -150.0, -133.0, -150.0, -150.0, -150.0, -53.0, -150.0, -125.0, -150.0, -150.0, -120.0, -150.0, -150.0, -51.0, -150.0, -118.0, -97.0, -58.0, -150.0, -150.0, -41.0, -150.0, -150.0, -68.0, -88.0, -67.0, -93.0, -63.0, -150.0, -150.0, -62.0, -150.0, -150.0, -150.0, -150.0, -150.0, -80.0, -120.0, -90.0, -150.0, -150.0, -150.0, -56.0, -72.0, -74.0, -150.0, -57.0, -150.0, -122.0, -150.0, -50.0, -53.0, -108.0, -141.0, -82.0, -66.0, -49.0, -65.0, -93.0, -83.0, -66.0, -138.0, -70.0, -59.0, -42.0, -47.0, -36.0, -93.0, -81.0], "episode_types": ["t", "t", "t", "t", "t", "t", "t", "t", "t", "t", "t", "t", "t", "t", "t", "t", "t", "t", "t", "t", "t", "t", "t", "t", "t", "t", "t", "t", "t", "t", "t", "t", "t", "t", "t", "t", "t", "t", "t", "t", "t", "t", "t", "t", "t", "t", "t", "t", "t", "t", "t", "t", "t", "t", "t", "t", "t", "t", "t", "t", "t", "t", "t", "t", "t", "t", "t", "t", "t", "t", "t", "t", "t", "t", "t", "t", "t", "t", "t", "t", "t", "t", "t", "t", "t", "t", "t", "t", "t", "t", "t", "t", "t", "t", "t", "t", "t", "t", "t", "t", "t", "t", "t", "t", "t", "t", "t", "t", "t", "t", "t", "t", "t", "t", "t", "t", "t", "t", "t", "t", "t", "t", "t", "t", "t", "t", "t", "t", "t", "t", "t", "t", "t", "t", "t", "t", "t", "t", "t", "t", "t", "t", "t", "t", "t", "t", "t", "t", "t", "t", "t", "t", "t", "t", "t", "t"]}