{"initial_reset_timestamp": 1669933972.9993014, "timestamps": [1669933979.479193, 1669933979.7338054, 1669933980.0858786, 1669933980.448645, 1669933980.7667823, 1669933981.0797575, 1669933984.533803, 1669933984.8547153, 1669933985.100435, 1669933985.3993387, 1669933985.7007208, 1669933985.9564981, 1669933986.2585657, 1669933990.9714768, 1669933994.5567858, 1669933998.5438404, 1669934003.5341165, 1669934009.4783864, 1669934015.6386278, 1669934021.636159, 1669934032.673117, 1669934038.339131, 1669934043.3844612, 1669934047.8554215, 1669934053.344094, 1669934058.8814948, 1669934064.324764, 1669934075.3948088, 1669934081.2317626, 1669934086.9628556, 1669934090.842329, 1669934095.5803018, 1669934101.1331544, 1669934106.5624437, 1669934117.5188398, 1669934123.163737, 1669934128.718347, 1669934134.1973083, 1669934137.718282, 1669934140.897435, 1669934142.9615648, 1669934145.2299824, 1669934154.4014113, 1669934157.2522972, 1669934161.217516, 1669934165.552832, 1669934167.1813748, 1669934168.9597993, 1669934171.3617244, 1669934175.30086, 1669934178.1649215, 1669934183.416796, 1669934187.1241453, 1669934193.4250448, 1669934195.5679765, 1669934199.7505028, 1669934203.8501859, 1669934209.3266993, 1669934213.4211304, 1669934215.929377, 1669934217.3856456, 1669934219.5616975, 1669934221.0331478, 1669934223.2341874, 1669934224.636281, 1669934227.4545858, 1669934234.145654, 1669934235.665779, 1669934237.8712616, 1669934239.7569797, 1669934240.994082, 1669934245.8252292, 1669934248.2524242, 1669934250.4469023, 1669934251.1536484, 1669934252.0731626, 1669934253.7698264, 1669934255.2594786, 1669934257.8004436, 1669934259.7729907, 1669934262.8099387, 1669934263.8796794, 1669934265.0789351, 1669934265.9658923, 1669934266.9474232, 1669934274.9484189, 1669934276.229068, 1669934278.6276808, 1669934279.909891, 1669934281.5050178, 1669934282.200159, 1669934283.7153704, 1669934285.0607545, 1669934286.9973483, 1669934288.8529053, 1669934290.4589977, 1669934292.368357, 1669934293.863169, 1669934294.803287, 1669934295.8654501, 1669934297.0130742, 1669934298.5130663, 1669934299.9616332, 1669934300.6815488, 1669934301.8825119, 1669934302.8697543, 1669934304.8045802, 1669934306.2729008, 1669934314.8611279, 1669934316.4235528, 1669934317.88853, 1669934318.9635737, 1669934320.2410338, 1669934321.3323517, 1669934323.347128, 1669934324.4730697, 1669934326.0834262, 1669934327.318861, 1669934328.6195307, 1669934330.3554688, 1669934331.4742248, 1669934332.5697079, 1669934333.7115195, 1669934335.3518806, 1669934336.4508119, 1669934337.395913, 1669934340.657429, 1669934341.6680305, 1669934342.395125, 1669934343.3798149, 1669934344.4275942, 1669934345.8014464, 1669934347.81048, 1669934348.51277, 1669934349.5900264, 1669934357.4267504, 1669934358.3845818, 1669934359.2989771, 1669934360.1768095, 1669934361.3123953, 1669934362.3098304, 1669934364.2321222, 1669934366.2114577, 1669934367.537218, 1669934369.1363697, 1669934370.403472, 1669934371.3305883, 1669934372.9071991, 1669934374.176334, 1669934375.3967266, 1669934376.4127202, 1669934377.5145, 1669934378.502368, 1669934380.0073662, 1669934381.0363739, 1669934381.73387, 1669934383.0368407, 1669934384.3055775, 1669934385.3838875, 1669934386.3039882, 1669934387.3337698, 1669934388.446653, 1669934389.9469707, 1669934399.1880083, 1669934400.1326244, 1669934401.2655888, 1669934402.6626642, 1669934403.593898, 1669934404.8589, 1669934405.7491853, 1669934406.3401747, 1669934407.4712105, 1669934408.7186346, 1669934409.4501266, 1669934411.1589355, 1669934413.296869, 1669934414.9265337, 1669934416.1052592, 1669934418.0794897, 1669934419.5813222, 1669934420.3020558, 1669934421.5719056, 1669934422.2701492, 1669934423.0061207, 1669934424.0788586, 1669934425.114743, 1669934426.679078, 1669934428.1542842, 1669934429.8405886, 1669934431.058237, 1669934432.4285407, 1669934433.3856213, 1669934441.8821096, 1669934443.2580721, 1669934444.8598585, 1669934445.8356793, 1669934446.6817262, 1669934447.9111037, 1669934449.5265155, 1669934450.5351784, 1669934451.343935, 1669934452.0917487, 1669934453.2700417, 1669934454.270999, 1669934455.1060038, 1669934455.9540713, 1669934457.0780416, 1669934457.5754395, 1669934458.6045113, 1669934459.224272, 1669934460.469552, 1669934461.4349186, 1669934462.2921984, 1669934462.9498127, 1669934463.9400213, 1669934464.9190407, 1669934465.805909, 1669934467.1832838, 1669934468.5758235, 1669934469.8664737, 1669934471.132958, 1669934472.319621, 1669934473.5318563, 1669934482.4851985, 1669934484.6301777, 1669934485.8444183, 1669934486.9006233, 1669934487.9140203, 1669934489.1230521, 1669934490.152136, 1669934491.33093, 1669934492.230736, 1669934493.5627632, 1669934495.1927211, 1669934496.2430987, 1669934497.151113, 1669934498.2190123, 1669934499.0455968, 1669934500.2083282, 1669934501.1731594, 1669934502.1056583, 1669934503.245136, 1669934503.9536097, 1669934504.9654868, 1669934506.1947987, 1669934507.3216767, 1669934508.0767944, 1669934509.1010296, 1669934509.878821, 1669934511.1301496, 1669934512.135759, 1669934512.7888598, 1669934513.471049, 1669934514.5173244, 1669934515.331597, 1669934524.2087529, 1669934525.4963264, 1669934526.5586855, 1669934527.5490623, 1669934529.6604774, 1669934530.6054828, 1669934531.810626, 1669934533.3340178, 1669934534.488921, 1669934536.4880412, 1669934537.8185852, 1669934538.8073473, 1669934539.6008134, 1669934540.2056072, 1669934541.2539635, 1669934542.4754915, 1669934543.3617158, 1669934544.1058538, 1669934545.3516595, 1669934547.3161223, 1669934548.3386116, 1669934549.590115, 1669934550.615853, 1669934551.5495055, 1669934552.5251083, 1669934553.9300897, 1669934554.9276679, 1669934556.0436487, 1669934556.9244614, 1669934558.2481332, 1669934565.9816918, 1669934567.1849952, 1669934567.944313, 1669934569.457196, 1669934570.5337915, 1669934571.788049, 1669934572.7844095, 1669934574.053495, 1669934575.3460975, 1669934576.6753948, 1669934577.6841788, 1669934578.6158626, 1669934579.52042, 1669934580.6397414, 1669934582.029265, 1669934583.5340464, 1669934584.5227845, 1669934585.5360913, 1669934586.619879, 1669934587.4634976, 1669934588.168247, 1669934589.1538658, 1669934590.021316, 1669934590.9392471, 1669934591.695548, 1669934592.558814, 1669934593.6271288, 1669934594.6526418, 1669934596.4834273, 1669934597.3067517, 1669934598.2889442, 1669934599.5045578, 1669934600.612051, 1669934601.4490304, 1669934609.4034054, 1669934610.1827352, 1669934611.0921102, 1669934611.9864554, 1669934612.8769135, 1669934613.7304492, 1669934614.5323696, 1669934615.2569401, 1669934616.1026602, 1669934616.9363194, 1669934618.205032, 1669934618.9118521, 1669934619.629692, 1669934620.328206, 1669934621.39193, 1669934622.2821913, 1669934623.255125, 1669934624.173624, 1669934625.3615465, 1669934626.5875366, 1669934627.840917, 1669934628.6124096, 1669934629.833683, 1669934631.1418638, 1669934632.6777387, 1669934633.595477, 1669934634.9925997, 1669934636.6809077, 1669934637.2841878, 1669934638.8797634, 1669934640.000981, 1669934640.918568, 1669934642.0995278, 1669934649.9120352, 1669934650.7339103, 1669934651.7203221, 1669934653.0170085, 1669934654.7037146, 1669934655.7714248, 1669934656.5741324, 1669934657.7814257, 1669934658.6160371, 1669934659.3947155, 1669934660.3166928, 1669934661.2739184, 1669934662.189141, 1669934663.0352638, 1669934663.5918002, 1669934664.7154758, 1669934665.662008, 1669934666.588637, 1669934667.6653078, 1669934668.7632043, 1669934669.7827246, 1669934670.64485, 1669934671.4064205, 1669934672.7408283, 1669934673.647796, 1669934674.6422846, 1669934675.6564248, 1669934676.7555695, 1669934677.5644095, 1669934678.9515474, 1669934679.9280066, 1669934680.9753852, 1669934682.0255232, 1669934682.6325219, 1669934683.6812754, 1669934684.8197443, 1669934693.334567, 1669934694.2624671, 1669934695.1542253, 1669934696.099228, 1669934696.9164853, 1669934697.6532614, 1669934698.4308822, 1669934699.0932355, 1669934699.794438, 1669934700.672398, 1669934701.493722, 1669934702.1716683, 1669934703.2011952, 1669934704.2509558, 