{"initial_reset_timestamp": 1670028193.2095246, "timestamps": [1670028210.2892852, 1670028210.5427709, 1670028210.9135647, 1670028211.3197672, 1670028211.5908089, 1670028211.9553316, 1670028212.2952378, 1670028222.0818214, 1670028222.431605, 1670028222.775969, 1670028223.083547, 1670028223.4012365, 1670028223.7800837, 1670028230.869151, 1670028242.1548285, 1670028255.743241, 1670028269.6488788, 1670028283.452175, 1670028297.425818, 1670028311.2089777, 1670028338.1738966, 1670028350.6242223, 1670028363.9536428, 1670028378.0607383, 1670028392.0379374, 1670028406.0456312, 1670028420.0805957, 1670028447.043194, 1670028459.5728483, 1670028472.9067335, 1670028487.1851597, 1670028496.6331916, 1670028510.639848, 1670028524.6245239, 1670028545.9361193, 1670028559.838045, 1670028572.6323946, 1670028586.435002, 1670028594.0464191, 1670028608.2951307, 1670028618.4826055, 1670028646.7513447, 1670028660.8686953, 1670028674.9462612, 1670028688.2908063, 1670028702.5581918, 1670028716.8871381, 1670028726.6002235, 1670028734.2397802, 1670028762.9633965, 1670028777.6166852, 1670028789.6258943, 1670028792.0836074, 1670028805.2124677, 1670028808.929915, 1670028812.6392405, 1670028826.8116486, 1670028837.1849518, 1670028865.4771163, 1670028880.1941524, 1670028888.1466036, 1670028902.5484173, 1670028915.9547803, 1670028924.6694171, 1670028929.2933135, 1670028935.0550668, 1670028944.6394775, 1670028956.4926023, 1670028979.7951741, 1670028994.327383, 1670029001.4023175, 1670029011.4962826, 1670029025.7540867, 1670029029.985381, 1670029042.3179915, 1670029055.1141477, 1670029058.7263813, 1670029085.4482448, 1670029098.697704, 1670029106.6147954, 1670029110.4154024, 1670029124.244601, 1670029137.8150527, 1670029144.3211577, 1670029156.676602, 1670029162.1780365, 1670029166.156668, 1670029183.3921444, 1670029191.0966625, 1670029196.099076, 1670029199.4561284, 1670029202.469333, 1670029210.2746952, 1670029213.325462, 1670029218.8878002, 1670029223.1678085, 1670029227.2658403, 1670029230.4549563, 1670029234.8866184, 1670029240.9683516, 1670029246.6054423, 1670029250.032673, 1670029254.2450137, 1670029258.1856933, 1670029261.0950441, 1670029266.994575, 1670029269.9273386, 1670029285.7450051, 1670029290.8437877, 1670029296.8325353, 1670029300.8514373, 1670029305.1907635, 1670029309.791293, 1670029314.712677, 1670029317.163556, 1670029320.378436, 1670029323.9080029, 1670029327.6028461, 1670029332.9558372, 1670029336.6329398, 1670029341.5485709, 1670029348.5243485, 1670029357.0164363, 1670029362.6595128, 1670029366.8913047, 1670029370.7633944, 1670029374.6229665, 1670029389.7733436, 1670029392.2261705, 1670029395.1840487, 1670029397.7682884, 1670029400.91487, 1670029403.298191, 1670029408.623266, 1670029411.6068935, 1670029413.7839985, 1670029417.7836275, 1670029420.7563198, 1670029424.340473, 1670029429.0398633, 1670029432.8832884, 1670029436.3215556, 1670029440.5521028, 1670029444.388567, 1670029448.9188704, 1670029452.6014607, 1670029455.1898067, 1670029459.1005344, 1670029463.8883965, 1670029467.5095327, 1670029471.7191832, 1670029474.472469, 1670029478.773786, 1670029493.4752326, 1670029497.148167, 1670029502.2841856, 1670029507.788678, 1670029510.525943, 1670029514.4434755, 1670029517.7997289, 1670029526.0846603, 1670029530.573157, 1670029534.0465147, 1670029535.931828, 1670029540.7983289, 1670029543.8468108, 1670029547.646531, 1670029554.1936932, 1670029558.5663292, 1670029564.1219628, 1670029567.3936691, 1670029571.169339, 1670029575.2748296, 1670029579.70062, 1670029596.8952634, 1670029600.5097613, 1670029604.2614105, 1670029608.9380476, 1670029613.4564285, 1670029616.8655975, 1670029621.1860492, 1670029625.0308607, 1670029628.4106734, 1670029630.776941, 1670029633.7291265, 1670029635.9976594, 1670029640.5850778, 1670029643.0272877, 1670029645.6962311, 1670029648.3080971, 1670029651.494209, 1670029653.4797623, 1670029657.4553306, 1670029660.4970148, 1670029662.5189888, 1670029666.401163, 1670029668.8346446, 1670029671.7366397, 1670029678.0325112, 1670029681.3765676, 1670029684.3303854, 1670029702.9645677, 1670029707.6299021, 1670029712.3291605, 1670029715.9931664, 1670029718.2451332, 1670029720.9576733, 1670029723.5946636, 1670029726.7609694, 1670029729.4411263, 1670029734.6114192, 1670029737.863636, 1670029741.4530332, 1670029743.4184496, 1670029746.9934943, 1670029749.4719908, 1670029752.069867, 1670029755.4616425, 1670029758.921271, 1670029763.4983997, 1670029769.422937, 1670029772.9513419, 1670029776.0542743, 1670029780.2381375, 1670029782.2520869, 1670029786.6897907, 1670029803.4146688, 1670029806.8056931, 1670029809.657604, 1670029814.542131, 1670029818.121754, 1670029822.959064, 1670029828.0329106, 1670029834.5055356, 1670029838.5442748, 1670029843.7066047, 1670029847.0815299, 1670029851.312047, 1670029854.4221945, 1670029860.4120476, 1670029862.1615982, 1670029864.874472, 1670029869.166691, 1670029874.0067313, 1670029877.2447698, 1670029880.45801, 1670029882.9719267, 1670029887.0690424, 1670029889.8256245, 1670029907.9859664, 1670029911.2230568, 1670029912.9560142, 1670029917.545696, 1670029921.0478098, 1670029923.2966487, 1670029927.2810729, 1670029929.4287887, 1670029933.4756422, 1670029936.5372345, 1670029941.2696857, 1670029944.8214557, 1670029948.6835349, 1670029951.017038, 1670029954.3859403, 1670029957.5722468, 1670029960.545841, 1670029963.0386162, 1670029965.4532857, 1670029969.8905993, 1670029972.523972, 1670029976.879196, 1670029978.7326632, 1670029983.141811, 1670029986.2733266, 1670029990.4513748, 1670029992.9075139, 1670029995.43975, 1670030011.2973936, 1670030014.1164827, 1670030017.1942585, 1670030020.0503561, 1670030022.5056343, 1670030025.336804, 1670030028.1489427, 1670030033.6281993, 1670030037.204114, 1670030040.158739, 1670030044.2620037, 1670030048.6836195, 1670030052.8667738, 1670030054.9412951, 1670030058.613889, 1670030061.6592555, 1670030066.2431912, 1670030069.4426675, 1670030071.8973284, 1670030074.84982, 1670030077.533177, 1670030081.0854123, 1670030085.2627673, 1670030093.5642703, 1670030097.5648825, 1670030101.2650585], "episode_lengths": [150, 150, 150, 150, 87, 150, 150, 150, 150, 150, 150, 150, 150, 150, 150, 150, 150, 150, 150, 150, 150, 150, 150, 150, 150, 150, 150, 150, 150, 150, 150, 104, 150, 150, 78, 150, 150, 150, 79, 150, 104, 150, 150, 150, 150, 150, 150, 100, 79, 150, 150, 126, 26, 150, 40, 40, 150, 107, 140, 150, 82, 150, 150, 97, 51, 64, 99, 124, 88, 150, 73, 105, 150, 48, 144, 150, 40, 150, 147, 84, 40, 150, 150, 74, 144, 66, 48, 49, 84, 54, 35, 32, 86, 33, 60, 45, 43, 35, 47, 69, 62, 38, 47, 44, 33, 66, 36, 43, 58, 66, 41, 45, 50, 54, 25, 36, 38, 39, 58, 38, 53, 74, 94, 61, 45, 44, 45, 39, 29, 32, 29, 36, 27, 63, 34, 23, 44, 31, 39, 50, 43, 37, 46, 40, 49, 40, 27, 42, 51, 38, 45, 31, 51, 22, 40, 58, 64, 31, 45, 40, 96, 49, 38, 21, 52, 32, 41, 71, 48, 59, 34, 40, 44, 48, 42, 41, 43, 52, 49, 39, 48, 44, 38, 27, 35, 26, 54, 27, 28, 29, 35, 21, 42, 33, 21, 41, 25, 31, 69, 35, 32, 54, 54, 53, 41, 25, 31, 30, 35, 30, 58, 37, 40, 20, 40, 27, 30, 39, 39, 53, 67, 39, 34, 45, 22, 48, 34, 38, 30, 54, 40, 56, 57, 73, 43, 57, 36, 48, 34, 66, 19, 30, 49, 56, 36, 37, 30, 46, 30, 40, 36, 18, 48, 38, 24, 46, 22, 44, 35, 54, 39, 44, 26, 36, 35, 32, 28, 26, 50, 28, 49, 20, 51, 35, 47, 29, 29, 29, 31, 33, 31, 26, 31, 31, 61, 39, 29, 45, 48, 46, 23, 41, 34, 51, 35, 27, 33, 29, 38, 48, 93, 44, 40],