{"initial_reset_timestamp": 1669941957.3779047, "timestamps": [1669941959.5878036, 1669941960.4804096, 1669941961.413459, 1669941962.3180504, 1669941963.0770435, 1669941963.8484461, 1669941964.6117682, 1669941967.805893, 1669941968.5352826, 1669941969.2824962, 1669941970.0276802, 1669941970.4990315, 1669941971.2423923, 1669941972.0037458, 1669941972.7412179, 1669941975.8831096, 1669941976.7171946, 1669941977.5594432, 1669941978.4988832, 1669941979.4195893, 1669941980.3702903, 1669941981.303835, 1669941982.2431934, 1669942029.5746286, 1669942030.2972908, 1669942031.0292013, 1669942031.728304, 1669942032.5316722, 1669942033.34678, 1669942034.2211456, 1669942081.4939277, 1669942082.1668854, 1669942082.5754743, 1669942083.224871, 1669942083.8943074, 1669942084.3258924, 1669942085.0716531, 1669942085.847341, 1669942132.9211392, 1669942133.5671217, 1669942134.215701, 1669942134.8854716, 1669942135.53454, 1669942136.2619264, 1669942136.8936048, 1669942184.0194988, 1669942184.8651779, 1669942185.5779917, 1669942186.3627923, 1669942187.0335286, 1669942187.625859, 1669942188.095569, 1669942188.856946, 1669942234.7245247, 1669942235.3328302, 1669942235.9427774, 1669942236.861462, 1669942237.7521858, 1669942238.7026072, 1669942239.4994373, 1669942240.4124625, 1669942285.9770472, 1669942286.8819435, 1669942287.8055875, 1669942288.8055391, 1669942289.9162023, 1669942290.9499226, 1669942291.768081, 1669942337.3062682, 1669942338.2429476, 1669942339.19705, 1669942340.1492646, 1669942340.8279035, 1669942341.7704573, 1669942342.7690885, 1669942387.4885635, 1669942388.2076483, 1669942389.0884666, 1669942390.053569, 1669942391.014417, 1669942391.7378552, 1669942392.3235168, 1669942392.8428478, 1669942393.791365, 1669942440.0848129, 1669942441.0296478, 1669942441.671851, 1669942442.623783, 1669942443.4017916, 1669942444.3477616, 1669942445.235605, 1669942446.1324823, 1669942493.4540646, 1669942494.3934886, 1669942495.1653924, 1669942495.9375668, 1669942496.8582428, 1669942497.7708905, 1669942498.4516013, 1669942499.3723447, 1669942546.433684, 1669942547.372649, 1669942548.0572774, 1669942549.0104125, 1669942549.8859653, 1669942550.716262, 1669942551.5763345, 1669942552.4409204, 1669942599.310876, 1669942600.23349, 1669942600.7322974, 1669942601.7025828, 1669942602.6061606, 1669942603.3438413, 1669942604.1903095, 1669942605.1071706, 1669942650.964322, 1669942651.8297436, 1669942652.541701, 1669942653.4593222, 1669942654.159046, 1669942655.0546525, 1669942656.010789, 1669942656.3687804, 1669942702.5782986, 1669942703.1453955, 1669942703.5922787, 1669942704.4246798, 1669942705.3142056, 1669942706.2323391, 1669942706.8055005, 1669942707.3798814, 1669942708.2673485, 1669942755.3478682, 1669942756.147771, 1669942756.6360207, 1669942757.4824324, 1669942758.335777, 1669942758.972488, 1669942759.505976, 1669942760.1134126, 1669942761.026182, 1669942810.1994138, 1669942810.8629014, 1669942811.2658207, 1669942811.8220272, 1669942812.1289988, 1669942812.9922986, 1669942813.5656476, 1669942814.3446827, 1669942814.980295, 1669942815.4296837, 1669942815.976582, 1669942864.2052784, 1669942864.9596407, 1669942865.2138593, 1669942865.7712185, 1669942866.5243504, 1669942867.0251718, 1669942867.5709817, 1669942868.2382097, 1669942868.6409695, 1669942869.2180898, 1669942918.7299125, 1669942919.2197092, 1669942919.7166133, 1669942920.158482, 1669942920.605761, 1669942921.2960842, 1669942921.7623572, 1669942922.0914316, 1669942922.5813327, 1669942923.104512, 1669942923.9351213, 1669942967.9820132, 1669942968.3697684, 1669942968.5986571, 1669942969.36047, 1669942969.7040486, 1669942970.104792, 1669942970.8363397, 1669942971.577698, 1669942972.4599357, 1669942973.013192, 1669942973.4551182, 1669942973.7526517, 1669943015.782884, 1669943016.3794267, 1669943016.6444397, 1669943016.9383008, 1669943017.4165907, 1669943017.7426867, 1669943018.486123, 1669943018.7589123, 1669943019.7162929, 1669943020.683199, 1669943021.646386, 1669943063.7521734, 1669943064.1058402, 1669943064.5866225, 1669943065.0258687, 1669943066.0362937, 1669943066.3599951, 1669943067.0052807, 1669943067.547482, 1669943068.5572863, 1669943069.1622367, 1669943069.636506, 1669943070.1169415, 1669943070.483506, 1669943111.2942343, 1669943112.0485885, 1669943112.567032, 1669943113.0698812, 1669943113.8885872, 1669943114.1218326, 1669943115.071551, 1669943115.615995, 1669943116.3737679, 1669943116.934008, 1669943117.5595276, 1669943156.5273395, 1669943157.0594964, 1669943157.3424742, 1669943157.9839659, 1669943158.2681675, 1669943158.5806866, 1669943158.8883302, 1669943159.3298438, 1669943159.9741893, 1669943160.5833073, 1669943161.0295954, 1669943187.599648, 1669943187.797663, 1669943188.2297382, 1669943188.441106, 1669943188.6846921, 1669943188.8969336, 1669943189.2922738, 1669943189.5902355, 1669943189.800416, 1669943190.1179748, 1669943190.345053, 1669943190.7199094, 1669943215.6240058, 1669943216.0791392, 1669943216.3551354, 1669943216.5285885, 1669943216.7575536, 1669943216.9372714, 1669943217.2571037, 1669943217.6076653, 1669943217.9741912, 1669943218.2858095, 1669943218.5432084, 1669943218.7021961, 1669943242.8185177, 1669943242.9936273, 1669943243.2435715, 1669943243.5031645, 1669943243.746829, 1669943244.0948982, 1669943244.5289326, 1669943244.7818327, 1669943245.235842, 1669943245.496027, 1669943245.808508, 1669943246.0628533, 1669943246.52326, 1669943269.4050372, 1669943269.6496532, 1669943269.881044, 1669943270.2333198, 1669943270.6971915, 1669943271.0654318, 1669943271.3677707, 1669943271.783554, 1669943272.2831688, 1669943272.5491529, 1669943272.8559935, 1669943296.7672496, 1669943297.2137835, 1669943297.5096064, 1669943297.754365, 1669943297.9867032, 1669943298.1935282, 1669943298.4324121, 1669943298.9067516, 1669943299.380724, 1669943299.6680708, 1669943299.9862351, 1669943324.1814992, 1669943324.3603094, 1669943324.6107166, 1669943324.9279575, 1669943325.1589327, 1669943325.4912224, 1669943325.907558, 1669943326.1603448, 1669943326.4411016, 1669943326.732017, 1669943327.073165, 1669943327.373408, 1669943327.562492, 1669943327.7912672, 1669943353.832174, 1669943353.9947393, 1669943354.4427488, 1669943354.81262, 1669943355.0243616, 1669943355.332329, 1669943355.5725093, 1669943355.8190486, 1669943356.0937216, 1669943356.3306346, 1669943356.705687, 1669943356.9714403, 1669943357.3016303, 1669943383.6399784, 1669943383.8608248, 1669943384.340603, 1669943384.7345772, 1669943385.0702097, 1669943385.43308, 1669943385.7823498, 1669943386.057223, 1669943386.3180854, 1669943386.6496937, 1669943386.9543579, 1669943387.1677763, 1669943406.581389, 1669943406.7921875, 1669943406.976493, 1669943407.1279602, 1669943407.3311255, 1669943407.5909467, 1669943407.7934942, 1669943407.9328983, 1669943408.0558372, 1669943408.2624722, 1669943408.3874643, 1669943417.1353428, 1669943417.2775304, 1669943417.3905282, 1669943417.5282018, 1669943417.638698, 1669943417.7903233, 1669943417.9110608, 1669943418.0732386, 1669943418.2627583, 1669943418.385452, 1669943418.5230987, 1669943418.6913507, 1669943427.5307338, 1669943427.679152, 1669943427.816968, 1669943427.926855, 1669943428.0299518, 1669943428.2196229, 1669943428.3394737, 1669943428.5205991, 1669943428.6565325, 1669943428.775236, 1669943428.918979, 1669943429.0874336, 1669943437.9106977, 1669943438.103743, 1669943438.2428272, 1669943438.3578322, 1669943438.4934206, 1669943438.5986617, 1669943438.7583992, 1669943438.90151, 1669943439.0041509, 1669943439.1734629, 1669943439.2708976, 1669943439.3812842, 1669943439.508429, 1669943439.6895018, 1669943448.6495612, 1669943448.785604, 1669943448.9832733, 1669943449.1075773, 1669943449.3290803, 1669943449.4329753, 1669943449.5389183, 1669943449.7190478, 1669943449.9117513, 1669943450.0433426, 1669943450.1776724, 1669943459.0942297, 1669943459.1963072, 1669943459.335022, 1669943459.5097513, 1669943459.7044961, 1669943459.8362014, 1669943459.9303987, 1669943460.0876982, 1669943460.2288067, 1669943460.3517835, 1669943460.520909, 1669943469.484639, 