{"initial_reset_timestamp": 1669941955.425744, "timestamps": [1669941964.7125638, 1669941964.9257276, 1669941965.2437332, 1669941965.54881, 1669941965.844126, 1669941966.138804, 1669941972.8199854, 1669941973.1263194, 1669941973.430986, 1669941973.6721318, 1669941973.9750557, 1669941974.2704692, 1669941974.5663624, 1669941984.9276602, 1669941992.421745, 1669941999.432237, 1669942006.543967, 1669942013.8147738, 1669942020.840793, 1669942026.5953212, 1669942039.343336, 1669942046.5667193, 1669942053.6351469, 1669942060.6500144, 1669942067.463542, 1669942074.4466105, 1669942086.1041362, 1669942093.0807242, 1669942100.115879, 1669942105.9129157, 1669942112.9077559, 1669942119.3832924, 1669942126.5120173, 1669942137.181975, 1669942143.4440682, 1669942150.3375223, 1669942157.0630357, 1669942161.9538522, 1669942168.9313014, 1669942172.7901719, 1669942179.846507, 1669942192.2775939, 1669942198.285097, 1669942200.4861732, 1669942207.4802432, 1669942210.2290022, 1669942216.979667, 1669942224.0510602, 1669942230.8246474, 1669942244.2192998, 1669942250.1170733, 1669942256.6376007, 1669942263.3508904, 1669942270.4068182, 1669942277.4734383, 1669942283.6138093, 1669942298.0180328, 1669942301.3334217, 1669942307.0104866, 1669942313.1243954, 1669942319.8166468, 1669942323.0099187, 1669942327.5093267, 1669942334.1515753, 1669942344.2337747, 1669942350.1985745, 1669942354.7864249, 1669942357.1201546, 1669942362.5741022, 1669942369.0363765, 1669942374.7854383, 1669942380.4459198, 1669942395.1614466, 1669942402.2976124, 1669942404.9990687, 1669942411.1305215, 1669942414.9308667, 1669942421.2166295, 1669942424.3701873, 1669942428.3654883, 1669942433.1538038, 1669942436.9211464, 1669942449.8332667, 1669942455.919608, 1669942458.9173944, 1669942461.5215125, 1669942463.3499436, 1669942466.6092184, 1669942469.303592, 1669942474.4022505, 1669942480.8185842, 1669942483.2962904, 1669942490.6057003, 1669942501.5360937, 1669942507.5107696, 1669942514.8839676, 1669942517.7443104, 1669942524.4681041, 1669942529.9978228, 1669942535.8588645, 1669942539.8928554, 1669942543.7035453, 1669942554.2090604, 1669942557.6152096, 1669942565.1183596, 1669942568.8489075, 1669942570.9459326, 1669942572.7348082, 1669942578.2995627, 1669942582.9890318, 1669942587.3100448, 1669942593.6567457, 1669942606.6336882, 1669942608.518389, 1669942611.3136683, 1669942616.633735, 1669942620.7191567, 1669942625.586835, 1669942628.474896, 1669942633.3053668, 1669942635.6982212, 1669942638.8010514, 1669942641.981358, 1669942643.7166364, 1669942645.5771658, 1669942647.3744626, 1669942657.8213775, 1669942659.42986, 1669942663.4871676, 1669942665.783082, 1669942667.561256, 1669942669.3336697, 1669942672.444247, 1669942674.6704946, 1669942678.9271657, 1669942680.734004, 1669942682.8956215, 1669942684.6421902, 1669942689.1695771, 1669942691.6884882, 1669942694.6729584, 1669942697.1161554, 1669942698.1939726, 1669942699.8575783, 1669942701.0691564, 1669942710.2645516, 1669942712.217971, 1669942714.0687797, 1669942718.1100683, 1669942720.2525373, 1669942722.0888574, 1669942724.6547766, 1669942727.5685968, 1669942729.1650722, 1669942731.3574154, 1669942733.6732194, 1669942735.1550224, 1669942738.4111047, 1669942740.3022442, 1669942743.9216688, 1669942746.65407, 1669942748.096299, 1669942750.3596995, 1669942751.4716833, 1669942753.0529659, 1669942761.4963481, 1669942763.9561956, 1669942766.649205, 1669942768.6378095, 1669942770.2045324, 1669942772.7878249, 1669942774.8409712, 1669942775.987614, 1669942777.4439187, 1669942780.0290818, 1669942782.2959719, 1669942784.2463067, 1669942786.7393894, 1669942789.3975575, 1669942791.5649874, 1669942795.7812676, 1669942798.7503777, 1669942800.888637, 1669942803.2803912, 1669942804.73875, 1669942806.019377, 1669942807.3193777, 1669942808.4666512, 1669942817.0621755, 1669942819.4618762, 1669942821.1826928, 1669942822.8126268, 1669942825.991655, 1669942828.1941104, 1669942829.0937963, 1669942830.8687606, 1669942832.631762, 1669942834.9092572, 1669942837.3654604, 1669942839.4962227, 1669942840.7852054, 1669942842.0902712, 1669942844.435549, 1669942845.9748821, 1669942848.3323126, 1669942850.6606956, 1669942852.5823805, 1669942853.9181328, 1669942855.2405064, 1669942857.634243, 1669942859.373101, 1669942860.9873993, 1669942862.210089, 1669942870.4627855, 1669942871.8983512, 1669942873.3082337, 1669942874.434871, 1669942876.216691, 1669942877.5065775, 1669942880.6149793, 1669942882.0385652, 1669942883.999584, 1669942886.5911014, 1669942887.9015806, 1669942889.5283532, 1669942891.1588743, 1669942893.0276854, 1669942894.6540673, 1669942896.857033, 1669942898.73835, 1669942900.2929788, 1669942902.2829266, 1669942903.4844427, 1669942906.0575712, 1669942907.4375386, 1669942908.2620656, 1669942910.1709614, 1669942912.277791, 1669942916.032667], "episode_lengths": [150, 150, 150, 150, 150, 150, 150, 150, 150, 110, 150, 150, 150, 150, 150, 150, 150, 150, 150, 148, 150, 150, 150, 150, 150, 150, 150, 150, 150, 131, 150, 145, 150, 125, 150, 150, 150, 109, 150, 81, 150, 142, 150, 49, 150, 62, 150, 150, 150, 143, 150, 150, 150, 150, 150, 140, 150, 86, 150, 150, 142, 66, 90, 150, 63, 126, 107, 65, 150, 150, 123, 128, 150, 150, 58, 150, 96, 150, 70, 86, 104, 78, 111, 132, 70, 58, 36, 70, 63, 112, 150, 56, 150, 69, 133, 150, 56, 139, 129, 150, 86, 81, 65, 71, 150, 76, 43, 37, 115, 119, 110, 150, 128, 40, 60, 111, 84, 101, 62, 109, 58, 79, 77, 47, 45, 43, 80, 34, 89, 48, 34, 36, 65, 46, 92, 39, 49, 39, 101, 56, 71, 63, 30, 43, 30, 43, 39, 36, 79, 43, 38, 54, 64, 34, 47, 53, 31, 70, 38, 74, 64, 37, 60, 30, 43, 36, 50, 54, 40, 32, 54, 44, 24, 31, 59, 51, 43, 54, 57, 43, 68, 57, 47, 55, 31, 31, 30, 28, 29, 46, 34, 33, 66, 46, 17, 37, 39, 53, 56, 47, 27, 25, 47, 33, 53, 50, 41, 27, 29, 53, 40, 37, 29, 43, 31, 31, 24, 38, 26, 67, 32, 41, 51, 26, 35, 33, 37, 33, 46, 39, 32, 41, 22, 49, 26, 17, 41, 47, 79], "episode_rewards": [-150.0, -150.0, -150.0, -150.0, -150.0, -150.0, -150.0, -150.0, -150.0, -109.0, -150.0, -150.0, -150.0, -150.0, -150.0, -150.0, -150.0, -150.0, -150.0, -147.0, -150.0, -150.0, -150.0, -150.0, -150.0, -150.0, -150.0, -150.0, -150.0, -130.0, -150.0, -144.0, -150.0, -124.0, -150.0, -150.0, -150.0, -108.0, -150.0, -80.0, -150.0, -141.0, -150.0, -48.0, -150.0, -61.0, -150.0, -150.0, -150.0, -142.0, -150.0, -150.0, -150.0, -150.0, -150.0, -139.0, -150.0, -85.0, -150.0, -150.0, -141.0, -65.0, -89.0, -150.0, -62.0, -125.0, -106.0, -64.0, -150.0, -150.0, -122.0, -127.0, -150.0, -150.0, -57.0, -150.0, -95.0, -150.0, -69.0, -85.0, -103.0, -77.0, -110.0, -131.0, -69.0, -57.0, -35.0, -69.0, -62.0, -111.0, -150.0, -55.0, -150.0, -68.0, -132.0, -150.0, -55.0, -138.0, -128.0, -150.0, -85.0, -80.0, -64.0, -70.0, -150.0, -75.0, -42.0, -36.0, -114.0, -118.0, -109.0, -150.0, -127.0, -39.0, -59.0, -110.0, -83.0, -100.0, -61.0, -108.0, -57.0, -78.0, -76.0, -46.0, -44.0, -42.0, -79.0, -33.0, -88.0, -47.0, -33.0, -35.0, -64.0, -45.0, -91.0, -38.0, -48.0, -38.0, -100.0, -55.0, -70.0, -62.0, -29.0, -42.0, -29.0, -42.0, -38.0, -35.0, -78.0, -42.0, -37.0, -53.0, -63.0, -33.0, -46.0, -52.0, -30.0, -69.0, -37.0, -73.0, -63.0, -36.0, -59.0, -29.0, -42.0, -35.0, -49.0, -53.0, -39.0, -31.0, -53.0, -43.0, -23.0, -30.0, -58.0, -50.0, -42.0, -53.0, -56.0, -42.0, -67.0, -56.0, -46.0, -54.0, -30.0, -30.0, -29.0, -27.0, -28.0, -45.0, -33.0, -32.0, -65.0, -45.0, -16.0, -36.0, -38.0, -52.0, -55.0, -46.0, -26.0, -24.0, -46.0, -32.0, -52.0, -49.0, -40.0, -26.0, -28.0, -52.0, -39.0, -36.0, -28.0, -42.0, -30.0, -30.0, -23.0, -37.0, -25.0, -66.0, -31.0, -40.0, -50.0, -25.0, -34.0, -32.0, -36.0, -32.0, -45.0, -38.0, -31.0, -40.0, -21.0, -48.0, -25.0, -16.0, -40.0, -46.0, -78.0],