{"initial_reset_timestamp": 1669945467.944206, "timestamps": [1669945474.550011, 1669945479.155566, 1669945483.9497797, 1669945488.973471, 1669945494.4614718, 1669945500.3413725, 1669945506.8680696, 1669945515.852649, 1669945521.5842814, 1669945527.8549662, 1669945534.0509768, 1669945536.8087485, 1669945542.5449548, 1669945548.2132473, 1669945554.0489686, 1669945558.9486039, 1669945565.1122353, 1669945570.7796352, 1669945577.1075757, 1669945583.4583838, 1669945589.6629517, 1669945595.8115735, 1669945601.5086365, 1669946311.4185164, 1669946317.3058372, 1669946323.7249398, 1669946330.5181239, 1669946337.1450684, 1669946343.7570972, 1669946349.8519146, 1669947189.4255815, 1669947197.0384638, 1669947203.4188612, 1669947209.5687184, 1669947215.8526325, 1669947222.5805378, 1669947229.997441, 1669947911.2459683, 1669947913.1338372, 1669947915.022091, 1669947916.934561, 1669947918.865151, 1669947920.6945908, 1669947922.575661, 1669948092.665428, 1669948094.2288888, 1669948095.649575, 1669948097.0110111, 1669948098.3428936, 1669948099.5515585, 1669948100.809398, 1669948211.7561514, 1669948213.7996027, 1669948215.9207244, 1669948217.9603958, 1669948219.977284, 1669948221.9692068, 1669948223.9445832, 1669948327.419465, 1669948328.7469249, 1669948330.1301446, 1669948331.6525955, 1669948333.5893154, 1669948335.635524, 1669948337.651896, 1669948453.7045517, 1669948455.7455235, 1669948457.7177277, 1669948458.5574305, 1669948459.5264993, 1669948460.535478, 1669948461.4845963, 1669948529.645538, 1669948529.9364007, 1669948530.2144885, 1669948530.5112863, 1669948530.8147147, 1669948531.130958, 1669948531.4387126, 1669948598.1240094, 1669948598.4302466, 1669948598.7712197, 1669948599.0701923, 1669948599.4182646, 1669948599.7117574, 1669948600.0198822, 1669948667.273198, 1669948667.5531416, 1669948667.8280761, 1669948668.1376977, 1669948668.4652536, 1669948668.7913523, 1669948669.1092565, 1669948722.7411516, 1669948722.9535296, 1669948723.1684864, 1669948723.3845742, 1669948723.6008391, 1669948723.817106, 1669948724.0338788, 1669948737.4491186, 1669948737.6664448, 1669948737.8872163, 1669948738.1147196, 1669948738.4098666, 1669948738.628267, 1669948738.8490589, 1669948752.391139, 1669948752.6097305, 1669948752.823895, 1669948753.0385902, 1669948753.2604814, 1669948753.4773018, 1669948753.6945887, 1669948767.169439, 1669948767.383749, 1669948767.6000528, 1669948767.8219218, 1669948768.0388644, 1669948768.254115, 1669948768.4698277, 1669948781.9782228, 1669948782.1964517, 1669948782.4152527, 1669948782.6341655, 1669948782.85505, 1669948783.074901, 1669948783.2954285, 1669948796.842267, 1669948797.0647788, 1669948797.2863617, 1669948797.5088816, 1669948797.7320745, 1669948797.9514508, 1669948798.1721833, 1669948811.7226768, 1669948811.9416337, 1669948812.1604488, 1669948812.3816369, 1669948812.6005414, 1669948812.8186224, 1669948813.0402012, 1669948826.5398982, 1669948826.762365, 1669948826.9823582, 1669948827.200528, 1669948827.416245, 1669948827.6334944, 1669948827.8555515, 1669948840.1417584, 1669948840.356817, 1669948840.5748355, 1669948840.7942095, 1669948841.0134513, 1669948841.2334564, 1669948841.452542, 1669948853.7905185, 1669948854.0121763, 1669948854.2347658, 1669948854.4553986, 1669948854.676682, 1669948854.895322, 1669948855.1141763, 1669948867.374846, 1669948867.593382, 1669948867.890709, 1669948868.1046815, 1669948868.3237855, 1669948868.5396135, 1669948868.7633376, 1669948881.0275612, 1669948881.2483945, 1669948881.4741478, 1669948881.6924675, 1669948881.9090807, 1669948882.1261284, 1669948882.3469975, 1669948894.6971216, 1669948894.916098, 1669948895.138103, 1669948895.3518631, 1669948895.569866, 1669948895.786627, 1669948896.0063174, 1669948908.2668085, 1669948908.4863124, 1669948908.7073145, 1669948908.9272652, 1669948909.144717, 1669948909.3631892, 1669948909.6614795, 1669948921.8879857, 1669948922.106622, 1669948922.326082, 1669948922.547961, 1669948922.7710283, 1669948922.9894605, 1669948923.2085567, 1669948935.5608795, 1669948935.780707, 1669948936.0013745, 1669948936.2230344, 1669948936.4407651, 1669948936.660282, 1669948936.8808987, 1669948949.1417418, 1669948949.3613207, 1669948949.5789573, 1669948949.7945561, 1669948950.0129976, 1669948950.2325268, 1669948950.4489172, 1669948962.824584, 1669948963.0455575, 1669948963.2609026, 1669948963.4785125, 1669948963.6975765, 1669948963.914133, 1669948964.1336303, 1669948976.3793216, 1669948976.598394, 1669948976.8201697, 1669948977.0376503, 1669948977.3312316, 1669948977.537672, 1669948977.7577288, 1669948989.9437675, 1669948990.1338665, 1669948990.3527198, 1669948990.5715656, 1669948990.7927103, 1669948991.0131907, 1669948991.2335055, 1669949003.5756013, 1669949003.7680182, 1669949003.9888499, 1669949004.208765, 1669949004.426371, 1669949004.645131, 1669949004.8669841, 1669949017.196064, 1669949017.4143064, 1669949017.6327562, 1669949017.852796, 1669949018.0817268, 1669949018.2984638, 1669949018.5175793, 1669949030.7474408, 1669949030.9728987, 1669949031.1938515, 1669949031.4134338, 1669949031.6365674, 1669949031.8578587, 1669949032.0777774, 1669949044.3574672, 1669949044.5734417, 1669949044.8719304, 1669949045.0906007, 1669949045.30933, 1669949045.5262697, 1669949045.741, 1669949058.0391865, 1669949058.255864, 1669949058.475001, 1669949058.6954525, 1669949058.9125419, 1669949059.1283085, 1669949059.3474588, 1669949071.6301026, 1669949071.8487809, 1669949072.068247, 1669949072.2832246, 1669949072.5004494, 1669949072.717486, 1669949072.9336514, 1669949085.159075, 1669949085.3755345, 1669949085.5942295, 1669949085.81411, 1669949086.0337188, 1669949086.2507195, 1669949086.545996, 1669949098.7434964, 1669949098.9603765, 1669949099.1807714, 1669949099.3973436, 1669949099.6143005, 1669949099.8296516, 1669949100.047508, 1669949112.3356075, 1669949112.5519743, 1669949112.7711873, 1669949112.9913528, 1669949113.2104309, 1669949113.42777, 1669949113.6475267, 1669949125.8463573, 1669949126.0609705, 1669949126.2790554, 1669949126.4944942, 1669949126.7063324, 1669949126.9183042, 1669949127.1350768, 1669949139.4276466, 1669949139.6468987, 1669949139.8665981, 1669949140.0856752, 1669949140.3036594, 1669949140.5215712, 1669949140.739626, 1669949153.017457, 1669949153.2346337, 1669949153.4529452, 1669949153.6720877, 1669949153.888649, 1669949154.106314, 1669949154.4033852, 1669949166.6622922, 1669949166.8182368, 1669949167.0334446, 1669949167.2468133, 1669949167.4642808, 1669949167.6828055, 1669949167.9033835, 1669949168.122557, 1669949180.3124387, 1669949180.5318034, 1669949180.8248146, 1669949181.0440078, 1669949181.2643254, 1669949181.4829304, 1669949181.695875, 1669949193.8722782, 1669949194.0917559, 1669949194.3122575, 1669949194.530652, 1669949194.747067, 1669949194.9658272, 1669949195.186062, 1669949207.526251, 1669949207.7420063, 1669949207.964424, 1669949208.1833777, 1669949208.4002633, 1669949208.617866, 1669949208.8375049, 1669949221.1242406, 1669949221.342394, 1669949221.5641165, 1669949221.7857974, 1669949222.006856, 1669949222.227089, 1669949222.5223339],