{"initial_reset_timestamp": 1669945466.1210847, "timestamps": [1669945506.9382105, 1669945507.1490488, 1669945507.4792275, 1669945507.7812757, 1669945508.0753431, 1669945508.3672686, 1669945554.1187723, 1669945554.4170015, 1669945554.6981723, 1669945554.9960847, 1669945555.2772577, 1669945555.5582697, 1669945555.836513, 1669945670.4598053, 1669945776.0419028, 1669945882.4099452, 1669945984.6305103, 1669946086.3656793, 1669946192.197193, 1669946302.844077, 1669946469.54502, 1669946593.984378, 1669946720.2293916, 1669946845.471029, 1669946971.2959642, 1669947096.5717897, 1669947269.0775592, 1669947393.2205932, 1669947518.8764215, 1669947619.3492856, 1669947719.8309176, 1669947820.1405003, 1669947896.188124, 1669947943.528242, 1669947973.9628391, 1669948003.007401, 1669948031.8463833, 1669948054.7956185, 1669948074.7162106, 1669948089.9547746, 1669948113.7510664, 1669948132.3677788, 1669948152.6118133, 1669948169.0830069, 1669948186.097691, 1669948205.7630217, 1669948226.840318, 1669948241.318363, 1669948264.048441, 1669948282.6220083, 1669948302.3228948, 1669948306.1808696, 1669948324.4944189, 1669948351.5491297, 1669948376.2817428, 1669948399.9189713, 1669948406.1903825, 1669948421.3412266, 1669948432.260201, 1669948450.597651, 1669948477.4717, 1669948482.072696, 1669948494.627519, 1669948500.5304158, 1669948512.0366669, 1669948521.1987586, 1669948535.8838887, 1669948546.5310874, 1669948556.1731799, 1669948564.0674746, 1669948573.6215594, 1669948581.3912241, 1669948591.761151, 1669948612.2739403, 1669948616.3668137, 1669948630.9191465, 1669948633.778641, 1669948648.6913867, 1669948651.6952362, 1669948666.1365507, 1669948683.9653976, 1669948689.1964676, 1669948701.7451098, 1669948710.5616364, 1669948718.6475875, 1669948720.5160742, 1669948724.6162677, 1669948726.4991794, 1669948728.3817554, 1669948730.2606838, 1669948732.110392, 1669948733.9904864, 1669948735.888748, 1669948740.0657113, 1669948741.9511397, 1669948743.8326457, 1669948745.7194226, 1669948747.6193547, 1669948749.5312972, 1669948751.4321375, 1669948755.483666, 1669948757.4366133, 1669948759.323601, 1669948761.1682694, 1669948763.0492716, 1669948764.9344716, 1669948766.1482618, 1669948770.1907682, 1669948772.1037338, 1669948773.9894571, 1669948775.9568834, 1669948777.8454103, 1669948779.7345328, 1669948783.8102136, 1669948785.6969082, 1669948787.5853462, 1669948789.4731014, 1669948791.3581598, 1669948793.2472746, 1669948795.132586, 1669948799.2887595, 1669948801.177258, 1669948803.0634716, 1669948804.952939, 1669948806.8443456, 1669948808.7363164, 1669948810.6165764, 1669948814.761259, 1669948816.6398115, 1669948818.4916675, 1669948820.3761206, 1669948821.2597826, 1669948822.61117, 1669948824.4889512], "episode_lengths": [150, 150, 150, 150, 150, 150, 150, 150, 150, 150, 150, 150, 150, 150, 150, 150, 150, 150, 150, 150, 150, 150, 150, 150, 150, 150, 150, 150, 150, 150, 150, 150, 150, 150, 150, 150, 150, 150, 150, 150, 150, 150, 150, 150, 150, 150, 150, 150, 150, 150, 150, 150, 150, 150, 150, 150, 150, 150, 150, 150, 150, 150, 150, 150, 150, 150, 150, 150, 150, 150, 150, 150, 150, 150, 150, 150, 150, 150, 150, 150, 150, 150, 150, 150, 150, 150, 150, 150, 150, 150, 150, 150, 150, 150, 150, 150, 150, 150, 150, 150, 150, 150, 150, 150, 150, 150, 94, 150, 150, 150, 150, 150, 150, 150, 150, 150, 150, 150, 150, 150, 150, 150, 150, 150, 150, 150, 150, 150, 150, 149, 150, 67, 106, 150], "episode_rewards": [-150.0, -150.0, -150.0, -150.0, -150.0, -150.0, -150.0, -150.0, -150.0, -150.0, -150.0, -150.0, -150.0, -150.0, -150.0, -150.0, -150.0, -150.0, -150.0, -150.0, -150.0, -150.0, -150.0, -150.0, -150.0, -150.0, -150.0, -150.0, -150.0, -150.0, -150.0, -150.0, -150.0, -150.0, -150.0, -150.0, -150.0, -150.0, -150.0, -150.0, -150.0, -150.0, -150.0, -150.0, -150.0, -150.0, -150.0, -150.0, -150.0, -150.0, -150.0, -150.0, -150.0, -150.0, -150.0, -150.0, -150.0, -150.0, -150.0, -150.0, -150.0, -150.0, -150.0, -150.0, -150.0, -150.0, -150.0, -150.0, -150.0, -150.0, -150.0, -150.0, -150.0, -150.0, -150.0, -150.0, -150.0, -150.0, -150.0, -150.0, -150.0, -150.0, -150.0, -150.0, -150.0, -150.0, -150.0, -150.0, -150.0, -150.0, -150.0, -150.0, -150.0, -150.0, -150.0, -150.0, -150.0, -150.0, -150.0, -150.0, -150.0, -150.0, -150.0, -150.0, -150.0, -150.0, -93.0, -150.0, -150.0, -150.0, -150.0, -150.0, -150.0, -150.0, -150.0, -150.0, -150.0, -150.0, -150.0, -150.0, -149.0, -150.0, -150.0, -150.0, -150.0, -150.0, -150.0, -150.0, -150.0, -148.0, -150.0, -66.0, -105.0, -150.0], "episode_types": ["t", "t", "t", "t", "t", "t", "t", "t", "t", "t", "t", "t", "t", "t", "t", "t", "t", "t", "t", "t", "t", "t", "t", "t", "t", "t", "t", "t", "t", "t", "t", "t", "t", "t", "t", "t", "t", "t", "t", "t", "t", "t", "t", "t", "t", "t", "t", "t", "t", "t", "t", "t", "t", "t", "t", "t", "t", "t", "t", "t", "t", "t", "t", "t", "t", "t", "t", "t", "t", "t", "t", "t", "t", "t", "t", "t", "t", "t", "t", "t", "t", "t", "t", "t", "t", "t", "t", "t", "t", "t", "t", "t", "t", "t", "t", "t", "t", "t", "t", "t", "t", "t", "t", "t", "t", "t", "t", "t", "t", "t", "t", "t", "t", "t", "t", "t", "t", "t", "t", "t", "t", "t", "t", "t", "t", "t", "t", "t", "t", "t", "t", "t", "t", "t", "t"]}