{"initial_reset_timestamp": 1670015977.0106854, "timestamps": [1670015979.9768353, 1670015981.3021667, 1670015982.50185, 1670015983.587855, 1670015984.7828, 1670015985.5354815, 1670015986.0701723, 1670015989.2060683, 1670015990.0404115, 1670015991.188183, 1670015992.43467, 1670015993.2212281, 1670015994.1128337, 1670015994.8095593, 1670015995.2966468, 1670015998.9049144, 1670016000.8804455, 1670016002.6788921, 1670016004.4203975, 1670016005.5759094, 1670016006.7004766, 1670016008.1960416, 1670016009.8763087, 1670016072.645316, 1670016073.4762778, 1670016074.2719514, 1670016075.0614002, 1670016075.8505757, 1670016076.7428288, 1670016078.491698, 1670016143.974775, 1670016144.745198, 1670016145.4561982, 1670016146.2459772, 1670016147.0382304, 1670016147.894769, 1670016148.7615933, 1670016207.468892, 1670016208.8434453, 1670016209.946459, 1670016210.791404, 1670016212.5928252, 1670016214.322562, 1670016215.9761014, 1670016283.8372948, 1670016284.57068, 1670016285.3189163, 1670016286.3083982, 1670016287.6838095, 1670016289.0468156, 1670016290.3231091, 1670016390.3558142, 1670016392.0137079, 1670016393.6938305, 1670016395.1528225, 1670016396.0838432, 1670016396.7334597, 1670016397.5878992, 1670016499.3791525, 1670016501.429267, 1670016503.4591339, 1670016505.4968033, 1670016507.5338664, 1670016509.5821228, 1670016511.6624548, 1670016599.2124107, 1670016601.2471623, 1670016603.2894773, 1670016605.214379, 1670016606.5562396, 1670016607.4290004, 1670016608.2022147, 1670016674.8845794, 1670016675.3350549, 1670016675.8892832, 1670016676.338354, 1670016676.8387837, 1670016677.4138875, 1670016677.9971554, 1670016747.892113, 1670016748.2860484, 1670016748.7625158, 1670016749.2251856, 1670016749.6864998, 1670016750.1994758, 1670016751.1572182, 1670016801.8899045, 1670016802.539461, 1670016803.2159703, 1670016803.8628967, 1670016804.4889703, 1670016805.105293, 1670016805.6428492, 1670016847.940168, 1670016848.6683671, 1670016849.5190542, 1670016850.6883538, 1670016851.3804004, 1670016851.943351, 1670016852.4809504, 1670016944.141524, 1670016946.2113523, 1670016948.2840464, 1670016950.3536668, 1670016952.455577, 1670016954.5976288, 1670016956.7071276, 1670017015.0678673, 1670017015.7081742, 1670017016.2723634, 1670017016.891584, 1670017017.6261847, 1670017018.2514334, 1670017018.859371, 1670017063.0748081, 1670017064.5133038, 1670017066.0833013, 1670017066.8925755, 1670017067.4542115, 1670017068.0500007, 1670017068.624746, 1670017104.9867966, 1670017105.6670778, 1670017106.3237684, 1670017106.9741414, 1670017107.5884619, 1670017108.260331, 1670017108.8735392, 1670017153.201833, 1670017154.6862717, 1670017155.6454957, 1670017156.3083925, 1670017157.0182397, 1670017157.7355332, 1670017158.5570517, 1670017197.394609, 1670017198.0350635, 1670017198.6527536, 1670017199.3050501, 1670017200.0015922, 1670017200.587287, 1670017201.1474102, 1670017244.3660254, 1670017246.094896, 1670017247.192015, 1670017248.5060706, 1670017250.2940934, 1670017251.2839088, 1670017252.6157875, 1670017288.3084447, 1670017290.0003376, 1670017291.735967, 1670017292.4934826, 1670017293.2191007, 1670017293.9519958, 1670017295.6069822, 1670017339.9346683, 1670017341.5097682, 1670017342.9374075, 1670017343.5747705, 1670017344.2311816, 1670017344.8255825, 1670017345.4693, 1670017388.2251937, 1670017388.984776, 1670017390.0947304, 1670017391.7627907, 1670017393.4331596, 1670017394.793954, 1670017395.5306232, 1670017451.5669131, 1670017453.6626122, 1670017455.732337, 1670017457.7932112, 1670017459.8648746, 1670017460.9160101, 1670017461.6246445, 1670017518.379015, 1670017520.2336273, 1670017522.1459653, 1670017523.084203, 1670017523.8574958, 1670017525.1566687, 1670017527.2614605, 1670017624.4334698, 1670017626.5585086, 1670017628.6972468, 1670017630.812111, 1670017632.9865527, 1670017635.123668, 1670017637.3641114, 1670017695.9372866, 1670017698.02434, 1670017700.1492279, 1670017702.2007427, 1670017703.9023376, 1670017705.6094072, 1670017707.4497333, 1670017775.1859446, 1670017775.8702984, 1670017776.5558324, 1670017777.2859251, 1670017778.0123127, 1670017778.7299392, 1670017779.4450343, 1670017824.94569, 1670017827.069303, 1670017829.1970441, 1670017831.3441389, 1670017833.461979, 1670017835.6040525, 1670017837.7703626, 1670017934.1687744, 1670017936.0588946, 1670017937.352636, 1670017938.9842675, 1670017941.14555, 1670017943.3311071, 1670017945.5593514, 1670017995.532767, 1670017996.2878935, 1670017997.1650014, 1670017997.9164197, 1670017998.673496, 1670017999.5762923, 1670018000.971908, 1670018059.3586564, 1670018060.094575, 1670018060.8664773, 1670018061.6126726, 1670018062.3551264, 1670018063.1298707, 1670018063.9274044, 1670018107.7158873, 1670018108.3919828, 1670018109.0724564, 1670018109.8120706, 1670018110.6068468, 1670018111.3922098, 1670018112.1876202, 1670018160.081284, 1670018160.809191, 1670018161.4453692, 1670018162.0854943, 1670018162.7651436, 1670018163.423291, 1670018164.1644344, 1670018211.2179546, 1670018212.3092778, 1670018213.0609508, 1670018213.8024364, 1670018215.074645, 1670018215.8670917, 1670018216.645204, 1670018254.0434945, 1670018254.6170175, 1670018255.2012131, 1670018256.3308017, 1670018258.2299955, 1670018259.6604912, 1670018261.3879647, 1670018320.4069963, 1670018321.9842565, 1670018323.72063, 1670018324.3771892, 1670018325.0654294, 1670018326.0114098, 1670018327.0490954, 1670018381.8192244, 1670018383.506351, 1670018384.819259, 1670018385.582707, 1670018386.418148, 1670018387.1957252, 1670018388.251269, 1670018433.8077123, 1670018434.6142285, 1670018435.4261703, 1670018436.240509, 1670018437.4839134, 1670018438.5113256, 1670018440.208637, 1670018527.605639, 1670018529.7750971, 1670018531.954748, 1670018534.1276374, 1670018536.322171, 1670018538.5082808, 1670018540.646552, 1670018627.4236746, 1670018628.1193242, 1670018628.9646316, 1670018629.7016351, 1670018630.4168675, 1670018631.1581168, 1670018631.950082, 1670018671.9943702, 1670018672.661916, 1670018673.3072808, 1670018673.9655879, 1670018674.6319623, 1670018675.324157, 1670018676.0248034, 1670018725.722913, 1670018726.4571478, 1670018727.139202, 1670018727.7890947, 1670018728.477162, 1670018729.147284, 1670018729.9096084, 1670018769.4818988, 1670018770.1436226, 1670018770.878951, 1670018771.5049982, 1670018772.1172116, 1670018772.7433836, 1670018773.4091918, 1670018819.0697587, 1670018820.2444608, 1670018822.1692984, 1670018823.666655, 1670018824.3751187, 1670018825.779718, 1670018827.228403, 1670018874.4892275, 1670018876.6610765, 1670018878.8196125, 1670018881.0073142, 1670018882.8001256, 1670018884.5295155, 1670018886.1178415, 1670018958.6746857, 1670018960.8292296, 1670018963.0035837, 1670018965.1825376, 1670018967.356891, 1670018969.5325487, 1670018971.8501601, 1670019030.1181061, 1670019031.1853468, 1670019032.8625915, 1670019033.6366286, 1670019034.458009, 1670019036.3692815, 1670019038.529754, 1670019116.9529786, 1670019118.9425104, 1670019120.6280336, 1670019122.2217243, 1670019123.9144583, 1670019126.033189, 1670019128.1818926],