{"initial_reset_timestamp": 1670015973.6243267, "timestamps": [1670015986.1438818, 1670015986.3915682, 1670015986.7376258, 1670015987.0912685, 1670015987.476058, 1670015987.8409529, 1670015995.3752885, 1670015995.6759155, 1670015995.9933171, 1670015996.3076923, 1670015996.6570177, 1670015996.9496098, 1670015997.2322767, 1670016018.6060603, 1670016028.923604, 1670016036.0737088, 1670016046.2762377, 1670016056.250509, 1670016063.6683998, 1670016070.8191009, 1670016086.3579376, 1670016094.038928, 1670016102.7079158, 1670016114.133568, 1670016125.548557, 1670016135.1791413, 1670016151.0988076, 1670016157.4546273, 1670016166.2826073, 1670016173.2909496, 1670016180.401085, 1670016190.2629852, 1670016201.2807767, 1670016220.6703792, 1670016227.6531057, 1670016234.8878522, 1670016246.142902, 1670016260.7763789, 1670016270.585062, 1670016282.2146811, 1670016303.2008631, 1670016319.1027257, 1670016333.2050989, 1670016346.5395703, 1670016361.600448, 1670016377.1148202, 1670016401.3693187, 1670016416.3591082, 1670016431.8500583, 1670016447.1989155, 1670016462.0776973, 1670016475.7684658, 1670016491.0420363, 1670016516.1104043, 1670016526.8787463, 1670016535.910875, 1670016545.14098, 1670016553.9968383, 1670016568.6330194, 1670016583.5043347, 1670016609.2297513, 1670016619.0903046, 1670016628.6872668, 1670016637.9264503, 1670016651.2197604, 1670016660.2614315, 1670016664.7226431, 1670016672.438915, 1670016681.4051044, 1670016690.6886656, 1670016695.704076, 1670016703.0495784, 1670016712.0028384, 1670016724.2707024, 1670016738.0373847, 1670016743.9429896, 1670016746.26926, 1670016753.3751495, 1670016760.8831863, 1670016765.0114496, 1670016769.768383, 1670016778.4640846, 1670016785.3907092, 1670016794.6757064, 1670016807.8998082, 1670016813.381395, 1670016818.5824997, 1670016824.089547, 1670016833.5357096, 1670016839.0703332, 1670016844.6187403, 1670016857.9544559, 1670016871.067869, 1670016886.5714045, 1670016901.5103407, 1670016915.7794392, 1670016927.712162, 1670016956.90973, 1670016971.7329214, 1670016984.0612237, 1670016990.404383, 1670016996.0919328, 1670016999.2743933, 1670017007.4659712, 1670017013.0160258, 1670017021.2838314, 1670017025.6051052, 1670017030.996403, 1670017036.7338812, 1670017043.8976414, 1670017052.1797795, 1670017059.0225935, 1670017070.8715923, 1670017075.6326866, 1670017081.2985277, 1670017083.3696291, 1670017088.2179844, 1670017090.3616328, 1670017093.373752, 1670017099.162257, 1670017102.05048, 1670017111.7041924, 1670017116.2856073, 1670017121.3358665, 1670017123.5390844, 1670017128.5761106, 1670017130.469951, 1670017132.791776, 1670017134.7753713, 1670017139.428695, 1670017141.002655, 1670017143.3726509, 1670017144.7428515, 1670017146.4920495, 1670017159.3890092, 1670017161.6416447, 1670017167.2781105, 1670017172.372096, 1670017174.262907, 1670017175.9699042, 1670017179.5858247, 1670017181.417017, 1670017184.684317, 1670017187.0173047, 1670017188.5744658, 1670017189.774639, 1670017192.0111365, 1670017201.183469, 1670017202.8271534, 1670017204.0509357, 1670017205.175871, 1670017206.7104018, 1670017210.535066, 1670017213.7198586, 1670017220.2015386, 1670017221.9518793, 1670017225.0450845, 1670017227.0172617, 1670017230.4938676, 1670017232.0154274, 1670017234.2255096, 1670017235.7624269, 1670017238.3263166, 1670017239.9815056, 1670017241.0521052], "episode_lengths": [150, 150, 150, 150, 150, 150, 150, 150, 150, 150, 150, 150, 150, 150, 150, 150, 150, 150, 150, 150, 150, 150, 150, 150, 150, 150, 150, 150, 150, 150, 150, 150, 150, 150, 150, 150, 150, 150, 150, 150, 150, 150, 150, 150, 150, 150, 150, 150, 150, 150, 150, 150, 150, 96, 103, 122, 150, 150, 150, 150, 150, 150, 150, 150, 150, 114, 86, 150, 137, 150, 67, 98, 128, 117, 150, 105, 62, 67, 150, 125, 144, 149, 150, 150, 150, 150, 150, 150, 150, 150, 150, 134, 150, 150, 150, 150, 150, 150, 150, 150, 150, 150, 88, 150, 150, 103, 150, 150, 119, 150, 150, 145, 118, 150, 150, 63, 150, 64, 89, 150, 70, 105, 64, 150, 63, 144, 48, 60, 49, 120, 44, 71, 37, 28, 78, 59, 150, 146, 54, 47, 100, 47, 91, 63, 41, 30, 58, 93, 48, 36, 29, 44, 82, 51, 129, 40, 94, 53, 88, 36, 56, 40, 68, 41, 27], "episode_rewards": [-150.0, -150.0, -150.0, -150.0, -150.0, -150.0, -150.0, -150.0, -150.0, -150.0, -150.0, -150.0, -150.0, -150.0, -150.0, -150.0, -150.0, -150.0, -150.0, -150.0, -150.0, -150.0, -150.0, -150.0, -150.0, -150.0, -150.0, -150.0, -150.0, -150.0, -150.0, -150.0, -150.0, -150.0, -150.0, -150.0, -150.0, -150.0, -150.0, -150.0, -150.0, -150.0, -150.0, -150.0, -150.0, -150.0, -150.0, -150.0, -150.0, -150.0, -150.0, -150.0, -150.0, -95.0, -102.0, -121.0, -150.0, -150.0, -150.0, -150.0, -150.0, -150.0, -150.0, -150.0, -150.0, -113.0, -85.0, -150.0, -136.0, -150.0, -66.0, -97.0, -127.0, -116.0, -150.0, -104.0, -61.0, -66.0, -150.0, -124.0, -143.0, -148.0, -150.0, -150.0, -150.0, -150.0, -150.0, -150.0, -150.0, -150.0, -150.0, -133.0, -150.0, -150.0, -150.0, -150.0, -150.0, -150.0, -150.0, -150.0, -150.0, -150.0, -87.0, -150.0, -150.0, -102.0, -150.0, -150.0, -118.0, -150.0, -150.0, -144.0, -117.0, -150.0, -150.0, -62.0, -150.0, -63.0, -88.0, -150.0, -69.0, -104.0, -63.0, -150.0, -62.0, -143.0, -47.0, -59.0, -48.0, -119.0, -43.0, -70.0, -36.0, -27.0, -77.0, -58.0, -150.0, -145.0, -53.0, -46.0, -99.0, -46.0, -90.0, -62.0, -40.0, -29.0, -57.0, -92.0, -47.0, -35.0, -28.0, -43.0, -81.0, -50.0, -128.0, -39.0, -93.0, -52.0, -87.0, -35.0, -55.0, -39.0, -67.0, -40.0, -26.0], "episode_types": ["t", "t", "t", "t", "t", "t", "t", "t", "t", "t", "t", "t", "t", "t", "t", "t", "t", "t", "t", "t", "t", "t", "t", "t", "t", "t", "t", "t", "t", "t", "t", "t", "t", "t", "t", "t", "t", "t", "t", "t", "t", "t", "t", "t", "t", "t", "t", "t", "t", "t", "t", "t", "t", "t", "t", "t", "t", "t", "t", "t", "t", "t", "t", "t", "t", "t", "t", "t", "t", "t", "t", "t", "t", "t", "t", "t", "t", "t", "t", "t", "t", "t", "t", "t", "t", "t", "t", "t", "t", "t", "t", "t", "t", "t", "t", "t", "t", "t", "t", "t", "t", "t", "t", "t", "t", "t", "t", "t", "t", "t", "t", "t", "t", "t", "t", "t", "t", "t", "t", "t", "t", "t", "t", "t", "t", "t", "t", "t", "t", "t", "t", "t", "t", "t", "t", "t", "t", "t", "t", "t", "t", "t", "t", "t", "t", "t", "t", "t", "t", "t", "t", "t", "t", "t", "t", "t", "t", "t", "t", "t", "t", "t", "t", "t", "t", "t"]}