{"initial_reset_timestamp": 1667348103.699056, "timestamps": [1667348105.251865, 1667348105.2769728, 1667348106.521855, 1667348106.5525355, 1667348106.5956326, 1667348106.6393309, 1667348106.6648948, 1667348106.7099307], "episode_lengths": [89, 90, 196, 102, 126, 128, 89, 122], "episode_rewards": [-145.58016360438444, -137.49174446282086, -442.0995098924506, -335.13912025666355, -163.5281863405495, -213.28655815190046, 127.61033488465166, -250.2584816358375], "episode_types": ["t", "t", "t", "t", "t", "t", "t", "t", "t"]}