{"initial_reset_timestamp": 1670112426.9766092, "timestamps": [1670112434.8880882, 1670112435.0519602, 1670112435.3497238, 1670112435.6629941, 1670112435.9651494, 1670112436.2536914, 1670112436.5367296, 1670112441.8761606, 1670112442.1755657, 1670112442.4594111, 1670112442.7491882, 1670112443.0309331, 1670112443.3111868, 1670112450.0179884, 1670112455.3381913, 1670112460.5905643, 1670112465.9881606, 1670112471.1384022, 1670112476.3380551, 1670112481.5207806, 1670112491.8162782, 1670112497.040059, 1670112499.8142238, 1670112505.0737271, 1670112510.3653648, 1670112515.739896, 1670112517.455055, 1670112526.7287636, 1670112531.9730177, 1670112537.053617, 1670112542.2639663, 1670112547.3561249, 1670112552.468607, 1670112557.7394772, 1670112568.095957, 1670112573.4203136, 1670112578.648572, 1670112583.915783, 1670112589.3906128, 1670112594.6303706, 1670112600.3404078, 1670112610.7445493, 1670112615.9992695, 1670112621.3000216, 1670112626.5700097, 1670112631.9286933, 1670112637.0072763, 1670112647.3180344, 1670112652.5497453, 1670112657.8396862, 1670112663.1610985, 1670112668.4014688, 1670112673.7247634, 1670112678.9585683, 1670112689.0425258, 1670112694.2897246, 1670112699.5300486, 1670112704.790597, 1670112708.3107817, 1670112713.4296556, 1670112717.978927, 1670112728.4920862, 1670112733.7983642, 1670112739.0300727, 1670112744.136192, 1670112749.432407, 1670112754.510894, 1670112759.6577055, 1670112761.5058615, 1670112771.799348, 1670112775.478621, 1670112780.7526944, 1670112785.948756, 1670112791.133313, 1670112796.3620272, 1670112801.5187635, 1670112812.900557, 1670112816.723726, 1670112821.2704265, 1670112826.5609894, 1670112831.862706, 1670112837.2903373, 1670112847.86729, 1670112853.0551155, 1670112858.1452308, 1670112863.3390198, 1670112868.4836733, 1670112873.6306326, 1670112878.9976501, 1670112889.5563092, 1670112894.7602816, 1670112899.8414872, 1670112905.0609136, 1670112910.2421086, 1670112915.3202896, 1670112920.6361408, 1670112930.5851276, 1670112935.6959145, 1670112940.912948, 1670112946.3189914, 1670112951.4144058, 1670112956.6146486, 1670112968.4513354, 1670112973.524112, 1670112975.7557614, 1670112981.196607, 1670112986.3832324, 1670112991.55657, 1670112996.729282, 1670113001.1686556, 1670113012.6332674, 1670113018.0060623, 1670113023.2887828, 1670113028.5838754, 1670113033.6846325, 1670113039.0670683, 1670113049.3607628, 1670113054.5128405, 1670113059.6182003, 1670113064.7677922, 1670113069.9100733, 1670113074.906388, 1670113080.1029415, 1670113091.2233622, 1670113096.3015196, 1670113100.2972624, 1670113105.7891054, 1670113111.0849464, 1670113116.4908595, 1670113119.0824132, 1670113129.5159187, 1670113134.6728816, 1670113139.9145446, 1670113145.2752798, 1670113150.6100209, 1670113155.895744, 1670113161.1921413, 1670113172.7058303, 1670113177.898572, 1670113183.1071558, 1670113188.2475023, 1670113193.4735997, 1670113198.8207467, 1670113209.4902036, 1670113214.597424, 1670113219.7603617, 1670113224.254682, 1670113229.42299, 1670113234.7692575, 1670113239.9151697, 1670113251.1099594, 1670113256.2581315, 1670113261.470617, 1670113266.537078, 1670113271.6359332, 1670113276.8108869, 1670113281.973161, 1670113292.7079244, 1670113297.9584389, 1670113303.2841887, 1670113308.6381295, 1670113313.8052804, 1670113318.9615464, 1670113330.1933246, 1670113335.2789018, 1670113340.565848, 1670113345.7263243, 1670113350.9887865, 1670113356.1559694, 1670113361.4423356, 1670113373.038848, 1670113378.3121822, 1670113383.5885036, 1670113388.708155, 1670113394.0400355, 1670113399.3444555, 1670113404.6223288, 1670113416.5620298, 1670113418.8122437, 1670113423.9699125, 1670113429.193902, 1670113434.6683483, 1670113439.933085, 1670113451.4923408, 1670113456.6730983, 1670113461.7398834, 1670113466.863578, 1670113471.4803987, 1670113476.6135106, 1670113481.8029673, 1670113491.8412454, 1670113497.0750895, 1670113502.219663, 1670113507.4034224, 1670113512.6508052, 1670113517.9811778, 1670113523.1635497, 1670113533.9760354, 1670113539.2555952, 1670113544.6819377, 1670113549.8726413, 1670113555.0576978, 1670113560.3411503, 1670113572.348828, 1670113577.5981421, 1670113582.757335, 1670113588.041264, 1670113593.1826327, 1670113598.4120655, 1670113603.4625823, 1670113615.2519886, 1670113620.4250278, 1670113625.674363, 1670113630.9433696, 1670113636.100839, 1670113641.2854512, 1670113646.5748878, 1670113658.1893442, 1670113663.4715266, 1670113668.6503148, 1670113673.689656, 1670113678.866727, 1670113683.9816647, 1670113695.8165803, 1670113701.0807498, 1670113706.1930614, 1670113711.504824, 1670113716.7491758, 1670113719.352038, 1670113724.5414336, 1670113736.3695052, 1670113741.7361739, 1670113746.7838283, 1670113752.1372936, 1670113757.4732444, 1670113762.8385, 1670113768.199456, 1670113779.8881474, 1670113785.2080438, 1670113790.587385, 1670113795.794499, 1670113801.0870447, 1670113806.2439308, 1670113817.8322513, 1670113822.9442668, 1670113828.155361, 1670113833.3130872, 1670113838.3896515, 1670113843.5205483, 1670113848.7275274, 1670113860.0594165, 1670113865.2785869, 1670113870.5660787, 1670113875.6758876, 1670113881.0795941, 1670113886.338398, 1670113891.8195314, 1670113903.7123947, 1670113908.9657414, 1670113914.226559, 1670113919.2900503, 1670113924.5793002, 1670113929.8415082, 1670113941.7425318, 1670113947.117417, 1670113952.261604, 1670113957.3578832, 1670113962.7256718, 1670113968.1423926, 1670113969.458951, 1670113975.5352745, 1670113980.9949634, 1670113986.1541202, 1670113991.7015166, 1670113997.0287538, 1670114002.3409078, 1670114007.574179, 1670114019.517067, 1670114024.7437327, 1670114029.8167193, 1670114034.8820984, 1670114040.1856418, 1670114045.3032267, 1670114057.344548, 1670114062.6374645, 1670114067.8460395, 1670114072.9997864, 1670114078.2899363, 1670114083.5854523, 1670114088.8295956, 1670114100.557197, 1670114105.8336904, 1670114111.0507128, 1670114116.25902, 1670114121.4693115, 1670114126.609513, 1670114131.8764012, 1670114143.0552828, 1670114148.4329753, 1670114153.6472006, 1670114158.768766, 1670114163.83752, 1670114169.1313827, 1670114181.4436054, 1670114186.5478582, 1670114191.791993, 1670114196.9422717, 1670114202.0692792, 1670114207.2983918, 1670114212.7068272, 1670114224.24461, 1670114229.1031106, 1670114234.4478254, 1670114239.7606769, 1670114244.9810982, 1670114250.4907506, 1670114255.8452914, 1670114267.5352478, 1670114270.6724439, 1670114275.5807831, 1670114280.7096694, 1670114285.843692, 1670114291.1818087, 1670114302.8885632, 1670114307.921443, 1670114313.1175976, 1670114318.4580572, 1670114323.6811235, 1670114328.8325984, 1670114334.087492, 1670114346.022687, 1670114351.2479978, 1670114356.4691281, 1670114362.06821, 1670114367.3034585, 1670114372.7350037, 1670114377.969642],