{"initial_reset_timestamp": 1669940856.1782434, "timestamps": [1669940864.964211, 1669940865.184812, 1669940865.5889742, 1669940865.9064486, 1669940866.240321, 1669940866.565628, 1669940875.1571105, 1669940875.4578018, 1669940875.7487698, 1669940876.043193, 1669940876.3324585, 1669940876.629096, 1669940876.9251816], "episode_lengths": [150, 150, 150, 150, 150, 150, 150, 150, 150, 150, 145, 150, 150], "episode_rewards": [-150.0, -150.0, -150.0, -150.0, -150.0, -150.0, -150.0, -150.0, -150.0, -150.0, -144.0, -150.0, -150.0], "episode_types": ["t", "t", "t", "t", "t", "t", "t", "t", "t", "t", "t", "t", "t", "t"]}