{"initial_reset_timestamp": 1669940858.2747257, "timestamps": [1669940860.521031, 1669940861.2316585, 1669940861.9506001, 1669940862.6948307, 1669940863.4084735, 1669940864.118331, 1669940864.8994143, 1669940868.4927945, 1669940869.4119873, 1669940870.4069347, 1669940871.44082, 1669940872.0065913, 1669940873.0414941, 1669940874.0674791, 1669940875.0854273, 1669940878.2428966, 1669940879.248301, 1669940880.2814615, 1669940881.2717025, 1669940882.2819395, 1669940883.3188317, 1669940884.336861, 1669940885.3606837], "episode_lengths": [150, 150, 150, 150, 150, 150, 150, 150, 150, 150, 150, 66, 150, 150, 150, 54, 150, 150, 150, 150, 150, 150, 150], "episode_rewards": [-150.0, -150.0, -150.0, -150.0, -150.0, -150.0, -150.0, -150.0, -150.0, -150.0, -150.0, -65.0, -150.0, -150.0, -150.0, -53.0, -150.0, -150.0, -150.0, -150.0, -150.0, -150.0, -150.0], "episode_types": ["t", "t", "t", "t", "t", "t", "t", "t", "t", "t", "t", "t", "t", "t", "t", "t", "t", "t", "t", "t", "t", "t", "t"]}