{"initial_reset_timestamp": 1670015973.9961915, "timestamps": [1670015986.0152714, 1670015986.2535918, 1670015986.6250107, 1670015986.9657876, 1670015987.352995, 1670015987.667921, 1670015994.9221263, 1670015995.2152607, 1670015995.526466, 1670015995.8532448, 1670015996.1709027, 1670015996.507759, 1670015996.8744118, 1670016017.853488, 1670016028.68151, 1670016035.9308212, 1670016045.9681885, 1670016055.8645089, 1670016063.0451705, 1670016070.1984837, 1670016085.6391938, 1670016092.3007154, 1670016101.774022, 1670016112.705856, 1670016124.0386055, 1670016134.0389202, 1670016149.8505828, 1670016156.382045, 1670016163.0142615, 1670016171.5894248, 1670016178.9421787, 1670016188.607915, 1670016199.4985983, 1670016219.2694416, 1670016226.1297667, 1670016233.1392581, 1670016236.308259, 1670016248.485761, 1670016255.678348, 1670016264.5401752, 1670016267.4384692, 1670016272.5075333], "episode_lengths": [150, 150, 150, 150, 150, 150, 150, 144, 150, 150, 150, 150, 150, 150, 150, 150, 150, 150, 150, 150, 150, 150, 150, 150, 150, 150, 150, 150, 150, 150, 150, 150, 150, 150, 144, 150, 60, 150, 64, 128, 50, 61], "episode_rewards": [-150.0, -150.0, -150.0, -150.0, -150.0, -150.0, -150.0, -143.0, -150.0, -150.0, -150.0, -150.0, -150.0, -150.0, -150.0, -150.0, -150.0, -150.0, -150.0, -150.0, -150.0, -150.0, -150.0, -150.0, -150.0, -150.0, -150.0, -150.0, -150.0, -150.0, -150.0, -150.0, -150.0, -150.0, -143.0, -150.0, -59.0, -150.0, -63.0, -127.0, -49.0, -60.0], "episode_types": ["t", "t", "t", "t", "t", "t", "t", "t", "t", "t", "t", "t", "t", "t", "t", "t", "t", "t", "t", "t", "t", "t", "t", "t", "t", "t", "t", "t", "t", "t", "t", "t", "t", "t", "t", "t", "t", "t", "t", "t", "t", "t", "t"]}