{"initial_reset_timestamp": 1670015976.9958065, "timestamps": [1670015980.3036387, 1670015981.552557, 1670015982.5734282, 1670015983.5608685, 1670015984.6242373, 1670015985.4648335, 1670015985.9469495, 1670015988.8976655, 1670015989.2395873, 1670015990.1648092, 1670015991.330974, 1670015992.0422907, 1670015993.5135517, 1670015994.1964533, 1670015994.8259375, 1670015998.6522386, 1670016000.6221864, 1670016002.4475515, 1670016004.208917, 1670016005.4262388, 1670016006.369042, 1670016007.7299988, 1670016009.2432837, 1670016072.160609, 1670016072.9393685, 1670016073.7223938, 1670016074.5026362, 1670016075.3294084, 1670016076.0905564, 1670016077.280452, 1670016143.1968393, 1670016144.0549088, 1670016144.8369925, 1670016145.569109, 1670016146.3906453, 1670016147.1993504, 1670016148.0008097, 1670016206.7589808, 1670016207.4542768, 1670016208.7006261, 1670016209.8437233, 1670016210.557233, 1670016212.3733358, 1670016213.9859474], "episode_lengths": [150, 150, 150, 150, 150, 150, 150, 150, 150, 150, 150, 66, 150, 150, 150, 54, 150, 150, 150, 150, 150, 150, 150, 150, 150, 150, 150, 150, 150, 150, 150, 150, 150, 150, 150, 150, 150, 150, 150, 150, 150, 150, 150, 150], "episode_rewards": [-150.0, -150.0, -150.0, -150.0, -150.0, -150.0, -150.0, -150.0, -150.0, -150.0, -150.0, -65.0, -150.0, -150.0, -150.0, -53.0, -150.0, -150.0, -150.0, -150.0, -150.0, -150.0, -150.0, -150.0, -150.0, -150.0, -150.0, -150.0, -150.0, -150.0, -150.0, -150.0, -150.0, -150.0, -150.0, -150.0, -150.0, -150.0, -150.0, -150.0, -150.0, -150.0, -150.0, -150.0], "episode_types": ["t", "t", "t", "t", "t", "t", "t", "t", "t", "t", "t", "t", "t", "t", "t", "t", "t", "t", "t", "t", "t", "t", "t", "t", "t", "t", "t", "t", "t", "t", "t", "t", "t", "t", "t", "t", "t", "t", "t", "t", "t", "t", "t", "t"]}