{"initial_reset_timestamp": 1669930834.5871701, "timestamps": [1669930846.2318432, 1669930846.4514956, 1669930846.7771628, 1669930847.092, 1669930847.4008186, 1669930847.692681, 1669930857.1475518, 1669930857.43477, 1669930857.6985867, 1669930857.9866729, 1669930858.2802653, 1669930858.6002629, 1669930858.8936055, 1669930872.6822164, 1669930881.2206607, 1669930889.7230508, 1669930898.1541305, 1669930906.8533072, 1669930915.1542964, 1669930923.6203687, 1669930940.9602926, 1669930949.7497566, 1669930958.4202995, 1669930967.2061412, 1669930975.6526847, 1669930983.8833547, 1669931000.448174, 1669931009.0699832, 1669931017.6270278], "episode_lengths": [150, 150, 150, 150, 150, 150, 150, 150, 135, 150, 150, 150, 150, 150, 150, 150, 150, 150, 150, 150, 150, 150, 150, 150, 150, 150, 150, 150, 150], "episode_rewards": [-150.0, -150.0, -150.0, -150.0, -150.0, -150.0, -150.0, -150.0, -134.0, -150.0, -150.0, -150.0, -150.0, -150.0, -150.0, -150.0, -150.0, -150.0, -150.0, -150.0, -150.0, -150.0, -150.0, -150.0, -150.0, -150.0, -150.0, -150.0, -150.0], "episode_types": ["t", "t", "t", "t", "t", "t", "t", "t", "t", "t", "t", "t", "t", "t", "t", "t", "t", "t", "t", "t", "t", "t", "t", "t", "t", "t", "t", "t", "t", "t"]}