{"initial_reset_timestamp": 1669930836.6003082, "timestamps": [1669930839.175251, 1669930840.3997338, 1669930841.663266, 1669930842.8131268, 1669930843.999279, 1669930845.0341525, 1669930846.1716902, 1669930849.8465447, 1669930850.9580324, 1669930852.093608, 1669930853.182873, 1669930853.8073182, 1669930854.9024959, 1669930856.0206676, 1669930857.0757296, 1669930860.192104, 1669930861.325408, 1669930862.394653, 1669930863.4711769, 1669930864.6191142, 1669930865.762759, 1669930866.9662726, 1669930868.1562648, 1669930926.5593414, 1669930927.7187145, 1669930928.8610415, 1669930930.0250275, 1669930931.2180798, 1669930932.3439496, 1669930933.458667, 1669930992.5961509, 1669930993.73053, 1669930994.908011, 1669930996.0459204, 1669930997.1088445, 1669930997.4804416, 1669930998.6314566], "episode_lengths": [150, 150, 150, 150, 150, 150, 150, 150, 150, 150, 150, 66, 150, 150, 150, 54, 150, 150, 150, 150, 150, 150, 150, 150, 150, 150, 150, 150, 150, 150, 150, 150, 150, 150, 150, 150, 150], "episode_rewards": [-150.0, -150.0, -150.0, -150.0, -150.0, -150.0, -150.0, -150.0, -150.0, -150.0, -150.0, -65.0, -150.0, -150.0, -150.0, -53.0, -150.0, -150.0, -150.0, -150.0, -150.0, -150.0, -150.0, -150.0, -150.0, -150.0, -150.0, -150.0, -150.0, -150.0, -150.0, -150.0, -150.0, -150.0, -150.0, -150.0, -150.0], "episode_types": ["t", "t", "t", "t", "t", "t", "t", "t", "t", "t", "t", "t", "t", "t", "t", "t", "t", "t", "t", "t", "t", "t", "t", "t", "t", "t", "t", "t", "t", "t", "t", "t", "t", "t", "t", "t", "t"]}