{"initial_reset_timestamp": 1670028192.8691204, "timestamps": [1670028210.6730797, 1670028210.9260871, 1670028211.3378062, 1670028211.7794297, 1670028212.208122, 1670028212.4471447, 1670028212.7740867, 1670028222.2791898, 1670028222.6652172, 1670028223.0280442, 1670028223.355356, 1670028223.7084687, 1670028224.124799, 1670028224.4357862, 1670028233.870812, 1670028246.4728682, 1670028260.3955467, 1670028274.2748709, 1670028288.0953226, 1670028302.135515, 1670028316.100864, 1670028343.0149012, 1670028355.674317, 1670028369.7530947, 1670028383.658119, 1670028397.5672655, 1670028411.5245452, 1670028439.7963254, 1670028453.1557171, 1670028465.7752538, 1670028479.7128587, 1670028493.753501, 1670028507.3906372, 1670028514.8476999, 1670028541.7818844, 1670028555.4937317, 1670028568.7992356, 1670028575.4611151, 1670028589.557222, 1670028599.1785219, 1670028604.3242252, 1670028615.1815748, 1670028623.4423265, 1670028651.5406957, 1670028665.959638, 1670028677.2107837, 1670028690.304451, 1670028704.2774205, 1670028711.3270488, 1670028722.4453163, 1670028728.863395, 1670028757.0654821, 1670028771.5573683, 1670028778.682336, 1670028792.7695537, 1670028803.9101274, 1670028812.4167483, 1670028818.0571053, 1670028826.7336526, 1670028831.8239489, 1670028836.7188377, 1670028849.3066268, 1670028872.1637566, 1670028879.1705577, 1670028893.6757755, 1670028898.0665426, 1670028906.4917474, 1670028918.65096, 1670028925.984221, 1670028939.7114549, 1670028953.9731798, 1670028982.164357, 1670028987.6736145, 1670029002.2122788, 1670029008.615261, 1670029011.472896, 1670029018.071443, 1670029023.0434828, 1670029027.6044278, 1670029033.2853105, 1670029036.61234, 1670029044.04419, 1670029051.6483319, 1670029055.4530203, 1670029062.154942, 1670029079.059935, 1670029084.3217094, 1670029091.2989044, 1670029098.069549, 1670029102.9641678, 1670029108.5432003, 1670029113.8468528, 1670029121.0620236, 1670029132.576818, 1670029136.9003704, 1670029141.491886, 1670029148.9608617, 1670029151.7651527, 1670029160.6611905, 1670029165.7968206, 1670029181.384101, 1670029188.0281303, 1670029192.189695, 1670029196.3004625, 1670029200.4547815, 1670029202.9634507, 1670029207.414048, 1670029214.398839, 1670029221.9570892, 1670029226.00868, 1670029232.0863216, 1670029235.725127, 1670029239.9793608, 1670029245.0457058, 1670029252.5599127, 1670029256.9552612, 1670029263.1039171, 1670029267.5809643, 1670029284.2451317, 1670029287.6421018, 1670029291.8655427, 1670029298.134527, 1670029302.4044151, 1670029306.9734657, 1670029316.1349103, 1670029319.6657183, 1670029322.3304515, 1670029325.828201, 1670029334.322012, 1670029336.9237022, 1670029341.6347349, 1670029345.338954, 1670029351.545582, 1670029358.2006617, 1670029360.5874796, 1670029371.1817927, 1670029389.6903484, 1670029394.9377708, 1670029401.3435578, 1670029406.3671262, 1670029411.144317, 1670029417.0893953, 1670029420.0692322, 1670029423.675208, 1670029428.4193149, 1670029433.582895, 1670029438.4390483, 1670029443.4994326, 1670029449.0263026, 1670029453.3646276, 1670029457.4464462, 1670029460.46627, 1670029470.662976, 1670029475.4022622, 1670029494.7208045, 1670029498.9139824, 1670029502.850236, 1670029504.9458857, 1670029508.2034593, 1670029512.992676, 1670029515.842142, 1670029517.9908094, 1670029520.8424823, 1670029526.7148166, 1670029528.6327324, 1670029532.0457845, 1670029535.628522, 1670029539.6597388, 1670029542.9466202, 1670029547.6588738, 1670029551.2538722, 1670029554.1307042, 1670029557.4135985, 1670029561.6374102, 1670029565.385628, 1670029570.462369, 1670029573.0723882, 1670029576.723316, 1670029579.4929783, 1670029595.7999094, 1670029600.3916633, 1670029602.8445928, 1670029605.226688, 1670029608.3775475, 1670029611.5391076, 1670029615.1421611, 1670029617.8561368, 1670029621.9835136, 1670029626.730828, 1670029629.6397593, 1670029632.3842738, 1670029636.5571487, 1670029639.0052822, 1670029642.083692, 1670029644.841374, 1670029650.6068864, 1670029653.5393403, 1670029656.556157, 1670029659.6129384, 1670029663.206416, 1670029666.6352677, 1670029669.425985, 1670029675.2728016, 1670029678.2846467, 1670029683.1336062, 1670029685.16483, 1670029701.3559957, 1670029705.3463092, 1670029707.86317, 1670029713.0658753, 1670029716.3372326, 1670029719.339138, 1670029722.1238973, 1670029725.069569, 1670029728.1690862, 1670029730.6452012, 1670029735.0050156, 1670029737.2959902, 1670029741.483783, 1670029745.1457386, 1670029747.662651, 1670029752.7190156, 1670029755.5302563, 1670029759.7738383, 1670029762.78177, 1670029765.7676387, 1670029769.4724534, 1670029772.2250373, 1670029775.8337705, 1670029778.8521025, 1670029784.6043928, 1670029802.71836, 1670029805.3123858, 1670029807.571003, 1670029810.9440815, 1670029814.0791068, 1670029818.9554636, 1670029822.1789606, 1670029824.4507182, 1670029828.070417, 1670029830.3158963, 1670029833.313665, 1670029837.0151052, 1670029840.637698, 1670029843.9209723, 1670029847.087906, 1670029849.9887915, 1670029852.7812967, 1670029856.308226, 1670029860.894011, 1670029864.4561937, 1670029867.287794, 1670029870.0607781, 1670029873.3795261, 1670029877.047601, 1670029882.7094615, 1670029886.1071978, 1670029890.0042255, 1670029908.7887743, 1670029911.401842, 1670029915.6184282, 1670029919.0022733, 1670029921.9413712, 1670029924.5726311, 1670029928.5563364, 1670029933.4498937, 1670029935.7879448, 1670029938.397815, 1670029940.9208155, 1670029943.4860594, 1670029948.0764563, 1670029950.6310463, 1670029956.678543, 1670029960.2077577, 1670029964.714384, 1670029969.7143295, 1670029973.148162, 1670029977.7472026, 1670029980.7824848, 1670029983.6290278, 1670029986.2334151, 1670029989.9547553, 1670029992.9040487, 1670029996.472332, 1670030014.96979, 1670030020.316541, 1670030024.095429, 1670030027.0426238, 1670030031.8548799, 1670030038.523302, 1670030040.5380583, 1670030046.1465063, 1670030051.7182152, 1670030057.1565506, 1670030060.0714874, 1670030064.644225, 1670030067.4546568, 1670030071.3458233, 1670030075.1122425, 1670030077.1061695, 1670030081.0159893, 1670030083.9012299, 1670030088.9769802, 1670030091.4609158, 1670030095.5862756, 1670030098.1673207, 1670030100.7106779], "episode_lengths": [150, 150, 150, 150, 150, 59, 109, 150, 150, 150, 150, 120, 150, 150, 150, 150, 150, 150, 150, 150, 150, 150, 150, 150, 150, 150, 150, 150, 150, 150, 150, 150, 150, 82, 150, 150, 150, 78, 150, 102, 54, 112, 86, 150, 150, 122, 150, 147, 74, 116, 64, 150, 150, 74, 150, 125, 92, 60, 91, 51, 50, 130, 80, 71, 150, 44, 89, 135, 81, 150, 150, 150, 56, 150, 67, 28, 69, 52, 50, 68, 38, 85, 90, 43, 77, 40, 56, 78, 73, 53, 59, 57, 79, 126, 49, 52, 86, 35, 105, 63, 32, 72, 44, 45, 44, 26, 49, 76, 83, 43, 65, 37, 47, 57, 84, 49, 69, 50, 51, 40, 48, 66, 46, 49, 100, 37, 28, 37, 92, 28, 52, 39, 69, 73, 26, 120, 65, 62, 78, 58, 54, 65, 32, 39, 52, 56, 53, 54, 59, 47, 44, 32, 111, 53, 71, 47, 43, 23, 37, 55, 31, 23, 34, 68, 21, 38, 38, 43, 35, 49, 38, 31, 35, 47, 40, 55, 27, 41, 29, 44, 53, 28, 26, 34, 34, 40, 30, 45, 53, 32, 32, 49, 27, 36, 28, 66, 32, 31, 32, 38, 36, 29, 62, 33, 53, 22, 37, 46, 29, 60, 36, 34, 31, 34, 33, 28, 49, 26, 45, 40, 28, 58, 32, 48, 33, 32, 40, 29, 40, 34, 63, 44, 29, 25, 38, 33, 57, 36, 25, 41, 23, 35, 41, 39, 36, 34, 32, 31, 38, 50, 40, 32, 31, 38, 42, 68, 39, 44, 46, 28, 44, 37, 31, 28, 46, 53, 26, 28, 28, 27, 53, 28, 68, 39, 49, 56, 38, 52, 35, 31, 27, 41, 34, 41, 40, 59, 40, 32, 50, 71, 21, 61, 63, 60, 34, 52, 31, 42, 42, 20, 42, 32, 58, 26, 46, 28, 27],