{"initial_reset_timestamp": 1669945236.784617, "timestamps": [1669945242.246799, 1669945242.4624004, 1669945242.8195686, 1669945243.1685166, 1669945243.4749515, 1669945243.6759744, 1669945244.0102654, 1669945247.0695968, 1669945247.3524435, 1669945247.6323733, 1669945247.9118013, 1669945248.1933725, 1669945248.4701164, 1669945248.748624, 1669945254.631979, 1669945257.4413226, 1669945261.3774168, 1669945266.3116214, 1669945271.6120024, 1669945277.0570922, 1669945287.1135561, 1669945292.4479692, 1669945297.8315597, 1669945302.1069994, 1669945306.1631296, 1669945311.3434203, 1669945316.6215217, 1669945326.5413556, 1669945331.8507087, 1669945337.1460326, 1669945342.3113725, 1669945346.7322547, 1669945351.4800937, 1669945356.0595436, 1669945364.9494467, 1669945370.5438437, 1669945372.5122406, 1669945377.0469525, 1669945380.510606, 1669945385.9380429, 1669945390.6841881, 1669945395.0081735, 1669945403.3559377, 1669945405.5118384, 1669945408.1118464, 1669945411.0693853, 1669945416.161587, 1669945419.632985, 1669945422.363973, 1669945426.0621042, 1669945428.505225, 1669945431.8600101, 1669945440.3645482, 1669945445.2409546, 1669945447.960315, 1669945452.9839146, 1669945456.4867225, 1669945458.3886666, 1669945460.1954808, 1669945464.2153063, 1669945469.7319868, 1669945480.7838109, 1669945486.3100016, 1669945487.190119, 1669945493.0934856, 1669945498.948291, 1669945501.2865994, 1669945507.6536663, 1669945514.0473905, 1669945519.9647274, 1669945532.5835745, 1669945537.6480966, 1669945540.580318, 1669945545.236038, 1669945551.2152083, 1669945557.0901043, 1669945561.9485178, 1669945563.5661933, 1669945566.779269, 1669945577.4025886, 1669945582.1652648, 1669945585.3662398, 1669945589.3544276, 1669945593.5772078, 1669945597.7842534, 1669945603.3964326, 1669945605.8022408, 1669945607.1453238, 1669945611.8722506, 1669945615.052342, 1669945623.5893037, 1669945626.4551225, 1669945627.4874468, 1669945629.003923, 1669945631.2122388, 1669945633.0198076, 1669945634.8592432, 1669945638.3934891, 1669945640.0463545, 1669945641.8599384, 1669945644.0081887, 1669945646.0862083, 1669945648.0872524, 1669945650.6296134, 1669945652.0364625, 1669945654.1894026, 1669945655.6818845, 1669945657.5497434, 1669945658.795649, 1669945660.8210444, 1669945662.6154304, 1669945670.1429186, 1669945671.864079, 1669945673.8856997, 1669945676.0224826, 1669945678.2731042, 1669945680.4940886, 1669945683.4695544, 1669945686.0293558, 1669945687.9526944, 1669945690.2883618, 1669945692.046429, 1669945695.6723824, 1669945696.8916361, 1669945697.9670668, 1669945702.1500542, 1669945703.468149, 1669945705.4613855, 1669945707.3770983, 1669945709.1029856, 1669945717.4911504, 1669945719.415732, 1669945720.6171684, 1669945722.7736187, 1669945724.3533256, 1669945726.6199644, 1669945728.5392487, 1669945730.0969355, 1669945731.3110855, 1669945732.9271538, 1669945734.7486522, 1669945736.1647897, 1669945737.2748153, 1669945739.3780181, 1669945740.9999723, 1669945742.8627572, 1669945744.2198935, 1669945746.266349, 1669945748.3590508, 1669945750.0225332, 1669945752.4073586, 1669945755.0154197, 1669945756.7342393, 1669945759.1350682, 1669945767.2522066, 1669945769.5482213, 1669945770.7785907, 1669945771.868291, 1669945772.9158094, 1669945774.1696548, 1669945776.1881127, 1669945777.7375815, 1669945779.591956, 1669945780.7738926, 1669945783.0403156, 1669945784.5629892, 1669945786.2629387, 1669945788.864865, 1669945790.5364418, 1669945792.1855845, 1669945793.7203794, 1669945795.446184, 1669945797.2472253, 1669945798.6002243, 1669945800.086099, 1669945803.1647713, 1669945805.5873923, 1669945813.6626024, 1669945815.615837, 1669945817.1904795, 1669945818.301175, 1669945819.946583, 1669945821.257213, 1669945823.7905169, 1669945825.0760434, 1669945826.52579, 1669945827.4307957, 1669945828.50299, 1669945829.8421085, 1669945831.2135875, 1669945832.3351965, 1669945833.9873092, 1669945836.2595346, 1669945838.6994984, 1669945840.2041385, 1669945840.7597528, 1669945842.2177753, 1669945844.360817, 1669945845.5865297, 1669945847.336689, 1669945848.945245, 1669945850.4101815, 1669945851.6960537, 1669945853.9177625, 1669945862.010917, 1669945863.330752, 1669945865.2837224, 1669945867.17051, 1669945868.7938468, 1669945871.4400423, 1669945872.4876993, 1669945874.1566706, 1669945876.242939, 1669945879.4072883, 1669945880.8498526, 1669945883.2288492, 1669945884.2162962, 1669945885.6591358, 1669945886.5179334, 1669945888.7309017, 1669945890.7243705, 1669945891.973157, 1669945893.6969543, 1669945895.0479438, 1669945896.4412124, 1669945897.814495, 1669945899.6237822, 1669945900.7839448, 1669945902.043759, 1669945903.2171812, 1669945912.1891813, 1669945913.0886173, 1669945914.624722, 1669945916.0414953, 1669945918.7371323, 1669945920.9886537, 1669945922.72802, 1669945924.1980906, 1669945926.8852868, 1669945930.1199293, 1669945931.5376558, 1669945933.1365368, 1669945935.4490547, 1669945936.9932127, 1669945938.8416045, 1669945941.4305606, 1669945942.963829, 1669945944.2099047, 1669945945.5416956, 1669945947.0243392, 1669945949.4287658, 1669945950.287994, 1669945961.5462494, 1669945962.3247097, 1669945964.2118556, 1669945965.9806533, 1669945967.5440085, 1669945969.3128192, 1669945970.7742128, 1669945972.9027128, 1669945975.3946497, 1669945976.6961882, 1669945977.817729, 1669945978.847134, 1669945980.3426228, 1669945981.9671137, 1669945983.6798587, 1669945984.7647252, 1669945986.304131, 1669945987.7478795, 1669945989.1683517, 1669945991.0533442, 1669945992.4401915, 1669945993.593142, 1669945995.016935, 1669945996.2529306, 1669945997.401535, 1669945999.1331003, 1669946000.1602948, 1669946001.9132845, 1669946002.9325929, 1669946010.2464664, 1669946011.2548494, 1669946012.7293804, 1669946013.9939032, 1669946015.5297282, 1669946016.9087358, 1669946018.2387726, 1669946019.5754843, 1669946020.6668265, 1669946022.069868, 1669946023.1475441, 1669946024.38928, 1669946025.340147, 1669946027.0401685, 1669946028.411241, 1669946029.8645914, 1669946031.3108237, 1669946033.0408409, 1669946035.5553198, 1669946037.0013013, 1669946038.4578848, 1669946040.0703084, 1669946041.635996, 1669946043.4480374, 1669946045.05126, 1669946046.2625735, 1669946047.2417607, 1669946048.3750453, 1669946050.2388809, 1669946052.1210058], "episode_lengths": [150, 150, 150, 150, 140, 73, 150, 94, 150, 150, 150, 150, 150, 150, 150, 150, 150, 150, 150, 150, 150, 150, 150, 150, 150, 150, 150, 150, 150, 150, 150, 150, 150, 129, 103, 150, 53, 126, 93, 150, 150, 150, 127, 62, 73, 85, 150, 102, 80, 109, 71, 94, 150, 150, 76, 150, 101, 54, 50, 117, 150, 150, 150, 22, 149, 150, 56, 150, 150, 150, 150, 120, 74, 116, 150, 148, 111, 39, 81, 100, 115, 77, 97, 103, 104, 150, 62, 29, 105, 78, 58, 66, 24, 34, 50, 39, 38, 81, 35, 40, 48, 51, 47, 60, 33, 54, 38, 48, 32, 53, 53, 42, 40, 48, 53, 55, 52, 69, 58, 43, 53, 40, 84, 27, 23, 98, 31, 47, 46, 41, 73, 53, 32, 55, 39, 54, 48, 38, 29, 37, 43, 31, 25, 50, 37, 43, 31, 46, 49, 38, 56, 59, 39, 56, 57, 62, 34, 29, 28, 33, 55, 42, 46, 28, 53, 37, 43, 63, 40, 37, 34, 39, 39, 28, 31, 68, 52, 35, 47, 34, 25, 42, 31, 63, 31, 35, 25, 29, 34, 31, 29, 43, 56, 56, 35, 13, 35, 53, 28, 39, 36, 32, 28, 51, 45, 29, 43, 45, 35, 59, 23, 35, 45, 72, 35, 57, 22, 33, 23, 58, 49, 32, 45, 34, 36, 33, 41, 24, 32, 28, 73, 20, 35, 31, 59, 48, 37, 30, 54, 70, 32, 36, 55, 35, 42, 56, 33, 31, 35, 39, 64, 21, 131, 21, 52, 43, 38, 43, 35, 45, 56, 28, 24, 22, 33, 37, 37, 24, 33, 31, 30, 41, 31, 25, 33, 27, 26, 38, 24, 41, 27, 31, 29, 42, 31, 35, 31, 29, 32, 25, 34, 26, 28, 21, 41, 33, 35, 31, 37, 55, 30, 30, 34, 33, 36, 34, 27, 21, 26, 43, 44],