{"initial_reset_timestamp": 1669942462.2735775, "timestamps": [1669942471.6347892, 1669942471.8578746, 1669942472.1897373, 1669942472.5077748, 1669942472.7403727, 1669942473.0650873, 1669942473.3694208, 1669942480.9512773, 1669942481.2699885, 1669942481.6027932, 1669942482.0046775, 1669942482.4124808, 1669942482.767117], "episode_lengths": [150, 150, 150, 150, 100, 150, 150, 150, 150, 150, 150, 150, 150], "episode_rewards": [-150.0, -150.0, -150.0, -150.0, -99.0, -150.0, -150.0, -150.0, -150.0, -150.0, -150.0, -150.0, -150.0], "episode_types": ["t", "t", "t", "t", "t", "t", "t", "t", "t", "t", "t", "t", "t", "t"]}