{"initial_reset_timestamp": 1669942464.2043438, "timestamps": [1669942466.3607924, 1669942467.1784887, 1669942468.0320256, 1669942468.8647614, 1669942469.729067, 1669942470.6457462, 1669942471.5692747, 1669942475.0269578, 1669942475.9264772, 1669942476.8171744, 1669942477.5517778, 1669942478.0170093, 1669942478.8253167, 1669942479.7395365, 1669942480.6976955, 1669942484.0574698, 1669942484.9800174, 1669942485.9324722, 1669942486.9200983, 1669942487.9503505, 1669942489.0003345, 1669942490.0416055, 1669942491.121346], "episode_lengths": [150, 150, 150, 150, 150, 150, 150, 150, 150, 150, 150, 66, 150, 150, 150, 54, 150, 150, 150, 150, 150, 150, 150], "episode_rewards": [-150.0, -150.0, -150.0, -150.0, -150.0, -150.0, -150.0, -150.0, -150.0, -150.0, -150.0, -65.0, -150.0, -150.0, -150.0, -53.0, -150.0, -150.0, -150.0, -150.0, -150.0, -150.0, -150.0], "episode_types": ["t", "t", "t", "t", "t", "t", "t", "t", "t", "t", "t", "t", "t", "t", "t", "t", "t", "t", "t", "t", "t", "t", "t"]}