{"initial_reset_timestamp": 1670035466.2629058, "timestamps": [1670035476.8525295, 1670035477.1177287, 1670035477.4789054, 1670035477.9099321, 1670035478.277277, 1670035478.6215289, 1670035486.7179906, 1670035487.109924, 1670035487.4450054, 1670035487.8072724, 1670035488.1544306, 1670035488.470738, 1670035488.7905269, 1670035501.5964484, 1670035509.5163214], "episode_lengths": [150, 150, 150, 150, 150, 150, 150, 150, 150, 150, 150, 150, 150, 150, 150], "episode_rewards": [-150.0, -150.0, -150.0, -150.0, -150.0, -150.0, -150.0, -150.0, -150.0, -150.0, -150.0, -150.0, -150.0, -150.0, -150.0], "episode_types": ["t", "t", "t", "t", "t", "t", "t", "t", "t", "t", "t", "t", "t", "t", "t", "t"]}