{"initial_reset_timestamp": 1670035468.754706, "timestamps": [1670035471.52578, 1670035472.4569252, 1670035473.1175253, 1670035474.0629334, 1670035474.8498254, 1670035475.8076622, 1670035476.7348337, 1670035480.6093585, 1670035481.579458, 1670035482.4926784, 1670035483.478633, 1670035484.0637517, 1670035484.8924584, 1670035485.724311, 1670035486.5634117, 1670035490.1569178, 1670035491.0899944, 1670035491.8315072, 1670035492.6801708, 1670035493.699243, 1670035494.7560906, 1670035495.7888064, 1670035496.7267487], "episode_lengths": [150, 150, 150, 150, 150, 150, 150, 150, 150, 150, 150, 66, 150, 150, 150, 54, 150, 150, 150, 150, 150, 150, 150], "episode_rewards": [-150.0, -150.0, -150.0, -150.0, -150.0, -150.0, -150.0, -150.0, -150.0, -150.0, -150.0, -65.0, -150.0, -150.0, -150.0, -53.0, -150.0, -150.0, -150.0, -150.0, -150.0, -150.0, -150.0], "episode_types": ["t", "t", "t", "t", "t", "t", "t", "t", "t", "t", "t", "t", "t", "t", "t", "t", "t", "t", "t", "t", "t", "t", "t"]}