{"initial_reset_timestamp": 1670033616.0458124, "timestamps": [1670033628.2369957, 1670033628.3744664, 1670033628.5246267, 1670033628.6604178, 1670033628.799763, 1670033629.0418875, 1670033629.262858, 1670033629.6205583, 1670033629.8120728, 1670033630.0196722, 1670033630.263974, 1670033630.4679701, 1670033630.6829596, 1670033630.9706786, 1670033631.1850686, 1670033631.3898702, 1670033631.6208696, 1670033631.8136318, 1670033632.0151541, 1670033632.257598, 1670033642.0154536, 1670033642.209711, 1670033642.4031875, 1670033642.7513592, 1670033642.9498672, 1670033643.1584554, 1670033643.3641863, 1670033643.5771334, 1670033643.779125, 1670033643.979957, 1670033644.200211, 1670033644.400824, 1670033644.616291, 1670033644.8106618, 1670033645.016035, 1670033645.2166657, 1670033645.623119, 1670033645.8299205, 1670033646.0347793, 1670033646.247132, 1670033657.0491753, 1670033659.4802303, 1670033661.8467822, 1670033663.962998, 1670033665.9291348, 1670033668.07741, 1670033670.2421272, 1670033671.755342, 1670033672.3680067, 1670033673.662632, 1670033675.5162709, 1670033676.4648018, 1670033677.351882, 1670033678.3928664, 1670033679.1048794, 1670033681.3681912, 1670033683.3665204, 1670033685.339214, 1670033686.5175374, 1670033688.1183324, 1670033690.4887617, 1670033691.5512476, 1670033693.1919749, 1670033694.0406413, 1670033695.001637, 1670033696.279795, 1670033697.8884282, 1670033699.7175817, 1670033711.6897054, 1670033712.390229, 1670033713.6526415, 1670033714.8953109, 1670033715.9460316, 1670033717.1953557, 1670033718.7569077, 1670033720.2620916, 1670033721.4160266, 1670033722.8482022, 1670033723.6742482, 1670033724.6236734, 1670033726.1082237, 1670033727.4093215, 1670033728.5397277, 1670033729.750273, 1670033730.3543508, 1670033731.3501484, 1670033733.2860875, 1670033734.3961363, 1670033735.3651583, 1670033737.7385728, 1670033740.1750865, 1670033741.0888984, 1670033743.0616364, 1670033745.359057, 1670033746.7511332, 1670033748.584724, 1670033750.0217795, 1670033752.062036, 1670033753.1514919, 1670033755.48483, 1670033758.1446822, 1670033769.9860923, 1670033771.0397754, 1670033773.5026884, 1670033775.815304, 1670033777.7878022, 1670033780.0469277, 1670033782.1926584, 1670033784.2986934, 1670033786.3726842, 1670033788.5618167, 1670033789.6050923, 1670033791.1760862, 1670033793.461562, 1670033795.9819825, 1670033798.3054724, 1670033800.8390234, 1670033803.0391395, 1670033804.825713, 1670033807.5126476, 1670033809.8338096, 1670033812.3065982, 1670033814.7735374, 1670033826.6543229, 1670033828.9918687, 1670033831.0633674, 1670033833.3818593, 1670033835.706541, 1670033838.134136, 1670033840.341267, 1670033842.5833135, 1670033845.2911637, 1670033847.638688, 1670033850.4315448, 1670033852.552426, 1670033854.6328216, 1670033857.3194802, 1670033859.3208368, 1670033861.08531, 1670033863.4809866, 1670033865.9748623, 1670033868.5715406, 1670033870.7791178, 1670033882.7779264, 1670033885.199383, 1670033887.593183, 1670033890.1501603, 1670033892.9711623, 1670033895.3651805, 1670033897.63877, 1670033899.7713854, 1670033901.347177, 1670033903.666452, 1670033905.1085045, 1670033907.731075, 1670033910.4059644, 1670033912.5596647, 1670033915.2542107, 1670033917.622217, 1670033920.0725095, 1670033922.5787222, 1670033925.1670852, 1670033927.6746848, 1670033930.2188616, 1670033942.2972553, 1670033945.0040557, 1670033947.650045, 1670033949.8883138, 1670033952.3752186, 1670033954.9690044, 1670033957.1996522, 1670033959.7589834, 1670033962.6149232, 1670033964.5187693, 1670033966.9665446, 1670033969.2260144, 1670033971.6461492, 1670033973.9214654, 1670033975.8062, 1670033977.999057, 1670033980.256874, 1670033982.6326818, 1670033985.0653892, 1670033987.5552063, 1670033999.763274, 1670034002.3468559, 1670034004.9818625, 1670034007.3937886, 1670034009.9286165, 1670034012.3490644, 1670034015.0484707, 1670034017.495746, 1670034020.224195, 1670034021.3636434, 1670034023.6311111, 1670034026.0007772, 1670034027.969238, 1670034030.6369522, 1670034033.5500913, 1670034036.295198, 1670034038.7386553, 1670034041.2089217, 1670034043.9251952, 1670034046.5046577, 1670034058.0047448, 1670034059.9977682, 1670034062.4798312, 1670034064.377923, 1670034066.172265, 1670034068.4740958, 1670034070.5999308, 1670034072.842182, 1670034075.288528, 1670034077.7162302, 1670034079.9760628, 1670034082.2374923, 1670034084.3762753, 1670034086.9519072, 1670034089.75667, 1670034092.3924804, 1670034094.783279, 1670034097.5132198, 1670034100.2005115, 1670034102.8319075, 1670034114.0327637, 1670034116.2154286, 1670034118.587054, 1670034120.910254, 1670034123.6093488, 1670034126.2309847, 1670034128.533643, 1670034130.5163176, 1670034132.726695, 1670034134.911382, 1670034137.5770957, 1670034139.8474383, 1670034142.1029043, 1670034144.5691829, 1670034147.0202155, 1670034149.5533202, 1670034151.919769, 1670034154.4599428, 1670034156.8547912, 1670034159.1844926, 1670034171.1899967, 1670034173.3725562, 1670034175.7875054, 1670034178.2578197, 1670034180.67873, 1670034182.901728, 1670034185.023622, 1670034187.3241613, 1670034189.7516208, 1670034192.1469321, 1670034194.203277, 1670034196.1781206, 1670034198.6309185, 1670034201.1130378, 1670034203.3951044, 1670034205.9199133, 1670034208.1921887, 1670034210.5453594, 1670034213.0665872, 1670034215.4413338, 1670034227.2858512, 1670034229.683694, 1670034232.5192082, 1670034234.9178603, 1670034237.273982, 1670034239.8921266, 1670034242.2214415, 1670034244.253929, 1670034246.5357404, 1670034248.8650212, 1670034251.194597, 1670034253.5391908, 1670034255.5193346, 1670034257.8937643, 1670034260.2912612, 1670034262.90704, 1670034265.1231935, 1670034267.535277, 1670034269.5186148, 1670034271.6927125, 1670034283.8661668, 1670034286.093931, 1670034288.2996812, 1670034290.9256272, 1670034293.6957245, 1670034296.1213381, 1670034298.692245, 1670034300.8572142, 1670034303.4052968, 1670034306.013368, 1670034308.5371368, 1670034310.9503336, 1670034313.0068529, 1670034315.2936842, 1670034318.0462978, 1670034320.6522148, 1670034323.0347188, 1670034325.5231762, 1670034327.9956248, 1670034330.5247662, 1670034343.0599232, 1670034345.4926863, 1670034348.0025036, 1670034350.4105132, 1670034352.7590969, 1670034355.1553445, 1670034357.5347323, 1670034360.1455948, 1670034362.492217, 1670034364.889541, 1670034367.574204, 1670034370.0820723, 1670034372.3678627, 1670034374.9409623, 1670034377.398113, 1670034380.0019703, 1670034382.2126062, 1670034384.799933, 1670034387.0836036, 1670034389.4423919, 1670034401.7735507, 1670034404.0257697, 1670034406.7628896, 1670034409.1008518, 1670034411.5561178, 1670034414.3753161, 1670034417.2198026, 1670034419.212524, 1670034421.680342, 1670034424.4052472, 1670034427.008963, 1670034429.844324, 1670034431.7629662, 1670034434.1898808, 1670034437.083142, 1670034439.4524465, 1670034441.9287784, 1670034443.9668925, 1670034446.2886887, 1670034448.49524, 1670034461.1460407, 1670034463.3044105, 1670034465.292824, 1670034467.5497735, 1670034469.885895, 1670034472.4812052, 1670034475.1579413, 1670034477.912968, 1670034480.5592833, 1670034482.8262036, 1670034484.8131633, 1670034487.253413, 1670034489.2994843, 1670034491.5698938, 1670034494.0278635, 1670034496.608334, 1670034499.0724602, 1670034501.451603, 1670034504.0371752, 1670034506.104745, 1670034517.8142946, 1670034519.7763028, 1670034522.1623049, 1670034524.3173916, 1670034526.723034, 1670034528.9062114, 1670034530.9769838, 1670034533.1003065, 1670034535.2567623, 1670034537.7424371, 1670034540.4563208, 1670034543.2042036, 1670034545.7989, 1670034548.0591953, 1670034550.299039, 1670034552.4179049, 1670034554.4209154, 1670034556.7916913, 1670034559.4614413, 1670034561.9121718, 1670034575.0454404, 1670034577.804179, 1670034580.0250063, 1670034582.5480013, 1670034584.8574307, 1670034586.9257197, 1670034589.2255564, 1670034592.0419118, 1670034594.5358415, 1670034596.8518357, 1670034599.0744731, 1670034601.239402, 1670034603.8092058, 1670034606.0994897, 1670034608.5270648, 1670034610.6331997, 1670034612.6671846, 1670034614.8746438, 