{"initial_reset_timestamp": 1670033618.6807077, "timestamps": [1670033620.588756, 1670033620.845995, 1670033621.155033, 1670033621.5814302, 1670033622.0201294, 1670033622.263009, 1670033622.6093063, 1670033623.0476332, 1670033623.4715195, 1670033623.8147328, 1670033624.1597242, 1670033624.5983224, 1670033625.2607405, 1670033625.5288212, 1670033625.917115, 1670033626.3441045, 1670033626.792199, 1670033627.3297677, 1670033627.7513692, 1670033628.2132277, 1670033633.792223, 1670033634.1033065, 1670033634.4555168, 1670033634.88626, 1670033635.3445783, 1670033635.884828, 1670033636.3424032, 1670033636.897531, 1670033637.6264253, 1670033638.0247133, 1670033638.3196099, 1670033638.6802087, 1670033639.131239, 1670033639.556097, 1670033639.955646, 1670033640.2913146, 1670033640.601738, 1670033641.0663602, 1670033641.443677, 1670033641.9338744, 1670033647.5534668, 1670033647.9954212, 1670033648.2321537, 1670033648.581385, 1670033649.0766435, 1670033649.556475, 1670033649.941871, 1670033650.3715544, 1670033650.761566, 1670033651.1708298, 1670033651.5449407, 1670033651.9003146, 1670033652.2634478, 1670033652.695092, 1670033653.1490674, 1670033653.571862, 1670033653.97302, 1670033654.1907947, 1670033654.6312337, 1670033655.060176, 1670033701.8020906, 1670033702.0131524, 1670033702.4623196, 1670033702.8088167, 1670033703.2875159, 1670033703.6966648, 1670033704.2603142, 1670033704.791638, 1670033705.165229, 1670033705.5912726, 1670033706.052159, 1670033706.5058186, 1670033706.8898633, 1670033707.2391596, 1670033707.5948741, 1670033707.9476538, 1670033708.3995924, 1670033708.8691134, 1670033709.2729084, 1670033709.8479388, 1670033710.2963443, 1670033761.5264955, 1670033762.010901, 1670033762.4678996, 1670033762.846627, 1670033763.273124, 1670033763.6959012, 1670033764.0012867, 1670033764.2920203, 1670033764.6331697, 1670033764.973816, 1670033765.2083688, 1670033765.7656503, 1670033766.1216938, 1670033766.5051064, 1670033766.8703496, 1670033767.1760561, 1670033767.9682112, 1670033768.4424946, 1670033768.9000545, 1670033769.1315186, 1670033769.4972038, 1670033817.606561, 1670033818.083261, 1670033818.4915318, 1670033818.8382776, 1670033819.0993943, 1670033819.4863925, 1670033819.9030273, 1670033820.2983785, 1670033820.6481879, 1670033821.2972622, 1670033821.8039365, 1670033822.2613168, 1670033822.6893222, 1670033823.1248908, 1670033823.3645241, 1670033823.7783785, 1670033824.1800056, 1670033824.6189833, 1670033825.1713598, 1670033825.5470893, 1670033825.7247903, 1670033873.8472266, 1670033874.2849867, 1670033874.7081466, 1670033875.1543171, 1670033875.7068436, 1670033876.030667, 1670033876.346024, 1670033876.7972286, 1670033877.2302928, 1670033877.5923865, 1670033878.0298018, 1670033878.487757, 1670033878.9667723, 1670033879.3868277, 1670033879.6489413, 1670033880.056074, 1670033880.5297554, 1670033881.0270543, 1670033881.508177, 1670033881.876546, 1670033882.3020802, 1670033933.0245068, 1670033933.4759626, 1670033933.9219234, 1670033934.3958843, 1670033934.8685718, 1670033935.3180962, 1670033935.6271963, 1670033935.8716898, 1670033936.2312543, 1670033936.505227, 1670033936.9525573, 1670033937.4713655, 1670033938.1194415, 1670033938.3017018, 1670033938.7691844, 1670033939.2046354, 1670033939.3935432, 1670033939.8143415, 1670033940.1772277, 1670033940.5464542, 1670033940.838507, 1670033990.408703, 1670033990.8385308, 1670033991.3168788, 1670033991.7045844, 1670033992.2253225, 1670033992.6061645, 1670033993.0638149, 1670033993.671807, 1670033994.158304, 1670033994.6099753, 1670033995.1147168, 1670033995.448655, 1670033995.866319, 1670033996.2723405, 1670033996.6327438, 1670033996.9874077, 1670033997.438015, 1670033997.905765, 1670033998.2308168, 1670033998.5191727, 1670033999.0412111, 1670034049.4554222, 1670034049.8973641, 1670034050.469526, 1670034050.809151, 1670034051.2771225, 1670034051.7279944, 1670034052.176437, 1670034052.570861, 1670034053.0322986, 1670034053.290864, 1670034053.622336, 1670034054.0384398, 1670034054.5071762, 1670034054.9315996, 1670034055.3181787, 1670034055.5883121, 1670034056.0331337, 1670034056.3763654, 1670034056.7993891, 1670034057.1872697, 1670034057.5152416, 1670034105.9402583, 1670034106.277272, 1670034106.7224076, 1670034106.9211502, 1670034107.287524, 1670034107.7415943, 1670034108.197435, 1670034108.6535637, 1670034109.1111922, 1670034109.4393363, 1670034109.8773851, 1670034110.3557088, 1670034110.7876744, 1670034111.3000975, 1670034111.7867298, 1670034112.180297, 1670034112.5907958, 1670034112.9894347, 1670034113.389409, 1670034113.6303594, 1670034162.511679, 1670034162.7757301, 1670034163.159077, 1670034163.6196618, 1670034163.9860938, 1670034164.500322, 1670034164.9638119, 1670034165.5767646, 1670034165.9527874, 1670034166.1928363, 1670034166.5416782, 1670034167.0011382, 1670034167.4897094, 1670034167.867208, 1670034168.3879626, 1670034168.7530565, 1670034169.1767504, 1670034169.5653224, 1670034169.8018646, 1670034170.2633471, 1670034170.8304403, 1670034218.529474, 1670034219.0044634, 1670034219.690755, 1670034220.183646, 1670034220.6142614, 1670034220.8230963, 1670034221.226083, 1670034221.5842273, 1670034221.9175053, 1670034222.2654479, 1670034222.6470642, 1670034223.1547205, 1670034223.6156926, 1670034223.8731916, 1670034224.316068, 1670034224.6781275, 1670034225.2289486, 1670034225.6597993, 1670034226.1086297, 1670034226.452843, 1670034226.8855062, 1670034275.022324, 1670034275.3795092, 1670034275.817177, 1670034276.113307, 1670034276.5042746, 1670034276.9664166, 1670034277.3342538, 1670034277.7958825, 1670034278.2326133, 1670034278.5066407, 1670034278.7633555, 1670034279.386458, 1670034279.8128765, 1670034280.2132974, 1670034280.612301, 1670034281.057295, 1670034281.545962, 1670034282.1717908, 1670034282.6378486, 1670034282.9831762, 1670034283.4372501, 1670034333.6918554, 1670034334.2509336, 1670034334.7784758, 1670034335.2643428, 1670034335.7734163, 1670034336.1846352, 1670034336.7967799, 1670034337.1181297, 1670034337.459742, 1670034337.6697156, 1670034338.1493979, 1670034338.5058804, 1670034338.985068, 1670034339.4901543, 1670034340.0194662, 1670034340.4388733, 1670034340.8563092, 1670034341.2970393, 1670034341.6941352, 1670034342.4601712, 1670034342.8781571, 1670034392.9464931, 1670034393.477349, 1670034393.8688793, 1670034394.3042803, 1670034394.7552514, 1670034395.1798038, 1670034395.431306, 1670034395.772184, 1670034396.2183788, 1670034396.4218316, 1670034396.8719668, 1670034397.2626278, 1670034397.8406756, 1670034398.3381073, 1670034398.9759016, 1670034399.3416767, 1670034399.767334, 1670034400.2813487, 1670034400.677518, 1670034401.0791285, 1670034401.4896934, 1670034451.6828814, 1670034452.0176117, 1670034452.469078, 1670034452.8295941, 1670034453.2574625, 1670034453.5826752, 1670034453.9170613, 1670034454.4139204, 1670034454.8793492, 1670034455.4458704, 1670034455.9214091, 1670034456.3690004, 1670034456.8331525, 1670034457.305522, 1670034457.721737, 1670034458.2911983, 1670034458.6794941, 1670034459.1504269, 1670034459.7197237, 1670034460.1431808, 1670034460.6760888, 1670034509.2278554, 1670034509.55308, 1670034510.0237174, 1670034510.5770614, 1670034511.043222, 1670034511.3753219, 1670034511.8754594, 1670034512.3110304, 1670034512.725584, 1670034513.0295672, 1670034513.346727, 1670034513.784484, 1670034514.039964, 1670034514.353835, 1670034514.9084342, 1670034515.2997077, 1670034515.8392324, 1670034516.1993065, 1670034516.784141, 1670034517.1560824, 1670034517.6382608, 1670034565.2943583, 1670034565.8261635, 1670034566.3286695, 1670034566.7894773, 1670034567.3319244, 1670034567.7132883, 1670034568.2458615, 1670034568.8011324, 1670034569.3030858, 1670034569.8121507, 1670034570.2150445, 1670034570.7993107, 1670034571.1946704, 1670034571.7738981, 1670034572.2306898, 1670034572.5587416, 1670034573.0333135, 1670034573.5235925, 1670034573.9582684, 1670034574.2209308, 1670034574.5847857, 1670034623.164442, 1670034623.4815104, 1670034623.7968807, 1670034624.253261, 1670034624.6760907, 1670034625.1086483, 