{"initial_reset_timestamp": 1670035445.3177278, "timestamps": [1670035447.7016575, 1670035448.4298842, 1670035449.3601973, 1670035450.3602319], "episode_lengths": [150, 150, 150, 150], "episode_rewards": [-150.0, -150.0, -150.0, -150.0], "episode_types": ["t", "t", "t", "t", "t"]}