{"initial_reset_timestamp": 1669940781.153722, "timestamps": [1669940788.170947, 1669940788.3519535, 1669940788.7291036, 1669940789.0737002, 1669940789.3895478, 1669940789.6994092, 1669940793.7396123, 1669940794.0344248, 1669940794.3253183, 1669940794.638415, 1669940794.947646, 1669940795.2500455, 1669940795.5512605, 1669940802.9451504, 1669940807.3844163, 1669940813.2603571, 1669940820.792947, 1669940828.4013765, 1669940836.0371103, 1669940843.1704285, 1669940856.8103778, 1669940863.3666592, 1669940869.409387, 1669940877.0894063, 1669940884.5012574, 1669940891.478444, 1669940904.9968054, 1669940911.9105527, 1669940919.025495, 1669940924.4392037, 1669940930.4851818, 1669940937.5029335, 1669940943.2115378, 1669940956.8874357, 1669940963.5286686, 1669940969.2706714, 1669940976.34311, 1669940982.1116552, 1669940987.529419, 1669940994.1592596, 1669941007.3421574, 1669941013.9276664, 1669941021.010747, 1669941028.5696855, 1669941036.0866838, 1669941039.4663007, 1669941044.0979226, 1669941047.1505263, 1669941058.6860485, 1669941064.9203508, 1669941071.9932814, 1669941075.850153, 1669941082.1927338, 1669941086.2724867, 1669941088.850825, 1669941093.1685495, 1669941097.6403437, 1669941100.6707027, 1669941110.480059, 1669941112.5861092, 1669941118.7856205, 1669941121.9157026, 1669941124.0399842, 1669941130.3484309, 1669941137.1893346, 1669941143.9383461, 1669941156.688408, 1669941163.0424235, 1669941166.6254742, 1669941171.8657987, 1669941175.141756, 1669941178.9764612, 1669941184.0742075, 1669941188.2418132, 1669941195.1094193, 1669941203.6356714, 1669941208.5674868, 1669941211.1420107, 1669941213.4482274, 1669941216.7762146, 1669941221.5244722, 1669941226.7847443, 1669941228.5951478, 1669941231.1410484, 1669941233.0863547, 1669941234.6683981, 1669941239.125516, 1669941240.1824164, 1669941242.252484, 1669941251.1860597, 1669941254.838409, 1669941257.1685338, 1669941258.3772078, 1669941260.2422564, 1669941263.6408055, 1669941267.2518833, 1669941269.9875681, 1669941273.2813601, 1669941279.8635952, 1669941283.677417, 1669941286.0170712, 1669941290.0694978, 1669941299.7530606, 1669941304.6876285, 1669941308.8417335, 1669941310.0747213, 1669941311.4905944, 1669941314.4870517, 1669941316.2000043, 1669941318.274619, 1669941320.7570324, 1669941323.3884573, 1669941324.5451279, 1669941327.0624926, 1669941333.7326646, 1669941335.1539621, 1669941336.726705, 1669941343.3203976, 1669941353.599647, 1669941357.9794285, 1669941360.044224, 1669941363.1589077, 1669941365.7772129, 1669941367.3844173, 1669941370.7480032, 1669941372.5126657, 1669941376.257203, 1669941380.3717346, 1669941382.7536788, 1669941385.7094626, 1669941388.6780608, 1669941391.4481869, 1669941400.3671508, 1669941402.212862, 1669941404.3021648, 1669941406.5281217, 1669941408.3489437, 1669941410.2646008, 1669941411.872757, 1669941413.384019, 1669941415.5553536, 1669941417.3840542, 1669941418.654842, 1669941420.3151584, 1669941421.517088, 1669941422.7111063, 1669941424.0138874, 1669941425.0441527, 1669941426.4808865, 1669941428.2059138, 1669941430.2179635, 1669941432.4435613, 1669941434.8402998, 1669941437.092195, 1669941438.7684774, 1669941439.6796548, 1669941448.9178483, 1669941451.4096146, 1669941453.6597915, 1669941454.784211, 1669941457.1509042, 1669941458.521314, 1669941460.185537, 1669941461.6904042, 1669941463.0287902, 1669941465.089552, 1669941467.805735, 1669941469.6722534, 1669941471.0916576, 1669941472.6053677, 1669941476.574005, 1669941477.8676748, 1669941478.8656912, 1669941481.1619163, 1669941482.253828, 1669941483.9513083, 1669941485.7964368, 1669941487.01933, 1669941488.6914945, 1669941497.6056883, 1669941499.3217075, 1669941501.387666, 1669941502.5431092, 1669941504.4155645, 1669941506.109236, 1669941508.4991276, 1669941511.5302866, 1669941512.8246887, 1669941513.729792, 1669941515.355549, 1669941517.4576967, 1669941519.18347, 1669941520.1491063, 1669941522.2459536, 1669941523.9469814, 1669941525.9352543, 1669941528.2975867, 1669941529.9133186, 1669941530.9358246, 1669941532.8352554, 1669941535.8177767, 1669941536.7546055, 1669941537.9700487, 1669941538.9530416, 1669941540.4375603, 1669941548.6880352, 1669941549.5068622, 1669941551.8027947, 1669941552.6044888, 1669941554.3467898, 1669941556.0376492, 1669941558.5094543, 1669941560.1379962, 1669941562.095596, 1669941563.8168504, 1669941565.2532568, 1669941568.910083, 1669941569.7126143, 1669941570.9683807, 1669941573.352827, 1669941575.1860125, 1669941576.975294, 1669941578.3097425, 1669941580.1514587, 1669941582.492671, 1669941584.8332458, 1669941585.8594558, 1669941587.4605553, 1669941588.7700362, 1669941591.77491, 1669941601.1818519, 1669941603.0332232, 1669941604.3320215, 1669941605.6480622, 1669941606.6935735, 1669941607.842298, 1669941609.0276308, 1669941609.8449507, 1669941611.1154704, 1669941612.40957, 1669941614.446806, 1669941616.4696395, 1669941618.8687663, 1669941620.0154927, 1669941621.1298988, 1669941622.6030393, 1669941624.5582101, 1669941625.8836958, 1669941628.022336, 1669941629.5035403, 1669941631.5647273, 1669941633.6262844, 1669941634.9011269, 1669941636.00321, 1669941637.0639663, 1669941638.7308295, 1669941640.2555125, 1669941650.051348, 1669941651.5422425, 1669941652.874286, 1669941654.2652593, 1669941655.6398425, 1669941657.3052518, 1669941658.8219736, 1669941660.5241854, 1669941663.3172588, 1669941664.6108832, 1669941666.2943954, 1669941667.7368677, 1669941668.8900592, 1669941670.497431, 1669941672.0466704, 1669941674.1231897, 1669941675.7991626, 1669941677.6544633, 1669941679.4431593, 1669941680.8055754, 1669941682.3618271, 1669941683.5549598, 1669941685.1500835, 1669941687.0254707, 1669941688.7994306, 1669941690.9628572, 1669941692.737654], "episode_lengths": [130, 150, 150, 150, 150, 150, 150, 150, 150, 150, 150, 150, 150, 150, 150, 150, 150, 150, 150, 150, 150, 150, 150, 150, 150, 150, 150, 150, 150, 150, 150, 150, 122, 150, 150, 126, 150, 150, 150, 150, 150, 150, 150, 150, 150, 73, 111, 82, 150, 130, 147, 81, 142, 89, 52, 92, 96, 78, 150, 51, 145, 65, 46, 132, 150, 150, 144, 150, 88, 150, 92, 100, 114, 91, 150, 62, 112, 50, 48, 73, 110, 118, 44, 65, 52, 40, 122, 25, 49, 68, 87, 46, 24, 38, 75, 75, 59, 72, 141, 85, 54, 94, 150, 143, 87, 24, 28, 62, 35, 42, 52, 56, 24, 54, 145, 28, 34, 150, 105, 134, 59, 86, 70, 36, 75, 37, 78, 88, 51, 66, 66, 65, 41, 47, 50, 54, 41, 42, 36, 37, 52, 46, 34, 47, 33, 33, 35, 28, 33, 46, 51, 50, 52, 52, 40, 20, 38, 54, 50, 24, 53, 31, 37, 33, 28, 44, 60, 41, 32, 34, 95, 28, 23, 59, 32, 53, 61, 37, 48, 38, 38, 47, 27, 43, 40, 55, 68, 28, 18, 33, 44, 35, 19, 43, 34, 43, 53, 37, 24, 43, 70, 22, 33, 24, 37, 46, 21, 64, 22, 47, 40, 59, 35, 41, 34, 28, 77, 13, 25, 49, 39, 38, 29, 40, 50, 49, 21, 35, 29, 69, 39, 41, 33, 35, 34, 35, 38, 26, 35, 33, 54, 50, 54, 26, 26, 34, 45, 30, 49, 33, 45, 45, 27, 25, 23, 39, 32, 38, 32, 26, 29, 30, 35, 35, 41, 70, 31, 41, 35, 28, 39, 47, 57, 43, 45, 41, 33, 35, 25, 31, 42, 40, 48, 40],