{"initial_reset_timestamp": 1670028560.7989092, "timestamps": [1670028564.737179, 1670028566.3971412, 1670028568.180108, 1670028569.883008, 1670028571.5547285, 1670028573.23524, 1670028575.0701826, 1670028580.169311, 1670028582.0942144, 1670028584.053932, 1670028586.0436666, 1670028587.1261246, 1670028589.0446963, 1670028591.0744143, 1670028593.0348153, 1670028596.9176161, 1670028598.852915, 1670028600.790301, 1670028602.766878, 1670028604.7032907, 1670028606.5811634, 1670028608.6133027, 1670028610.5356526, 1670028706.3293476, 1670028708.2970731, 1670028710.2853584, 1670028712.1619864, 1670028714.1680534, 1670028716.0832865, 1670028718.0276034, 1670028814.771495, 1670028816.6383693, 1670028818.4639375, 1670028820.43318, 1670028822.360479, 1670028824.2603252, 1670028826.2880833, 1670028923.8909404, 1670028925.6476612, 1670028927.4793606, 1670028929.353041, 1670028931.1434534, 1670028932.94436, 1670028934.7686543], "episode_lengths": [150, 150, 150, 150, 150, 150, 150, 150, 150, 150, 150, 66, 150, 150, 150, 54, 150, 150, 150, 150, 150, 150, 150, 150, 150, 150, 150, 150, 150, 150, 150, 150, 150, 150, 150, 150, 150, 150, 150, 150, 150, 150, 150, 150], "episode_rewards": [-150.0, -150.0, -150.0, -150.0, -150.0, -150.0, -150.0, -150.0, -150.0, -150.0, -150.0, -65.0, -150.0, -150.0, -150.0, -53.0, -150.0, -150.0, -150.0, -150.0, -150.0, -150.0, -150.0, -150.0, -150.0, -150.0, -150.0, -150.0, -150.0, -150.0, -150.0, -150.0, -150.0, -150.0, -150.0, -150.0, -150.0, -150.0, -150.0, -150.0, -150.0, -150.0, -150.0, -150.0], "episode_types": ["t", "t", "t", "t", "t", "t", "t", "t", "t", "t", "t", "t", "t", "t", "t", "t", "t", "t", "t", "t", "t", "t", "t", "t", "t", "t", "t", "t", "t", "t", "t", "t", "t", "t", "t", "t", "t", "t", "t", "t", "t", "t", "t", "t"]}