{"initial_reset_timestamp": 1670028557.906571, "timestamps": [1670028575.1612902, 1670028575.4653447, 1670028575.9115584, 1670028576.3531199, 1670028576.7169735, 1670028576.9204566, 1670028577.2506738, 1670028593.212349, 1670028593.5200126, 1670028593.9227405, 1670028594.3127565, 1670028594.7252634, 1670028595.0704794, 1670028611.6805296, 1670028626.0683775, 1670028639.6635835, 1670028653.3996003, 1670028667.8354852, 1670028681.6306334, 1670028694.9497128, 1670028724.0674663, 1670028738.5238624, 1670028752.0302343, 1670028766.397464, 1670028780.975227, 1670028793.8088934, 1670028807.103584, 1670028835.638689, 1670028849.2496607, 1670028862.4791543, 1670028867.5690577, 1670028871.5600898, 1670028885.9505508, 1670028892.3798044, 1670028906.7080035, 1670028911.985713, 1670028916.0473418, 1670028941.157415, 1670028955.621704, 1670028969.2083263, 1670028977.822364, 1670028984.0700204, 1670028998.6962607, 1670029006.0821574, 1670029020.407826], "episode_lengths": [150, 150, 150, 150, 150, 64, 150, 150, 150, 150, 150, 150, 150, 150, 150, 150, 150, 150, 150, 150, 150, 150, 150, 150, 150, 136, 150, 150, 141, 146, 52, 41, 150, 66, 150, 57, 46, 121, 150, 150, 92, 64, 150, 76, 150], "episode_rewards": [-150.0, -150.0, -150.0, -150.0, -150.0, -63.0, -150.0, -150.0, -150.0, -150.0, -150.0, -150.0, -150.0, -150.0, -150.0, -150.0, -150.0, -150.0, -150.0, -150.0, -150.0, -150.0, -150.0, -150.0, -150.0, -135.0, -150.0, -150.0, -140.0, -145.0, -51.0, -40.0, -150.0, -65.0, -150.0, -56.0, -45.0, -120.0, -150.0, -150.0, -91.0, -63.0, -150.0, -75.0, -150.0], "episode_types": ["t", "t", "t", "t", "t", "t", "t", "t", "t", "t", "t", "t", "t", "t", "t", "t", "t", "t", "t", "t", "t", "t", "t", "t", "t", "t", "t", "t", "t", "t", "t", "t", "t", "t", "t", "t", "t", "t", "t", "t", "t", "t", "t", "t", "t", "t"]}