{"initial_reset_timestamp": 1669940723.290474, "timestamps": [1669940727.1901932, 1669940727.4069653, 1669940727.7241077, 1669940728.0509632, 1669940728.354857, 1669940728.6410224, 1669940731.4514287, 1669940731.7399192, 1669940732.021903, 1669940732.3106084, 1669940732.593858, 1669940732.8743145, 1669940733.1685665], "episode_lengths": [150, 150, 150, 150, 150, 150, 150, 150, 150, 150, 150, 150, 150], "episode_rewards": [-150.0, -150.0, -150.0, -150.0, -150.0, -150.0, -150.0, -150.0, -150.0, -150.0, -150.0, -150.0, -150.0], "episode_types": ["t", "t", "t", "t", "t", "t", "t", "t", "t", "t", "t", "t", "t", "t"]}