{"initial_reset_timestamp": 1669940724.6425414, "timestamps": [1669940725.571528, 1669940725.825257, 1669940726.080657, 1669940726.3374865, 1669940726.595641, 1669940726.865143, 1669940727.127241, 1669940729.7746704, 1669940730.0145905, 1669940730.2510002, 1669940730.4719534, 1669940730.7166443, 1669940730.9319513, 1669940731.1710527, 1669940731.3807955, 1669940734.1430674, 1669940734.3972776, 1669940734.655075, 1669940734.923249, 1669940735.1890178, 1669940735.4746513, 1669940735.739955, 1669940736.0140176], "episode_lengths": [150, 150, 150, 150, 150, 150, 150, 150, 150, 150, 150, 66, 150, 150, 150, 54, 150, 150, 150, 150, 150, 150, 150], "episode_rewards": [-150.0, -150.0, -150.0, -150.0, -150.0, -150.0, -150.0, -150.0, -150.0, -150.0, -150.0, -65.0, -150.0, -150.0, -150.0, -53.0, -150.0, -150.0, -150.0, -150.0, -150.0, -150.0, -150.0], "episode_types": ["t", "t", "t", "t", "t", "t", "t", "t", "t", "t", "t", "t", "t", "t", "t", "t", "t", "t", "t", "t", "t", "t", "t"]}