{"initial_reset_timestamp": 1670010101.350288, "timestamps": [1670010112.9826965, 1670010113.194641, 1670010113.5564952, 1670010113.8877795, 1670010114.2402413, 1670010114.6555898, 1670010118.2723315, 1670010118.58424, 1670010118.9062538, 1670010119.2035081, 1670010119.4887338, 1670010119.7748744, 1670010120.0621839, 1670010128.5220406, 1670010132.2589302, 1670010140.4622965, 1670010147.2590327, 1670010156.2813694, 1670010166.1151865, 1670010175.8549728, 1670010191.4149184, 1670010198.1219783, 1670010206.5584552, 1670010213.747311, 1670010222.016968, 1670010231.3878014, 1670010253.6746917, 1670010268.626267, 1670010282.4793398, 1670010297.2044892, 1670010309.2229662, 1670010324.389813, 1670010338.8681118, 1670010361.2266653, 1670010373.1833732, 1670010382.4089904, 1670010387.2289395, 1670010397.3305187, 1670010410.7934825, 1670010415.1089046, 1670010417.6697645, 1670010419.6755195, 1670010436.9297655, 1670010442.4172437, 1670010448.950109, 1670010452.2427459, 1670010460.104925, 1670010463.8612394, 1670010473.9340756, 1670010476.5597746, 1670010485.5767813, 1670010496.5718029, 1670010524.7348053, 1670010534.5530524, 1670010548.5225875, 1670010554.2218153, 1670010561.4389884, 1670010564.918204, 1670010573.4647942, 1670010582.9131637, 1670010587.685234, 1670010603.7812142, 1670010616.9247317, 1670010630.3361034, 1670010641.0393927, 1670010648.245735, 1670010657.0080154, 1670010667.0110571, 1670010679.6551535, 1670010689.9996808, 1670010697.7643368, 1670010709.7937565, 1670010720.3329988, 1670010723.8811681, 1670010734.9341156, 1670010759.4670615, 1670010773.6466289, 1670010787.3140616, 1670010795.5332491, 1670010803.5992122, 1670010816.9941866, 1670010827.362835, 1670010831.3758693, 1670010839.3573656, 1670010858.5372832, 1670010871.2721224, 1670010877.3312402, 1670010885.208231, 1670010888.9385426, 1670010899.3385408, 1670010904.0734851, 1670010909.0585926, 1670010914.0665498, 1670010918.4294465, 1670010925.584499, 1670010932.6795282, 1670010946.747588, 1670010952.361485, 1670010960.2507231, 1670010968.6244705, 1670010970.0630903, 1670010974.8188972, 1670010981.3501184, 1670010983.532338, 1670010984.6123135, 1670010986.0180845, 1670010989.045214, 1670010994.7612586, 1670010998.513985, 1670011010.0523381, 1670011019.13346, 1670011021.9763277, 1670011025.4038436, 1670011033.0497305, 1670011036.50949, 1670011042.4156861, 1670011046.3290117, 1670011049.872468, 1670011062.9150605, 1670011070.1713235, 1670011077.9759448, 1670011082.8967488, 1670011103.8515244, 1670011108.562821, 1670011110.210191, 1670011113.6751997, 1670011117.8521492, 1670011120.189449, 1670011123.2594466, 1670011125.5436993, 1670011128.0277302, 1670011130.697936, 1670011133.9762082, 1670011137.7463458, 1670011139.3820195, 1670011140.5061455, 1670011142.7078755, 1670011144.728099, 1670011147.2506967, 1670011149.7436936, 1670011151.3822606, 1670011153.789571, 1670011156.1508238, 1670011158.9729383, 1670011168.600603, 1670011172.164152, 1670011176.0102246, 1670011180.235793, 1670011182.0029244, 1670011183.1766255, 1670011185.3149304, 1670011186.3163488, 1670011187.4860651, 1670011191.3892903, 1670011197.3683307, 1670011200.8484535, 1670011203.0488095, 1670011204.7219222, 1670011206.6381319, 1670011209.4089594, 1670011211.403865, 1670011212.9229732, 1670011214.2546883, 1670011215.76545, 1670011218.633202, 1670011220.2151496, 1670011222.4808922, 1670011225.923955, 1670011228.2455676, 1670011238.5608144, 1670011239.877862, 1670011240.9040015, 1670011243.5840974, 1670011245.7872162, 1670011248.4444237, 1670011250.4101496, 1670011252.5240114, 1670011255.5281212, 1670011258.0374112, 1670011259.1921859, 1670011260.0461612, 1670011262.0257368, 1670011263.2923465, 1670011264.6886578, 1670011265.462875, 1670011267.085372, 1670011271.1671953, 1670011272.7383034, 1670011274.8448274, 1670011276.5870948, 1670011278.5817475, 1670011280.0133371, 1670011281.83859, 1670011283.9219491, 1670011287.1723022, 1670011290.4797554, 1670011294.6843748, 1670011310.2668054, 1670011312.2227333, 1670011313.4983518, 1670011314.9565635, 1670011318.4097886, 1670011321.8781836, 1670011323.7066336, 1670011327.1049974, 1670011329.2322135, 1670011333.1652622, 1670011335.2608259, 1670011341.250829, 1670011346.58136, 1670011350.520814, 1670011355.078261, 1670011358.0262551, 1670011360.346285, 1670011362.9532948, 1670011367.1020422, 1670011371.4497037, 1670011376.0430348, 1670011380.2182925, 1670011383.470028, 1670011395.7863593, 1670011396.862865, 1670011398.646157, 1670011400.278909, 1670011401.9308112, 1670011403.199393, 1670011404.491294, 1670011406.6260564, 1670011408.530165, 1670011409.9409945, 1670011410.8291073, 1670011413.1439936, 1670011415.355931, 1670011417.4379094, 1670011419.285797, 1670011420.4754112, 1670011421.654961, 1670011424.5260677, 1670011428.7293932, 1670011430.760109, 1670011433.533693, 1670011435.345376, 1670011436.9861422, 1670011438.0928469, 1670011439.1879847, 1670011440.820617, 1670011442.923143, 1670011445.463082, 1670011447.146924, 1670011459.0737357, 1670011460.2169511, 1670011464.0997212, 1670011466.4989948, 1670011467.6295338, 1670011469.7439654, 1670011471.6409295, 1670011475.4672809, 1670011479.5268734, 1670011481.2299445, 1670011483.6980898, 1670011485.6145256, 1670011488.590281, 1670011492.6325085, 1670011496.268881, 1670011500.0246162, 1670011504.0964243, 1670011507.3951507, 1670011511.1503723, 1670011513.3223407, 1670011516.7682033, 1670011519.5950224, 1670011521.6826248, 1670011524.5897646, 1670011528.433793, 1670011530.7286413, 1670011535.708145], "episode_lengths": [150, 150, 150, 150, 150, 150, 150, 150, 150, 150, 150, 150, 150, 150, 150, 150, 150, 150, 150, 150, 150, 150, 149, 150, 150, 150, 150, 150, 150, 150, 150, 150, 150, 87, 150, 150, 65, 122, 150, 107, 63, 34, 143, 124, 83, 76, 114, 86, 150, 49, 93, 150, 150, 93, 150, 75, 150, 41, 92, 150, 110, 150, 150, 150, 130, 150, 150, 150, 150, 150, 124, 150, 109, 41, 150, 150, 150, 150, 150, 87, 150, 109, 41, 77, 81, 150, 80, 110, 60, 147, 62, 80, 60, 51, 101, 87, 69, 99, 84, 140, 34, 85, 93, 51, 26, 33, 61, 85, 94, 75, 150, 42, 38, 150, 37, 64, 37, 38, 150, 77, 93, 50, 79, 80, 42, 67, 60, 27, 51, 49, 49, 50, 40, 45, 39, 26, 52, 47, 32, 27, 27, 31, 27, 53, 63, 49, 48, 55, 42, 26, 53, 24, 29, 45, 84, 56, 50, 37, 26, 31, 33, 35, 30, 36, 35, 25, 27, 52, 27, 50, 33, 24, 49, 25, 43, 46, 26, 44, 48, 26, 19, 49, 30, 32, 18, 29, 47, 31, 49, 35, 35, 24, 38, 30, 45, 54, 55, 29, 26, 28, 34, 41, 44, 26, 80, 35, 48, 47, 63, 51, 37, 45, 34, 27, 30, 44, 47, 51, 42, 40, 61, 25, 40, 39, 37, 26, 27, 46, 41, 31, 19, 33, 25, 33, 45, 28, 28, 44, 62, 52, 33, 30, 21, 27, 29, 43, 34, 40, 30, 40, 27, 55, 27, 24, 46, 35, 48, 44, 23, 30, 44, 30, 46, 38, 36, 45, 38, 41, 26, 34, 40, 45, 32, 43, 26, 48],