{"initial_reset_timestamp": 1670032207.5274525, "timestamps": [1670032221.4706817, 1670032221.6158092, 1670032221.7882097, 1670032221.946979, 1670032222.0991786, 1670032222.3481085, 1670032222.5731676, 1670032223.002102, 1670032223.2035866, 1670032223.451732, 1670032223.7209077, 1670032223.9940922, 1670032224.2047927, 1670032224.4073634, 1670032224.6128156, 1670032224.8232174, 1670032225.0568693, 1670032225.25256, 1670032225.4678001, 1670032225.7061121, 1670032238.303403, 1670032238.5314033, 1670032238.735377, 1670032239.1473987, 1670032239.376373, 1670032239.5935452, 1670032239.8028753, 1670032240.0145626, 1670032240.225751, 1670032240.4486072, 1670032240.661851, 1670032240.8523607, 1670032241.0615063, 1670032241.279783, 1670032241.487692, 1670032241.6758904, 1670032242.0292976, 1670032242.235077, 1670032242.449324, 1670032242.6839964], "episode_lengths": [50, 50, 50, 50, 50, 50, 50, 50, 50, 50, 50, 50, 50, 50, 50, 50, 50, 50, 50, 50, 50, 50, 50, 50, 50, 50, 50, 50, 50, 50, 50, 50, 48, 50, 50, 50, 50, 50, 50, 50], "episode_rewards": [-50.0, -50.0, -50.0, -50.0, -50.0, -50.0, -50.0, -50.0, -50.0, -50.0, -50.0, -50.0, -50.0, -50.0, -50.0, -50.0, -50.0, -50.0, -50.0, -50.0, -50.0, -50.0, -50.0, -50.0, -50.0, -50.0, -50.0, -50.0, -50.0, -50.0, -50.0, -50.0, -47.0, -50.0, -50.0, -50.0, -50.0, -50.0, -50.0, -50.0], "episode_types": ["t", "t", "t", "t", "t", "t", "t", "t", "t", "t", "t", "t", "t", "t", "t", "t", "t", "t", "t", "t", "t", "t", "t", "t", "t", "t", "t", "t", "t", "t", "t", "t", "t", "t", "t", "t", "t", "t", "t", "t", "t"]}