{"initial_reset_timestamp": 1670032209.8203359, "timestamps": [1670032211.6628015, 1670032212.2241502, 1670032212.8201442, 1670032213.2232912, 1670032213.6844118, 1670032214.2761405, 1670032214.6191018, 1670032215.0981228, 1670032215.711574, 1670032216.3214173, 1670032216.8331113, 1670032217.1310306, 1670032217.762695, 1670032218.3900824, 1670032218.9831648, 1670032219.5261497, 1670032219.933353, 1670032220.3744245, 1670032220.9981928, 1670032221.4456756, 1670032227.3757617, 1670032227.7646308, 1670032228.2622466, 1670032228.8001673, 1670032229.2074783, 1670032229.6988206, 1670032230.3777199, 1670032231.0150661, 1670032231.8462627, 1670032232.5005586, 1670032233.1333022, 1670032233.7787697, 1670032234.3874252, 1670032234.7682939, 1670032235.3831136, 1670032236.034951, 1670032236.6481957, 1670032237.2259798, 1670032237.711593, 1670032238.214811, 1670032244.071387, 1670032244.521641, 1670032245.0720375, 1670032245.5353208, 1670032246.0510674, 1670032246.6768694, 1670032247.298525, 1670032247.933459, 1670032248.4782832, 1670032248.9882057, 1670032249.4890482, 1670032250.10227, 1670032250.7262826, 1670032251.2530649, 1670032251.6821554, 1670032252.2793941, 1670032252.8689446, 1670032253.505117, 1670032254.2752159, 1670032254.8942952], "episode_lengths": [50, 50, 50, 50, 50, 50, 50, 50, 50, 50, 50, 50, 50, 50, 50, 50, 50, 50, 50, 50, 50, 50, 50, 50, 50, 50, 50, 50, 50, 50, 50, 50, 50, 50, 50, 50, 50, 50, 50, 50, 50, 50, 50, 50, 50, 50, 50, 50, 50, 50, 50, 50, 50, 50, 50, 50, 50, 50, 50, 50], "episode_rewards": [-50.0, -50.0, -50.0, -50.0, -50.0, -50.0, -50.0, -50.0, -50.0, -50.0, -50.0, -50.0, -50.0, -50.0, -50.0, -50.0, -50.0, -50.0, -50.0, -50.0, -50.0, -50.0, -50.0, -50.0, -50.0, -50.0, -50.0, -50.0, -50.0, -50.0, -50.0, -50.0, -50.0, -50.0, -50.0, -50.0, -50.0, -50.0, -50.0, -50.0, -50.0, -50.0, -50.0, -50.0, -50.0, -50.0, -50.0, -50.0, -50.0, -50.0, -50.0, -50.0, -50.0, -50.0, -50.0, -50.0, -50.0, -50.0, -50.0, -50.0], "episode_types": ["t", "t", "t", "t", "t", "t", "t", "t", "t", "t", "t", "t", "t", "t", "t", "t", "t", "t", "t", "t", "t", "t", "t", "t", "t", "t", "t", "t", "t", "t", "t", "t", "t", "t", "t", "t", "t", "t", "t", "t", "t", "t", "t", "t", "t", "t", "t", "t", "t", "t", "t", "t", "t", "t", "t", "t", "t", "t", "t", "t"]}