{"initial_reset_timestamp": 1670031818.4973977, "timestamps": [1670031833.410361, 1670031833.5737078, 1670031833.735067, 1670031833.8962123, 1670031834.0601292, 1670031834.38821, 1670031834.6513867, 1670031835.0296674, 1670031835.231002, 1670031835.4286315, 1670031835.6548364, 1670031835.8591473, 1670031836.064164, 1670031836.2698228, 1670031836.4706225, 1670031836.6717079, 1670031836.869887, 1670031837.0632129, 1670031837.2812428, 1670031837.5410917, 1670031851.1602306, 1670031851.3651743, 1670031851.569929, 1670031851.9104064, 1670031852.1110528, 1670031852.3104706, 1670031852.5086942, 1670031852.702403, 1670031852.901086, 1670031853.1172252, 1670031853.3264194, 1670031853.5812738, 1670031853.8007553, 1670031854.0344102, 1670031854.255943, 1670031854.4549463, 1670031854.7899005, 1670031855.0055447, 1670031855.201669, 1670031855.4375422], "episode_lengths": [50, 50, 50, 50, 50, 50, 50, 50, 50, 50, 50, 50, 50, 50, 50, 50, 50, 50, 50, 50, 50, 50, 50, 50, 50, 50, 50, 50, 50, 50, 50, 50, 50, 50, 50, 50, 50, 50, 50, 50], "episode_rewards": [-50.0, -50.0, -50.0, -50.0, -50.0, -50.0, -50.0, -50.0, -50.0, -50.0, -50.0, -50.0, -50.0, -50.0, -50.0, -50.0, -50.0, -50.0, -50.0, -50.0, -50.0, -50.0, -50.0, -50.0, -50.0, -50.0, -50.0, -50.0, -50.0, -50.0, -50.0, -50.0, -50.0, -50.0, -50.0, -50.0, -50.0, -50.0, -50.0, -50.0], "episode_types": ["t", "t", "t", "t", "t", "t", "t", "t", "t", "t", "t", "t", "t", "t", "t", "t", "t", "t", "t", "t", "t", "t", "t", "t", "t", "t", "t", "t", "t", "t", "t", "t", "t", "t", "t", "t", "t", "t", "t", "t", "t"]}