{"initial_reset_timestamp": 1670031821.0064359, "timestamps": [1670031822.8849256, 1670031823.4707775, 1670031824.0991688, 1670031824.6095607, 1670031824.9910033, 1670031825.5147557, 1670031826.010409, 1670031826.452768, 1670031827.0622225, 1670031827.6963997, 1670031828.2867074, 1670031828.829274, 1670031829.5366673, 1670031829.9326084, 1670031830.580344, 1670031831.220942, 1670031831.8761833, 1670031832.3582168, 1670031832.762045, 1670031833.3830144, 1670031839.4569986, 1670031839.9866347, 1670031840.4416533, 1670031840.9772727, 1670031841.6228206, 1670031842.2677886, 1670031842.9854283, 1670031843.6071181, 1670031844.2924595, 1670031844.979218, 1670031845.689927, 1670031846.3968518, 1670031847.0623505, 1670031847.680715, 1670031848.108413, 1670031848.598238, 1670031849.231812, 1670031849.811092, 1670031850.4493809, 1670031851.0694833, 1670031856.6174047, 1670031857.0481162, 1670031857.5165973, 1670031857.953835, 1670031858.647394, 1670031859.2061508, 1670031859.8301067, 1670031860.2591002, 1670031860.5820465, 1670031861.17277, 1670031861.58831, 1670031861.9456708, 1670031862.4798195, 1670031862.907997, 1670031863.4034657, 1670031863.9835432, 1670031864.5965283, 1670031864.959125, 1670031865.5355532, 1670031866.0655792], "episode_lengths": [50, 50, 50, 50, 50, 50, 50, 50, 50, 50, 50, 50, 50, 50, 50, 50, 50, 50, 50, 50, 50, 50, 50, 50, 50, 50, 50, 50, 50, 50, 50, 50, 50, 50, 50, 50, 50, 50, 50, 50, 50, 50, 50, 50, 50, 50, 50, 50, 50, 50, 50, 50, 50, 50, 50, 50, 50, 50, 50, 50], "episode_rewards": [-50.0, -50.0, -50.0, -50.0, -50.0, -50.0, -50.0, -50.0, -50.0, -50.0, -50.0, -50.0, -50.0, -50.0, -50.0, -50.0, -50.0, -50.0, -50.0, -50.0, -50.0, -50.0, -50.0, -50.0, -50.0, -50.0, -50.0, -50.0, -50.0, -50.0, -50.0, -50.0, -50.0, -50.0, -50.0, -50.0, -50.0, -50.0, -50.0, -50.0, -50.0, -50.0, -50.0, -50.0, -50.0, -50.0, -50.0, -50.0, -50.0, -50.0, -50.0, -50.0, -50.0, -50.0, -50.0, -50.0, -50.0, -50.0, -50.0, -50.0], "episode_types": ["t", "t", "t", "t", "t", "t", "t", "t", "t", "t", "t", "t", "t", "t", "t", "t", "t", "t", "t", "t", "t", "t", "t", "t", "t", "t", "t", "t", "t", "t", "t", "t", "t", "t", "t", "t", "t", "t", "t", "t", "t", "t", "t", "t", "t", "t", "t", "t", "t", "t", "t", "t", "t", "t", "t", "t", "t", "t", "t", "t"]}