{"initial_reset_timestamp": 1669945235.4926481, "timestamps": [1669945241.6287706, 1669945241.8509946, 1669945242.1716976, 1669945242.4768677, 1669945242.766913, 1669945243.0444112, 1669945246.212775, 1669945246.4997315, 1669945246.7844408, 1669945247.0722628, 1669945247.355026, 1669945247.6351957, 1669945247.8883593, 1669945252.9569428, 1669945255.8008463, 1669945259.299497, 1669945263.4121547, 1669945268.7164764, 1669945274.1849062, 1669945279.7928958, 1669945290.127586, 1669945295.4819436, 1669945300.607223, 1669945304.6139188, 1669945309.5238392, 1669945314.7903657, 1669945324.9187222, 1669945330.1679237, 1669945335.5200994, 1669945340.7540932, 1669945345.1339405, 1669945349.2842188, 1669945354.058159, 1669945363.9217677, 1669945369.23335, 1669945372.165183, 1669945375.2136383, 1669945377.5270424, 1669945381.7408578, 1669945386.801196, 1669945391.0515018, 1669945399.5546908, 1669945404.4520667, 1669945407.1233003, 1669945410.4111173, 1669945412.2439106, 1669945417.0370982, 1669945422.2237318, 1669945423.048204, 1669945424.9016607, 1669945427.5819113, 1669945429.3291855, 1669945431.8473802, 1669945437.5276208, 1669945439.109834, 1669945440.8924344, 1669945442.5072422, 1669945444.0441024, 1669945445.8704648, 1669945447.0983713, 1669945448.323911, 1669945449.9535766, 1669945452.4880095, 1669945454.4720879, 1669945456.4188614, 1669945457.3351364, 1669945458.2158923, 1669945459.8935995, 1669945461.9039285, 1669945464.966677, 1669945466.9822714, 1669945469.639882, 1669945476.5178154, 1669945478.7712193, 1669945481.5101278, 1669945483.6758025, 1669945486.7301574, 1669945488.3923182, 1669945489.9893494, 1669945491.9672303, 1669945493.6302722, 1669945496.5103872, 1669945498.6125383, 1669945500.7023776, 1669945504.0493696, 1669945505.370885, 1669945509.2508285, 1669945512.001364, 1669945513.3715243, 1669945524.1494474, 1669945525.9403014, 1669945529.260103, 1669945533.4930992, 1669945536.605319, 1669945539.0222473, 1669945540.5902736, 1669945543.1252022, 1669945546.309552, 1669945548.7638316, 1669945552.5840995, 1669945555.2474139, 1669945558.7237647, 1669945560.6044636, 1669945564.0491428, 1669945572.5355732, 1669945575.0141118, 1669945576.7772055, 1669945580.6615217, 1669945582.238956, 1669945584.9481406, 1669945587.390995, 1669945590.2763999, 1669945592.1549604, 1669945593.9194014, 1669945595.6595862, 1669945597.476891, 1669945598.7335043, 1669945599.7739944, 1669945601.0392787, 1669945602.426141, 1669945603.5349128, 1669945604.8485467, 1669945606.1363022, 1669945608.4066021, 1669945612.8497248, 1669945621.0981448, 1669945623.5367146, 1669945627.626416, 1669945629.5344522, 1669945631.1422646, 1669945633.5789368, 1669945635.8442738, 1669945636.9819765, 1669945639.4828506, 1669945641.8398333, 1669945645.1388574, 1669945646.9696867, 1669945648.798593, 1669945650.0341387, 1669945651.860791, 1669945654.9628897, 1669945657.9901311, 1669945660.9402294, 1669945662.6289942, 1669945669.765839, 1669945671.6984184, 1669945673.5203445, 1669945676.0643733, 1669945678.5428636, 1669945680.5179248, 1669945686.129482, 1669945689.0382288, 1669945691.1793065, 1669945692.78162, 1669945694.3131313, 1669945695.5808918, 1669945696.9795704, 1669945698.9993703, 1669945701.849314, 1669945704.0770435, 1669945705.9198587, 1669945707.0160391, 1669945708.744434, 1669945710.4437523, 1669945717.1180055, 1669945718.0241807, 1669945719.8171504, 1669945722.2137866, 1669945723.4756427, 1669945725.321973, 1669945728.068039, 1669945729.8720915, 1669945731.2285867, 1669945732.492411, 1669945733.6409714, 1669945734.700643, 1669945735.72403, 1669945737.3296833, 1669945738.4734387, 1669945739.723854, 1669945741.379636, 1669945743.6298277, 1669945745.5993187, 1669945747.2554135, 1669945748.8378634, 1669945750.5787935, 1669945751.3606708, 1669945753.617553, 1669945754.9205124, 1669945756.4960086, 1669945759.9601667, 1669945767.6896474, 1669945768.983271, 1669945770.4731321, 1669945771.453725, 1669945772.8843772, 1669945774.3354018, 1669945775.696736, 1669945777.0487316, 1669945778.0028746, 1669945779.2027373, 1669945780.1353726, 1669945781.67376, 1669945783.0845697, 1669945784.1048589, 1669945785.2539237, 1669945786.152925, 1669945788.0152993, 1669945789.5867083, 1669945791.8040035, 1669945793.2319539, 1669945794.6519709, 1669945795.790516, 1669945798.0450706, 1669945800.51751, 1669945802.1246462, 1669945803.7808807, 1669945805.34823, 1669945807.231381, 1669945815.3377042, 1669945817.5508232, 1669945818.7247283, 1669945819.6244504, 1669945821.712851, 1669945823.2881584, 1669945824.7976987, 1669945826.0158072, 1669945827.1759334, 1669945828.4187148, 1669945829.3951805, 1669945831.8018124, 1669945833.6622303, 1669945835.0686564, 1669945836.40647, 1669945838.9474506, 1669945840.4446354, 1669945841.813846, 1669945842.8913677, 1669945843.9160357, 1669945845.0788946, 1669945846.2842774, 1669945847.5127983, 1669945848.6610513, 1669945849.7716455, 1669945850.644564, 1669945851.833804, 1669945853.582895, 1669945854.9215884, 1669945856.3539588, 1669945864.8073852, 1669945865.7525783, 1669945866.9440258, 1669945868.712064, 1669945869.8284316, 1669945872.257067, 1669945873.9724698, 1669945876.2300897, 1669945877.7557507, 1669945879.4894805, 1669945881.0409114, 1669945882.4208963, 1669945884.1363518, 1669945886.2510056, 1669945887.4041088, 1669945889.1128526, 1669945889.803996, 1669945891.370313, 1669945892.5986757, 1669945893.8976734, 1669945894.9199305, 1669945896.1613693, 1669945897.3767292, 1669945898.7862668, 1669945901.0140316, 1669945903.5042632, 1669945905.2828152, 1669945913.0638413, 1669945914.6773489, 1669945916.7157836, 1669945918.4607408, 1669945920.6681218, 1669945921.9948015, 1669945923.1084096, 1669945925.0714965, 1669945926.5628948, 1669945927.8630521, 1669945929.4531438, 1669945930.5025609, 1669945932.452867, 1669945934.1406095, 1669945935.483932, 1669945937.0930855, 1669945938.0515761, 1669945940.7619808, 1669945942.355741, 1669945944.390766, 1669945945.9711049, 1669945947.5356636, 1669945948.8875816, 1669945949.8711548, 1669945951.0324466, 1669945952.1203513, 1669945953.5276299, 1669945962.1115673, 1669945963.3166685, 1669945964.6962469, 1669945965.8740506, 1669945967.4694405, 1669945969.352018, 1669945971.150363, 1669945972.7230816, 1669945974.2343066, 1669945975.6783817, 1669945977.1182194, 1669945978.5758908, 1669945981.088766, 1669945982.849423, 1669945984.4570327, 1669945985.7471747, 1669945986.6390197, 1669945988.069289, 1669945989.58436, 1669945991.1721694, 1669945992.529167, 1669945994.0056906, 1669945995.5777228, 1669945996.6756692, 1669945998.288368, 1669945999.8588033, 1669946001.069541, 1669946002.6736763, 1669946003.6538515, 1669946004.6646497, 1669946012.7806144, 1669946014.4553232, 1669946015.9784741, 1669946017.9725838, 1669946019.1317353, 1669946020.575968, 1669946021.906664, 1669946023.734894, 1669946025.0150595, 1669946026.342408, 1669946027.2603316, 1669946028.567139, 1669946030.858896, 1669946032.1675441, 1669946033.3151855, 1669946035.1322203, 1669946036.7919016, 1669946038.1758468, 1669946039.1112707, 1669946040.3915548, 1669946041.7584074, 1669946043.1270115, 1669946044.6671166, 1669946045.929609, 1669946047.2187657, 1669946048.19457, 1669946049.4674191, 1669946050.833693, 1669946052.274014, 1669946053.3897147, 1669946054.5074995, 1669946055.91846],