{"initial_reset_timestamp": 1669930198.8489122, "timestamps": [1669930201.6284409, 1669930202.8759892, 1669930204.1168754, 1669930205.3131607, 1669930206.5278027, 1669930207.6873956, 1669930208.832875, 1669930212.3742433, 1669930213.5541852, 1669930214.6972554, 1669930215.8793147, 1669930216.5450387, 1669930217.7231553, 1669930218.9471874, 1669930220.1950228, 1669930223.223334, 1669930224.39738, 1669930225.566161, 1669930226.770299, 1669930228.0210278, 1669930229.25141, 1669930230.4768426, 1669930231.7484372], "episode_lengths": [150, 150, 150, 150, 150, 150, 150, 150, 150, 150, 150, 66, 150, 150, 150, 54, 150, 150, 150, 150, 150, 150, 150], "episode_rewards": [-150.0, -150.0, -150.0, -150.0, -150.0, -150.0, -150.0, -150.0, -150.0, -150.0, -150.0, -65.0, -150.0, -150.0, -150.0, -53.0, -150.0, -150.0, -150.0, -150.0, -150.0, -150.0, -150.0], "episode_types": ["t", "t", "t", "t", "t", "t", "t", "t", "t", "t", "t", "t", "t", "t", "t", "t", "t", "t", "t", "t", "t", "t", "t"]}