{"initial_reset_timestamp": 1669930196.74057, "timestamps": [1669930208.8991032, 1669930209.1106014, 1669930209.421366, 1669930209.7158782, 1669930210.007896, 1669930210.3005002, 1669930220.2668912, 1669930220.5494032, 1669930220.8279903, 1669930221.103539, 1669930221.380752, 1669930221.655872, 1669930221.9310725], "episode_lengths": [150, 150, 150, 150, 150, 150, 150, 150, 150, 150, 150, 150, 150], "episode_rewards": [-150.0, -150.0, -150.0, -150.0, -150.0, -150.0, -150.0, -150.0, -150.0, -150.0, -150.0, -150.0, -150.0], "episode_types": ["t", "t", "t", "t", "t", "t", "t", "t", "t", "t", "t", "t", "t", "t"]}