{"initial_reset_timestamp": 1669945466.30503, "timestamps": [1669945474.7358987, 1669945474.9500358, 1669945475.2765875, 1669945475.559412, 1669945475.8659248, 1669945476.1586552, 1669945482.4992363, 1669945482.800392, 1669945483.1057382, 1669945483.4102907, 1669945483.7110784, 1669945483.997937, 1669945484.2076528, 1669945491.3904476, 1669945497.3083096, 1669945503.5396466, 1669945510.0265028, 1669945516.4269288, 1669945522.7115324, 1669945529.2263787, 1669945541.6456902, 1669945547.4049199, 1669945549.404872, 1669945555.2722614, 1669945558.5177662, 1669945564.4200292, 1669945570.286386, 1669945576.5927358, 1669945585.9329326, 1669945592.2183604, 1669945598.330685, 1669945604.4709299, 1669945607.7379272, 1669945613.799808, 1669945618.5518136, 1669945624.7533817, 1669945637.4445033, 1669945641.1122727, 1669945644.6461258, 1669945651.0043797, 1669945657.0461109, 1669945662.6232371, 1669945667.001269, 1669945672.9836705, 1669945686.308672, 1669945690.6309671, 1669945696.1510782, 1669945702.8805497, 1669945704.79388, 1669945706.9057808, 1669945709.5164838, 1669945712.9158263, 1669945715.8065536, 1669945717.5461564, 1669945719.4935212, 1669945720.9831877, 1669945728.9379838, 1669945731.4031565, 1669945733.775319, 1669945737.5889513, 1669945740.341921, 1669945742.5146744, 1669945745.6492357, 1669945747.7978477, 1669945752.1078897, 1669945755.1270928, 1669945757.822368, 1669945758.6696246, 1669945760.6627824, 1669945762.3297436, 1669945764.5186672, 1669945766.3521721, 1669945767.6334605, 1669945769.0321734, 1669945777.9217029, 1669945779.2236536, 1669945780.617597, 1669945781.911948, 1669945785.2077081, 1669945788.9712062, 1669945791.3540556, 1669945792.4397542, 1669945794.0296865, 1669945797.0340922, 1669945799.107725, 1669945801.7574623, 1669945803.8167627, 1669945805.8585198, 1669945807.081216, 1669945808.5819602, 1669945810.5819542, 1669945812.035056, 1669945816.1231568, 1669945817.6015177, 1669945825.4998305, 1669945826.7937772, 1669945827.8650737, 1669945829.365736, 1669945831.6684694, 1669945833.1632082, 1669945834.7311578, 1669945836.1190379, 1669945837.3103669, 1669945839.094538, 1669945840.4696631, 1669945842.8333101, 1669945844.4179797, 1669945847.6430426, 1669945849.3586469, 1669945851.46633, 1669945852.948452, 1669945855.5056472, 1669945857.2908022, 1669945859.082038, 1669945861.583878, 1669945863.8417394, 1669945865.8443217, 1669945874.4843316, 1669945876.2880697, 1669945877.7373197, 1669945879.5118032, 1669945881.4629798, 1669945882.9981709, 1669945884.304873, 1669945886.5041587, 1669945888.088397, 1669945888.7977252, 1669945890.1270676, 1669945891.418062, 1669945892.8354754, 1669945894.2386665, 1669945895.4307775, 1669945896.697004, 1669945898.7195485, 1669945900.0729198, 1669945901.4083169, 1669945902.726351, 1669945904.2137432, 1669945905.909431, 1669945907.3511622, 1669945908.9276261, 1669945910.9126468, 1669945921.2926388, 1669945923.1923141, 1669945924.3566232, 1669945925.8110104, 1669945927.6525307, 1669945928.336776, 1669945929.7169523, 1669945932.092863, 1669945934.1520834, 1669945936.9620306, 1669945938.4297478, 1669945940.419209, 1669945943.6628885, 1669945944.737845, 1669945947.5379255, 1669945949.0825355, 1669945950.2389255, 1669945952.1996899, 1669945953.2133665, 1669945954.5140557, 1669945957.1183443, 1669945958.010886, 1669945959.204065, 1669945960.687925, 1669945969.1189423, 1669945970.5871303, 1669945972.0160236, 1669945973.6325452, 1669945974.807393, 1669945976.2636774, 1669945977.9727628, 1669945979.7980819, 1669945981.0126255, 1669945982.8270736, 1669945984.1765249, 1669945986.5014963, 1669945988.9576268, 1669945990.8261514, 1669945991.8452277, 1669945993.2352412, 1669945995.281748, 1669945996.5249987, 1669945998.0411322, 1669945999.405417, 1669946000.620004, 1669946002.8836923, 1669946004.243299, 1669946006.3692236, 1669946007.300279, 1669946009.26483, 1669946017.2006528, 1669946018.6197112, 1669946021.1521778, 1669946023.7860434, 1669946025.6020293, 1669946026.366068, 1669946027.864801, 1669946029.9849377, 1669946031.5614166, 1669946032.686426, 1669946033.644841, 1669946036.1471949, 1669946037.8879554, 1669946039.8699024, 1669946041.2791412, 1669946042.463059, 1669946044.807083, 1669946045.7748613, 1669946047.6011887, 1669946049.1055496, 1669946050.3443303, 1669946051.8066235, 1669946053.8309932, 1669946055.390102, 1669946056.6293569, 1669946057.9518416, 1669946065.7699425, 1669946066.8657038, 1669946068.0099437, 1669946069.5306087, 1669946070.623254, 1669946072.421945, 1669946073.8151817, 1669946075.3895671, 1669946077.105651, 1669946078.3338113, 1669946079.764867, 1669946080.8050797, 1669946081.7255476, 1669946082.9266207, 1669946084.2659063, 1669946085.224482, 1669946087.0949416, 1669946088.5506845, 1669946090.3594527, 1669946091.83193, 1669946093.146256, 1669946094.6963985, 1669946096.2889621, 1669946097.7835147, 1669946099.4121826, 1669946101.8302865, 1669946103.9068515, 1669946104.8955574, 1669946106.17846, 1669946108.7899773, 1669946117.8365617, 1669946118.6735096, 1669946120.34426, 1669946121.8509903, 1669946123.3442585, 1669946124.3872206, 1669946126.096922, 1669946127.3105326, 1669946128.4119132, 1669946129.6563563, 1669946131.101109, 1669946131.9189692, 1669946133.9526927, 1669946136.0926902, 1669946137.3934426, 1669946139.5632362, 1669946141.0518956, 1669946142.2846494, 1669946145.5945997, 1669946146.7116735, 1669946147.8194313, 1669946148.856551, 1669946150.7982185, 1669946152.9532738, 1669946154.0764475, 1669946155.0617976, 1669946156.7546444, 1669946158.4993234, 1669946159.5747013, 1669946168.9327507, 1669946170.528702, 1669946173.0604494, 1669946174.144614, 1669946175.6776137, 1669946177.814021, 1669946179.1938086, 1669946181.046084, 1669946182.5171947, 1669946183.7314427, 1669946184.4618442, 1669946185.2257054, 1669946186.079075, 1669946187.3423412, 1669946188.4739056, 1669946189.903196, 1669946191.0968053, 1669946192.709824, 1669946193.9195485, 1669946194.950811, 1669946197.7529366, 1669946199.2311254, 1669946200.963962, 1669946202.2518554, 1669946203.5568838, 1669946204.8237283, 1669946206.147033, 1669946207.6627655, 1669946209.1816018, 1669946218.641512, 1669946220.1891425, 1669946221.5569148, 1669946222.9142244, 1669946225.2730298, 1669946227.06828, 1669946228.4621754, 1669946230.5320108, 1669946231.7405584, 1669946233.5824738, 1669946234.9389682, 1669946235.7045026, 1669946237.5630522, 1669946238.5083616, 1669946240.15337, 1669946241.401925, 1669946242.3431613, 1669946243.5758908, 1669946244.8021734, 1669946246.3626933, 1669946247.466349, 1669946248.5145679, 1669946250.50196, 1669946251.8584225, 1669946252.9905865, 1669946253.9864347, 1669946255.4089382, 1669946256.3632338, 1669946257.938738, 1669946259.3738468, 1669946260.8359885, 1669946270.4661856, 1669946272.2229934, 1669946274.314914, 1669946276.2069602, 1669946277.4692168, 1669946279.2309887, 1669946280.3040128, 1669946281.6785011, 1669946283.165442, 1669946284.2663157, 1669946285.4967737, 1669946287.1500068, 1669946288.5584407, 1669946289.6951764, 1669946290.991564, 1669946292.1983054, 1669946293.5541112, 1669946294.991199, 1669946296.4552197, 1669946298.1394932, 1669946299.3725517, 1669946300.5781536, 1669946301.4645662, 1669946302.8520079, 1669946304.2491896, 1669946305.497039, 1669946306.2494922, 1669946307.6644652, 1669946308.7855823, 1669946310.1195433, 1669946311.9559994, 1669946313.3855908, 1669946322.1664863, 1669946323.4085596, 1669946324.5910685, 1669946325.5034466, 1669946327.1804194, 1669946329.0779552, 1669946330.5608184, 1669946332.3889215, 1669946333.5979605, 1669946334.9704938, 1669946337.0862324, 1669946338.1495914, 1669946339.0128984, 1669946340.4914458, 1669946342.0813806, 1669946343.7847276, 1669946345.5927103, 1669946346.8567371, 1669946348.3989398, 1669946349.8263855, 1669946351.3804276, 1669946353.189628, 1669946354.2700684, 1669946355.6317124, 1669946357.0643492, 1669946358.4939125, 1669946359.7874076, 1669946360.9804435, 1669946362.1447446, 1669946363.260136, 1669946365.0411825, 1669946365.8837383, 