{"initial_reset_timestamp": 1670110384.7920506, "timestamps": [1670110393.7221994, 1670110393.905186, 1670110394.2813616, 1670110394.5987856, 1670110394.9117558, 1670110395.2026737, 1670110395.5249534, 1670110395.8057947, 1670110396.170755, 1670110396.499543, 1670110402.4538188, 1670110402.780805, 1670110403.0860443, 1670110403.3502092, 1670110403.72345, 1670110404.0471578, 1670110404.3180952, 1670110404.642955, 1670110404.9651208, 1670110405.279539, 1670110414.846016, 1670110417.5193248, 1670110420.6282964, 1670110424.3931415, 1670110428.059229, 1670110431.8821561, 1670110435.808733, 1670110439.5048351, 1670110443.080548, 1670110447.0037763, 1670110456.5105627, 1670110459.9259124, 1670110463.4613485, 1670110467.0508296, 1670110470.9534457, 1670110474.1678658, 1670110477.8255525, 1670110481.5065355, 1670110482.8602078, 1670110486.6931653, 1670110496.3853037, 1670110498.8299956, 1670110501.5825791, 1670110503.1503534, 1670110507.0782356, 1670110510.7046866, 1670110514.142605, 1670110515.7820902, 1670110519.4141033, 1670110523.1129098, 1670110526.7923903, 1670110530.3054397, 1670110540.2413287, 1670110542.5614295, 1670110546.004409, 1670110549.1528556, 1670110552.83002, 1670110556.7786314, 1670110560.7384052, 1670110564.6250663, 1670110568.4445698, 1670110572.2622669, 1670110581.7466228, 1670110585.433075, 1670110589.031966, 1670110592.5009463, 1670110596.3799658, 1670110600.0002332, 1670110603.5716329, 1670110607.1315749, 1670110611.0715775, 1670110614.9269693, 1670110616.592985, 1670110626.5747688, 1670110630.2025084, 1670110633.69149, 1670110637.5017672, 1670110641.4394417, 1670110644.9953368, 1670110648.705989, 1670110652.4998446, 1670110656.2796628, 1670110659.8405, 1670110669.9811003, 1670110673.625958, 1670110677.269127, 1670110680.5793943, 1670110684.2522175, 1670110687.9941509, 1670110691.7386289, 1670110695.4078372, 1670110699.427813, 1670110703.1056807, 1670110712.9455376, 1670110716.5188637, 1670110719.466698, 1670110722.736592, 1670110726.4481936, 1670110730.3931296, 1670110733.9448893, 1670110737.3600156, 1670110741.3330393, 1670110744.858282, 1670110754.8089328, 1670110758.398996, 1670110761.9271538, 1670110765.418955, 1670110768.7162054, 1670110772.371593, 1670110776.127513, 1670110779.801033, 1670110783.366139, 1670110786.9980102, 1670110797.0509014, 1670110800.5617764, 1670110804.0860336, 1670110807.9945698, 1670110812.0333798, 1670110815.482273, 1670110819.270358, 1670110822.9883788, 1670110826.6451252, 1670110830.1975732, 1670110840.2801118, 1670110844.0489464, 1670110847.62705, 1670110851.0903606, 1670110854.7482042, 1670110858.6006126, 1670110862.3846557, 1670110866.3068304, 1670110869.8808067, 1670110873.5406418, 1670110883.5262263, 1670110887.000256, 1670110890.524965, 1670110894.2309656, 1670110897.8959732, 1670110901.6929805, 1670110905.416322, 1670110909.0441391, 1670110912.7152421, 1670110916.2941685, 1670110926.9807243, 1670110930.716853, 1670110934.8374536, 1670110938.7931666, 1670110942.487321, 1670110945.943748, 1670110949.4852784, 1670110953.0736725, 1670110956.6743464, 1670110960.499584, 1670110970.0031328, 1670110973.0035944, 1670110976.4642093, 1670110980.0059788, 1670110983.52521, 1670110986.9738827, 1670110990.472975, 1670110994.0215847, 1670110997.5205228, 1670111000.9919562, 1670111010.4246848, 1670111013.8513198, 1670111017.1884365, 1670111018.0648894, 1670111021.7654204, 1670111025.2498293, 1670111028.732397, 1670111032.18173, 1670111035.6975822, 1670111039.2418463, 1670111049.4534848, 1670111053.1862943, 1670111056.8362644, 1670111060.3617163, 1670111064.1309426, 1670111067.7382605, 1670111071.370086, 1670111074.8340385, 1670111078.3329713, 1670111081.7898285, 1670111091.7024224, 1670111095.1472208, 1670111098.8002434, 1670111102.143529, 1670111105.5999477, 1670111108.9515917, 1670111112.397124, 1670111115.96196, 1670111119.4872391, 1670111122.8971937, 1670111132.787461, 1670111136.2318711, 1670111139.765194, 1670111143.4235182, 1670111146.9301274, 1670111150.5031517, 1670111154.0650716, 1670111157.5607479, 1670111161.0991879, 1670111164.4700286, 1670111174.965049, 1670111178.4486268, 1670111181.941568, 1670111185.60129, 1670111189.1071186, 1670111192.673141, 1670111196.4891894, 1670111200.0582066, 1670111203.6222055, 1670111207.2968633, 1670111216.9466538, 1670111220.4354694, 1670111223.579675, 1670111227.2130084, 1670111231.0157986, 1670111234.4728498, 1670111238.10134, 1670111241.5678184, 1670111244.8980448, 1670111248.4526265, 1670111258.9218037, 1670111262.3832176, 1670111265.974946, 1670111269.5150323, 1670111273.317865, 1670111276.7746632, 1670111280.323421, 1670111283.823008, 1670111287.1888607, 1670111290.673003, 1670111300.7471619, 1670111304.3090262, 1670111307.8485153, 1670111311.3509314, 1670111314.860377, 1670111317.2409582, 1670111319.587741, 1670111323.0914998, 1670111326.57062, 1670111330.0728953, 1670111340.3988929, 1670111344.1251307, 1670111347.8789408, 1670111351.4759152, 1670111355.128617, 1670111358.5519135, 1670111362.008427, 1670111365.7036598, 1670111369.33182, 1670111372.991194, 1670111382.65563, 1670111386.1495526, 1670111389.8178794, 1670111393.3174667, 1670111396.9031568, 1670111400.3233352, 1670111403.8837745, 1670111407.4623888, 1670111411.14065, 1670111414.4934123, 1670111424.7819364, 1670111428.197535, 1670111431.6853228, 1670111435.177777, 1670111438.7230299, 1670111442.5980983, 1670111446.176261, 1670111449.7396905, 1670111453.2929814, 1670111456.8434944, 1670111467.342989, 1670111470.9875824, 1670111474.3168206, 1670111477.9339316, 1670111481.4635153, 1670111485.036328, 1670111488.6193895, 1670111492.1129177, 1670111495.7044477, 1670111499.325482, 1670111509.4740214, 1670111512.9604104, 1670111516.4646764, 1670111519.9579928, 1670111523.5561743, 1670111527.113614, 1670111530.6370673, 1670111534.2611008, 1670111537.8361716, 1670111541.3608797, 1670111552.0985456, 1670111555.7104251, 1670111559.2331188, 1670111562.979945, 1670111566.512616, 1670111570.040556, 1670111573.5437286, 1670111577.0765407, 1670111580.6896524, 1670111584.3465714, 1670111594.730493, 1670111598.1804535, 1670111601.7523973, 1670111605.165294, 1670111608.761757, 1670111612.2310567, 1670111615.6014087, 1670111617.6784675, 1670111620.423802, 1670111623.9572275, 1670111634.3480701, 1670111637.8484135, 1670111641.4700458, 1670111645.065599, 1670111648.5779357, 1670111652.0479677, 1670111655.794838, 1670111659.4090927, 1670111662.829607, 1670111666.4448957, 1670111676.3154256, 1670111679.7290554, 1670111683.2512195, 1670111686.903257, 1670111690.5981688, 1670111694.1800978, 1670111697.7600646, 1670111701.2910101, 1670111704.8340082, 1670111708.3089426, 1670111719.0143192, 1670111722.534437, 1670111725.4658952, 1670111728.9527342, 1670111732.5444415, 1670111735.9960728, 1670111739.724604, 1670111743.4597356, 1670111746.9477394, 1670111750.4013107, 1670111760.6418793, 1670111764.1565843, 1670111767.7899067, 1670111771.2681139, 1670111774.9199755, 1670111778.5229893, 1670111781.9849668, 1670111785.3260963, 1670111788.9294765, 1670111792.663817, 1670111802.5902734, 1670111806.0675108, 1670111809.509851, 1670111813.1665773, 1670111816.647791, 1670111820.056777, 1670111823.6498914, 1670111827.4582694, 1670111830.96839, 1670111834.5676506, 1670111844.861147, 1670111848.3138773, 1670111852.167325, 1670111855.9331765, 1670111859.4668114, 1670111863.093704, 1670111866.6536899, 1670111870.0795798, 1670111873.4722574, 1670111876.8669934, 1670111887.5851555, 1670111891.1229854, 1670111894.7138824, 1670111898.1332715, 1670111901.5439012, 1670111905.003235, 1670111908.6797576, 1670111912.0917737, 1670111915.544019, 1670111917.5090435, 1670111926.6815832, 1670111930.1703985, 1670111933.673999, 1670111937.3546107, 1670111940.8291728, 1670111944.3432622, 1670111948.0369081, 1670111951.5451214, 1670111955.0655282, 1670111958.6792505, 1670111969.313544, 1670111972.9088588, 1670111976.0404034, 1670111979.653261, 1670111983.20887, 1670111986.7979114, 1670111990.4139335, 1670111993.8817248, 1670111997.398734, 1670112000.9156103, 