{"initial_reset_timestamp": 1669941652.4626834, "timestamps": [1669941661.657933, 1669941661.878512, 1669941662.2100303, 1669941662.5553932, 1669941662.7454271, 1669941663.07157, 1669941663.4196603, 1669941670.3496728, 1669941670.6590664, 1669941671.0100784, 1669941671.3186176, 1669941671.6545296, 1669941671.9464054], "episode_lengths": [150, 150, 150, 150, 65, 150, 150, 150, 150, 150, 150, 150, 150], "episode_rewards": [-150.0, -150.0, -150.0, -150.0, -64.0, -150.0, -150.0, -150.0, -150.0, -150.0, -150.0, -150.0, -150.0], "episode_types": ["t", "t", "t", "t", "t", "t", "t", "t", "t", "t", "t", "t", "t", "t"]}