{"initial_reset_timestamp": 1669941654.4045353, "timestamps": [1669941656.5619667, 1669941657.473018, 1669941658.3341446, 1669941659.104041, 1669941659.943722, 1669941660.7268279, 1669941661.5776768, 1669941665.0905724, 1669941665.9062858, 1669941666.6904612, 1669941667.5252306, 1669941667.9834995, 1669941668.7021403, 1669941669.417782, 1669941670.1531959, 1669941673.459016, 1669941674.20004, 1669941674.9775503, 1669941675.7631986, 1669941676.5777743, 1669941677.4261374, 1669941678.2589495, 1669941679.171746], "episode_lengths": [150, 150, 150, 150, 150, 150, 150, 150, 150, 150, 150, 66, 150, 150, 150, 54, 150, 150, 150, 150, 150, 150, 150], "episode_rewards": [-150.0, -150.0, -150.0, -150.0, -150.0, -150.0, -150.0, -150.0, -150.0, -150.0, -150.0, -65.0, -150.0, -150.0, -150.0, -53.0, -150.0, -150.0, -150.0, -150.0, -150.0, -150.0, -150.0], "episode_types": ["t", "t", "t", "t", "t", "t", "t", "t", "t", "t", "t", "t", "t", "t", "t", "t", "t", "t", "t", "t", "t", "t", "t"]}