{"initial_reset_timestamp": 1670032950.5442708, "timestamps": [1670032965.532437, 1670032965.7161744, 1670032965.8853571, 1670032966.0398467, 1670032966.2004428, 1670032966.4463308, 1670032966.6749995, 1670032967.0766895, 1670032967.2920346, 1670032967.5296996, 1670032967.7764657, 1670032968.0076368, 1670032968.2288191, 1670032968.4365609, 1670032968.6399276, 1670032968.8638513, 1670032969.0611832, 1670032969.2708, 1670032969.4840703, 1670032969.6857874, 1670032981.3672838, 1670032981.6728356, 1670032981.9410505, 1670032982.389892, 1670032982.6113353, 1670032982.8399823, 1670032983.06088, 1670032983.298096, 1670032983.5473938, 1670032983.7859943, 1670032984.0630183, 1670032984.3305762, 1670032984.5311425, 1670032984.7348793, 1670032984.950513, 1670032985.1684334, 1670032985.6094728, 1670032985.8142118, 1670032986.0185554, 1670032986.227241, 1670032999.2204182, 1670033002.3309658, 1670033005.183216, 1670033007.8808572, 1670033010.7751164, 1670033013.741926, 1670033016.8738198, 1670033019.933488, 1670033022.67764, 1670033025.4653375, 1670033028.283033, 1670033031.249556, 1670033033.9330974, 1670033035.831567, 1670033038.0502598, 1670033040.8759983, 1670033042.953512, 1670033044.3574362, 1670033045.9071305, 1670033047.4452248, 1670033049.69578, 1670033051.5732853, 1670033052.9742405, 1670033054.2008305, 1670033068.449173, 1670033069.042314, 1670033071.23659, 1670033072.6274505, 1670033073.997101, 1670033075.279593, 1670033076.6187637, 1670033077.7321534, 1670033079.4369438, 1670033081.0106013, 1670033082.3248093, 1670033083.9687474, 1670033085.0351434, 1670033086.054504, 1670033087.0808742, 1670033087.8367841, 1670033089.2001476, 1670033090.19477, 1670033091.8871748, 1670033093.3272796, 1670033095.604863, 1670033098.3748994, 1670033101.212554, 1670033102.5443728, 1670033104.0155044, 1670033105.2311769, 1670033106.6333485, 1670033108.2040272, 1670033109.4449358, 1670033111.186924, 1670033112.7905195, 1670033115.481799, 1670033117.4089942, 1670033118.7197719, 1670033119.616955, 1670033121.6232815, 1670033122.8869936, 1670033135.3382077, 1670033136.954396, 1670033137.7484279, 1670033138.8149836, 1670033139.8457067, 1670033142.7195125, 1670033143.4676816, 1670033144.2389317, 1670033145.8152945, 1670033147.3291, 1670033149.7561047, 1670033151.404049, 1670033152.8225746, 1670033153.9182537, 1670033155.6097157, 1670033158.1344717, 1670033159.2151787, 1670033160.522699, 1670033162.585496, 1670033163.5058205, 1670033164.260164, 1670033166.6782334, 1670033168.5587144, 1670033170.1920934, 1670033172.88455, 1670033174.3333082, 1670033176.731329, 1670033177.6112869, 1670033179.4144258, 1670033180.863654, 1670033182.643222, 1670033184.2751055, 1670033186.702331, 1670033187.7909603, 1670033200.342766, 1670033201.2097216, 1670033203.639386, 1670033204.8650372, 1670033207.0490143, 1670033207.8396518, 1670033209.0119555, 1670033210.0445864, 1670033210.8839808, 1670033212.6486597, 1670033214.547576, 1670033216.3665204, 1670033217.7483785, 1670033218.8170936, 1670033219.8781595, 1670033221.2694857, 1670033222.2618532, 1670033223.6716957, 1670033224.8659766, 1670033226.518822, 1670033228.36737, 1670033229.4918697, 1670033231.5150583, 1670033233.1276803, 1670033234.2260802, 1670033236.057394, 1670033238.4706454, 1670033241.4440093, 1670033242.167334, 1670033244.5736542, 1670033246.8406076, 1670033249.106553], "episode_lengths": [50, 50, 50, 50, 50, 50, 50, 50, 50, 50, 50, 50, 50, 50, 36, 50, 50, 50, 50, 50, 50, 50, 50, 50, 50, 50, 50, 50, 50, 50, 50, 50, 50, 50, 50, 50, 50, 50, 50, 50, 50, 50, 50, 50, 50, 50, 50, 50, 50, 50, 50, 50, 50, 30, 39, 50, 34, 24, 24, 27, 40, 32, 22, 19, 42, 10, 41, 25, 18, 21, 21, 17, 37, 30, 22, 34, 18, 22, 19, 12, 25, 18, 27, 25, 40, 50, 47, 20, 27, 20, 25, 29, 20, 32, 32, 41, 30, 23, 14, 41, 24, 35, 30, 16, 21, 20, 50, 14, 17, 30, 30, 50, 31, 25, 19, 32, 50, 16, 24, 43, 18, 12, 48, 33, 29, 45, 24, 41, 14, 34, 26, 31, 26, 50, 18, 30, 19, 43, 22, 39, 17, 23, 19, 21, 38, 43, 37, 24, 18, 21, 29, 18, 25, 20, 31, 35, 20, 37, 27, 19, 29, 45, 49, 15, 41, 40, 39], "episode_rewards": [-50.0, -50.0, -50.0, -50.0, -50.0, -50.0, -50.0, -50.0, -50.0, -50.0, -50.0, -50.0, -50.0, -50.0, -35.0, -50.0, -50.0, -50.0, -50.0, -50.0, -50.0, -50.0, -50.0, -50.0, -50.0, -50.0, -50.0, -50.0, -50.0, -50.0, -50.0, -50.0, -50.0, -50.0, -50.0, -50.0, -50.0, -50.0, -50.0, -50.0, -50.0, -50.0, -50.0, -50.0, -50.0, -50.0, -50.0, -50.0, -50.0, -50.0, -50.0, -50.0, -50.0, -29.0, -38.0, -50.0, -33.0, -23.0, -23.0, -26.0, -39.0, -31.0, -21.0, -18.0, -41.0, -9.0, -40.0, -24.0, -17.0, -20.0, -20.0, -16.0, -36.0, -29.0, -21.0, -33.0, -17.0, -21.0, -18.0, -11.0, -24.0, -17.0, -26.0, -24.0, -39.0, -50.0, -46.0, -19.0, -26.0, -19.0, -24.0, -28.0, -19.0, -31.0, -31.0, -40.0, -29.0, -22.0, -13.0, -40.0, -23.0, -34.0, -29.0, -15.0, -20.0, -19.0, -50.0, -13.0, -16.0, -29.0, -29.0, -50.0, -30.0, -24.0, -18.0, -31.0, -50.0, -15.0, -23.0, -42.0, -17.0, -11.0, -47.0, -32.0, -28.0, -44.0, -23.0, -40.0, -13.0, -33.0, -25.0, -30.0, -25.0, -50.0, -17.0, -29.0, -18.0, -42.0, -21.0, -38.0, -16.0, -22.0, -18.0, -20.0, -37.0, -42.0, -36.0, -23.0, -17.0, -20.0, -28.0, -17.0, -24.0, -19.0, -30.0, -34.0, -19.0, -36.0, -26.0, -18.0, -28.0, -44.0, -48.0, -14.0, -40.0, -39.0, -38.0], "episode_types": ["t", "t", "t", "t", "t", "t", "t", "t", "t", "t", "t", "t", "t", "t", "t", "t", "t", "t", "t", "t", "t", "t", "t", "t", "t", "t", "t", "t", "t", "t", "t", "t", "t", "t", "t", "t", "t", "t", "t", "t", "t", "t", "t", "t", "t", "t", "t", "t", "t", "t", "t", "t", "t", "t", "t", "t", "t", "t", "t", "t", "t", "t", "t", "t", "t", "t", "t", "t", "t", "t", "t", "t", "t", "t", "t", "t", "t", "t", "t", "t", "t", "t", "t", "t", "t", "t", "t", "t", "t", "t", "t", "t", "t", "t", "t", "t", "t", "t", "t", "t", "t", "t", "t", "t", "t", "t", "t", "t", "t", "t", "t", "t", "t", "t", "t", "t", "t", "t", "t", "t", "t", "t", "t", "t", "t", "t", "t", "t", "t", "t", "t", "t", "t", "t", "t", "t", "t", "t", "t", "t", "t", "t", "t", "t", "t", "t", "t", "t", "t", "t", "t", "t", "t", "t", "t", "t", "t", "t", "t", "t", "t", "t", "t", "t", "t", "t", "t", "t"]}