{"initial_reset_timestamp": 1670032953.2218714, "timestamps": [1670032955.6688907, 1670032956.1192012, 1670032956.5558748, 1670032957.190099, 1670032957.8293903, 1670032958.485268, 1670032959.1184444, 1670032959.5462606, 1670032959.9582176, 1670032960.537971, 1670032961.19347, 1670032961.6202126, 1670032962.173273, 1670032962.7217708, 1670032963.2642877, 1670032963.6766307, 1670032964.0296717, 1670032964.6490765, 1670032965.101975, 1670032965.4987757, 1670032971.5346463, 1670032972.2069848, 1670032972.8161159, 1670032973.206787, 1670032973.703714, 1670032974.332833, 1670032974.8533773, 1670032975.2961872, 1670032975.7626078, 1670032976.3477058, 1670032976.9099405, 1670032977.4330354, 1670032977.7786326, 1670032978.303368, 1670032978.735893, 1670032979.1165097, 1670032979.644606, 1670032980.209869, 1670032980.7824168, 1670032981.2868748, 1670032987.8170452, 1670032988.2983081, 1670032988.6668077, 1670032989.2397084, 1670032989.921404, 1670032990.450642, 1670032991.1203282, 1670032991.5786757, 1670032991.9337063, 1670032992.4426634, 1670032992.9375415, 1670032993.246555, 1670032993.7783613, 1670032994.413615, 1670032994.972473, 1670032995.426392, 1670032995.8571072, 1670032996.4788883, 1670032997.0543246, 1670032997.4044497, 1670033057.2253597, 1670033057.823088, 1670033058.4356575, 1670033058.9168074, 1670033059.2988205, 1670033059.882887, 1670033060.5034924, 1670033060.955784, 1670033061.310642, 1670033061.9208112, 1670033062.5613108, 1670033063.1460326, 1670033063.5469074, 1670033063.9093788, 1670033064.5410626, 1670033064.8834434, 1670033065.3485703, 1670033065.965452, 1670033066.549183, 1670033067.1067324, 1670033067.6154225, 1670033125.4066598, 1670033125.818828, 1670033126.18081, 1670033126.630417, 1670033127.0143857, 1670033127.311126, 1670033127.9043581, 1670033128.537692, 1670033129.1361232, 1670033129.592319, 1670033130.1130342, 1670033130.3682988, 1670033130.9028149, 1670033131.3117046, 1670033131.58573, 1670033131.9862103, 1670033132.361063, 1670033132.837572, 1670033133.347266, 1670033133.8044257, 1670033134.2506404, 1670033134.8651059, 1670033190.5963385, 1670033191.133757, 1670033191.7691996, 1670033192.3539317, 1670033192.8893273, 1670033193.4300394, 1670033193.9714544, 1670033194.5193925, 1670033195.0127888, 1670033195.8000329, 1670033196.25644, 1670033196.6905437, 1670033197.0171237, 1670033197.5978673, 1670033198.115819, 1670033198.5075827, 1670033198.929136, 1670033199.3730087, 1670033199.7704022, 1670033200.0524812], "episode_lengths": [50, 50, 50, 50, 50, 50, 50, 50, 50, 50, 50, 50, 50, 50, 50, 50, 50, 50, 50, 50, 50, 50, 50, 50, 50, 50, 50, 50, 50, 50, 50, 50, 50, 50, 50, 50, 50, 50, 50, 50, 50, 50, 50, 50, 50, 50, 50, 50, 50, 50, 50, 50, 50, 50, 50, 50, 50, 50, 50, 50, 50, 50, 50, 50, 50, 50, 50, 50, 34, 50, 50, 50, 50, 50, 50, 49, 50, 50, 50, 50, 50, 50, 50, 18, 50, 47, 50, 50, 50, 50, 50, 50, 50, 50, 50, 50, 47, 19, 50, 50, 50, 50, 50, 50, 50, 50, 50, 50, 50, 50, 50, 50, 50, 50, 50, 50, 50, 50, 50, 50, 50, 50, 50], "episode_rewards": [-50.0, -50.0, -50.0, -50.0, -50.0, -50.0, -50.0, -50.0, -50.0, -50.0, -50.0, -50.0, -50.0, -50.0, -50.0, -50.0, -50.0, -50.0, -50.0, -50.0, -50.0, -50.0, -50.0, -50.0, -50.0, -50.0, -50.0, -50.0, -50.0, -50.0, -50.0, -50.0, -50.0, -50.0, -50.0, -50.0, -50.0, -50.0, -50.0, -50.0, -50.0, -50.0, -50.0, -50.0, -50.0, -50.0, -50.0, -50.0, -50.0, -50.0, -50.0, -50.0, -50.0, -50.0, -50.0, -50.0, -50.0, -50.0, -50.0, -50.0, -50.0, -50.0, -50.0, -50.0, -50.0, -50.0, -50.0, -50.0, -33.0, -50.0, -50.0, -50.0, -50.0, -50.0, -50.0, -48.0, -50.0, -50.0, -50.0, -50.0, -50.0, -50.0, -50.0, -17.0, -50.0, -46.0, -50.0, -50.0, -50.0, -50.0, -50.0, -50.0, -50.0, -50.0, -50.0, -50.0, -46.0, -18.0, -50.0, -50.0, -50.0, -50.0, -50.0, -50.0, -50.0, -50.0, -50.0, -50.0, -50.0, -50.0, -50.0, -50.0, -50.0, -50.0, -50.0, -50.0, -50.0, -50.0, -50.0, -50.0, -50.0, -50.0, -50.0], "episode_types": ["t", "t", "t", "t", "t", "t", "t", "t", "t", "t", "t", "t", "t", "t", "t", "t", "t", "t", "t", "t", "t", "t", "t", "t", "t", "t", "t", "t", "t", "t", "t", "t", "t", "t", "t", "t", "t", "t", "t", "t", "t", "t", "t", "t", "t", "t", "t", "t", "t", "t", "t", "t", "t", "t", "t", "t", "t", "t", "t", "t", "t", "t", "t", "t", "t", "t", "t", "t", "t", "t", "t", "t", "t", "t", "t", "t", "t", "t", "t", "t", "t", "t", "t", "t", "t", "t", "t", "t", "t", "t", "t", "t", "t", "t", "t", "t", "t", "t", "t", "t", "t", "t", "t", "t", "t", "t", "t", "t", "t", "t", "t", "t", "t", "t", "t", "t", "t", "t", "t", "t", "t", "t", "t"]}